"Horodateur","Dans quelle région habitez-vous ?","Dans quelle mesure êtes-vous d’accord avec l’affirmation suivante ? [Je regarde systématiquement l’origine géographique des produits alimentaires que j’achète.]","Dans quelle mesure êtes-vous d’accord avec l’affirmation suivante ? [Je suis attentif à la provenance des produits transformés, comme les plats cuisinés ou les biscuits.]","Dans quelle mesure êtes-vous d’accord avec l’affirmation suivante ? [Je suis capable de reconnaître un produit local à partir de son étiquette.]","Dans quelle mesure êtes-vous d’accord avec l’affirmation suivante ? [Je sais nommer plusieurs producteurs ou marques alimentaires locales que j’achète régulièrement.]","Dans quelle mesure êtes-vous d’accord avec l’affirmation suivante ? [Je privilégie les aliments produits à proximité, dans un rayon d’environ 100 km.]","Dans quelle mesure êtes-vous d’accord avec l’affirmation suivante ? [Je choisis souvent des produits étiquetés “local”, “régional” ou “origine France”.]","Dans quelle mesure êtes-vous d’accord avec l’affirmation suivante ? [J’évite d’acheter des fruits ou légumes provenant d’un autre continent.]","Dans quelle mesure êtes-vous d’accord avec l’affirmation suivante ? [Je fais un effort pour acheter des produits transformés localement, comme la charcuterie ou le pain.]","Dans quelle mesure êtes-vous d’accord avec l’affirmation suivante ? [J’achète régulièrement en AMAP, à la ferme ou via un drive fermier.]","Dans quelle mesure êtes-vous d’accord avec l’affirmation suivante ? [Je préfère acheter directement auprès du producteur quand c’est possible.]","Dans quelle mesure êtes-vous d’accord avec l’affirmation suivante ? [Je suis abonné(e) à un système de panier de producteurs locaux.]","Dans quelle mesure êtes-vous d’accord avec l’affirmation suivante ? [J’ai réduit mes achats en grande surface pour favoriser des circuits courts.]","Dans quelle mesure êtes-vous d’accord avec l’affirmation suivante ? [Je vais au marché au moins une fois par semaine.]","Dans quelle mesure êtes-vous d’accord avec l’affirmation suivante ? [Je préfère les petits commerces aux grandes surfaces pour mes courses alimentaires.]","Dans quelle mesure êtes-vous d’accord avec l’affirmation suivante ? [Je choisis mon lieu d’achat en fonction de la proximité avec la production.]","Dans quelle mesure êtes-vous d’accord avec l’affirmation suivante ? [Je connais les producteurs ou commerçants présents sur mon marché local.]","Dans quelle mesure êtes-vous d’accord avec l’affirmation suivante ? [Je connais des producteurs ou des acteurs alimentaires locaux de mon territoire.]","Dans quelle mesure êtes-vous d’accord avec l’affirmation suivante ? [Je sais quels types de produits sont fabriqués ou transformés dans ma région.]","Dans quelle mesure êtes-vous d’accord avec l’affirmation suivante ? [Je m’informe sur les enjeux alimentaires de mon territoire.]","Dans quelle mesure êtes-vous d’accord avec l’affirmation suivante ? [Je sais s’il existe une politique alimentaire locale portée par ma commune ou mon intercommunalité.]","Dans quelle mesure êtes-vous d’accord avec l’affirmation suivante ? [J’achète auprès de producteurs identifiés comme respectueux du territoire.]","Dans quelle mesure êtes-vous d’accord avec l’affirmation suivante ? [Je suis prêt(e) à payer un peu plus cher pour soutenir un producteur local.]","Dans quelle mesure êtes-vous d’accord avec l’affirmation suivante ? [Je parle autour de moi des producteurs ou produits locaux que je recommande.]","Dans quelle mesure êtes-vous d’accord avec l’affirmation suivante ? [J’ai déjà participé à une action de soutien direct à un producteur (visite, récolte, financement…).]","Dans quelle mesure êtes-vous d’accord avec l’affirmation suivante ? [Je sais quels fruits et légumes sont de saison en ce moment.]","Dans quelle mesure êtes-vous d’accord avec l’affirmation suivante ? [Je choisis mes produits alimentaires en fonction de leur saisonnalité.]","Dans quelle mesure êtes-vous d’accord avec l’affirmation suivante ? [J’évite d’acheter des produits “hors saison” importés, comme les tomates en hiver.]","Dans quelle mesure êtes-vous d’accord avec l’affirmation suivante ? [Je consulte des calendriers de saison pour planifier mes achats alimentaires.]","Dans quelle mesure êtes-vous d’accord avec l’affirmation suivante ? [Je fais attention à l’impact écologique des produits que j’achète.]","Dans quelle mesure êtes-vous d’accord avec l’affirmation suivante ? [Je limite mes achats de produits suremballés ou emballés individuellement.]","Dans quelle mesure êtes-vous d’accord avec l’affirmation suivante ? [Je privilégie les produits issus de l’agriculture biologique.]","Dans quelle mesure êtes-vous d’accord avec l’affirmation suivante ? [Je réduis ma consommation de viande issue d’élevage intensif.]","Dans quelle mesure êtes-vous d’accord avec l’affirmation suivante ? [Je considère que les produits locaux sont accessibles à mon budget.]","Dans quelle mesure êtes-vous d’accord avec l’affirmation suivante ? [J’ai adapté mes achats pour soutenir une alimentation locale sans augmenter mes dépenses.]","Dans quelle mesure êtes-vous d’accord avec l’affirmation suivante ? [Je connais des solutions locales qui permettent de mieux consommer sans payer plus.]","Dans quelle mesure êtes-vous d’accord avec l’affirmation suivante ? [Je peux facilement me procurer des produits locaux près de chez moi.]","Dans quelle mesure êtes-vous d’accord avec l’affirmation suivante ? [Je fais attention au prix lorsque je choisis des produits locaux.]","Dans quelle mesure êtes-vous d’accord avec l’affirmation suivante ? [Dans mon territoire, je sais où trouver des aides pour accéder à une alimentation de qualité.]","Dans quelle mesure êtes-vous d’accord avec l’affirmation suivante ? [J’ai déjà participé ou contribué à une épicerie solidaire, coopérative ou sociale.]","Dans quelle mesure êtes-vous d’accord avec l’affirmation suivante ? [Je soutiens des dispositifs alimentaires solidaires pour les personnes en difficulté (ex. dons, paniers suspendus…).]","Dans quelle mesure êtes-vous d’accord avec l’affirmation suivante ? [J’ai participé à un événement lié à l’alimentation locale, comme une fête, une conférence ou un débat.]","Dans quelle mesure êtes-vous d’accord avec l’affirmation suivante ? [Je fais du bénévolat ou j’apporte un soutien à une structure alimentaire locale.]","Dans quelle mesure êtes-vous d’accord avec l’affirmation suivante ? [Je recommande à mes proches de consommer localement.]","Dans quelle mesure êtes-vous d’accord avec l’affirmation suivante ? [Je partage ou transmets des informations concernant des producteurs ou initiatives locales.]","Dans quelle mesure êtes-vous d’accord avec l’affirmation suivante ? [Je pense que l’alimentation est un levier de transformation de la société.]","Dans quelle mesure êtes-vous d’accord avec l’affirmation suivante ? [Je vote ou milite pour des projets politiques qui défendent une alimentation plus territorialisée.]","Dans quelle mesure êtes-vous d’accord avec l’affirmation suivante ? [J’accorde de l’importance à la souveraineté alimentaire à l’échelle locale.]","Dans quelle mesure êtes-vous d’accord avec l’affirmation suivante ? [Je suis favorable à une meilleure prise en compte de l’alimentation dans les politiques publiques locales.]","Quel est aujourd’hui votre rapport à l’alimentation locale ?","Comment décririez-vous vos choix alimentaires ? (plusieurs réponses possibles)","Pour vous, consommer local, c’est surtout...","Diriez-vous que consommer local est aujourd’hui...","Qu’est-ce qui vous empêche aujourd’hui de consommer plus localement ? (cochez tout ce qui s’applique)","Parmi ces solutions, lesquelles faciliteraient un changement ?"
"2025/05/25 12:13:33 AM UTC+3","Bretagne","Plutôt d’accord","Plutôt pas d'accord","Tout à fait d’accord","Plutôt d’accord","Plutôt pas d'accord","Plutôt d’accord","Tout à fait d’accord","Tout à fait d’accord","Pas du tout d'accord","Pas du tout d'accord","Pas du tout d'accord","Pas du tout d'accord","Pas du tout d'accord","Pas du tout d'accord","Pas du tout d'accord","Pas du tout d'accord","Plutôt d’accord","Plutôt d’accord","Plutôt pas d'accord","Pas du tout d'accord","Pas du tout d'accord","Tout à fait d’accord","Pas du tout d'accord","Pas du tout d'accord","Plutôt d’accord","Plutôt d’accord","Tout à fait d’accord","Plutôt d’accord","Plutôt d’accord","Plutôt d’accord","Plutôt pas d'accord","Plutôt d’accord","Plutôt d’accord","Pas du tout d'accord","Pas du tout d'accord","Plutôt d’accord","Plutôt d’accord","Pas du tout d'accord","Pas du tout d'accord","Pas du tout d'accord","Pas du tout d'accord","Pas du tout d'accord","Plutôt d’accord","Pas du tout d'accord","Plutôt d’accord","Plutôt d’accord","Plutôt d’accord","Plutôt d’accord","J’y suis sensible, mais je n’agis pas beaucoup","Basés sur le goût;Basés sur le prix;Basés sur la qualité nutritionnelle;Basés sur l’impact environnemental","Soutenir les producteurs;Limiter son empreinte écologique","Un effort","Le manque d’habitude","Plus de liens avec les producteurs (visites, témoignages…)"
"2025/05/25 12:17:45 AM UTC+3","Bretagne","Ni d’accord ni pas d’accord (neutre)","Ni d’accord ni pas d’accord (neutre)","Plutôt d’accord","Plutôt d’accord","Ni d’accord ni pas d’accord (neutre)","Plutôt d’accord","Plutôt d’accord","Plutôt d’accord","Pas du tout d'accord","Plutôt d’accord","Pas du tout d'accord","Plutôt pas d'accord","Plutôt pas d'accord","Plutôt pas d'accord","Plutôt pas d'accord","Pas du tout d'accord","Plutôt pas d'accord","Plutôt d’accord","Plutôt d’accord","Ni d’accord ni pas d’accord (neutre)","Ni d’accord ni pas d’accord (neutre)","Tout à fait d’accord","Tout à fait d’accord","Tout à fait d’accord","Tout à fait d’accord","Plutôt d’accord","Tout à fait d’accord","Ni d’accord ni pas d’accord (neutre)","Plutôt d’accord","Tout à fait d’accord","Ni d’accord ni pas d’accord (neutre)","Plutôt d’accord","Plutôt pas d'accord","Plutôt pas d'accord","Ni d’accord ni pas d’accord (neutre)","Plutôt d’accord","Plutôt d’accord","Plutôt pas d'accord","Ni d’accord ni pas d’accord (neutre)","Plutôt pas d'accord","Plutôt d’accord","Plutôt d’accord","Plutôt d’accord","Plutôt d’accord","Plutôt d’accord","Ni d’accord ni pas d’accord (neutre)","Ni d’accord ni pas d’accord (neutre)","Plutôt d’accord","C’est important, mais ce n’est pas toujours simple","Basés sur le goût;Basés sur le prix;Basés sur la proximité géographique;Basés sur la qualité nutritionnelle;Basés sur l’impact environnemental;Basés sur la facilité d’accès","Soutenir les producteurs;Manger plus sainement;Limiter son empreinte écologique;S’ancrer dans un territoire;Réduire les intermédiaires","Un effort;Une démarche que j’admire sans suivre","Le prix;Le manque de temps;Le manque d’habitude","Plus d’événements ou d’animations sur l’alimentation locale;Plus d’offres en ligne / en livraison;Plus de liens avec les producteurs (visites, témoignages…)"
"2025/05/25 12:19:04 AM UTC+3","Occitanie","Tout à fait d’accord","Tout à fait d’accord","Tout à fait d’accord","Plutôt d’accord","Tout à fait d’accord","Tout à fait d’accord","Tout à fait d’accord","Tout à fait d’accord","Plutôt d’accord","Tout à fait d’accord","Pas du tout d'accord","Tout à fait d’accord","Tout à fait d’accord","Tout à fait d’accord","Ni d’accord ni pas d’accord (neutre)","Plutôt d’accord","Tout à fait d’accord","Tout à fait d’accord","Tout à fait d’accord","Pas du tout d'accord","Tout à fait d’accord","Tout à fait d’accord","Tout à fait d’accord","Tout à fait d’accord","Tout à fait d’accord","Tout à fait d’accord","Tout à fait d’accord","Tout à fait d’accord","Tout à fait d’accord","Tout à fait d’accord","Tout à fait d’accord","Tout à fait d’accord","Tout à fait d’accord","Tout à fait d’accord","Tout à fait d’accord","Tout à fait d’accord","Tout à fait d’accord","Tout à fait d’accord","Tout à fait d’accord","Tout à fait d’accord","Tout à fait d’accord","Pas du tout d'accord","Tout à fait d’accord","Tout à fait d’accord","Tout à fait d’accord","Tout à fait d’accord","Tout à fait d’accord","Tout à fait d’accord","C’est important, mais ce n’est pas toujours simple","Basés sur le prix;Basés sur la proximité géographique;Basés sur la qualité nutritionnelle;Basés sur l’impact environnemental","Soutenir les producteurs;Manger plus sainement;Limiter son empreinte écologique;S’ancrer dans un territoire","Un réflexe","Le prix","Meilleure signalétique des produits locaux;Aides financières (chèques alimentation, épiceries solidaires…);Plus de liens avec les producteurs (visites, témoignages…)"
"2025/05/25 12:19:29 AM UTC+3","Occitanie","Tout à fait d’accord","Tout à fait d’accord","Tout à fait d’accord","Tout à fait d’accord","Plutôt d’accord","Tout à fait d’accord","Tout à fait d’accord","Tout à fait d’accord","Ni d’accord ni pas d’accord (neutre)","Tout à fait d’accord","Ni d’accord ni pas d’accord (neutre)","Tout à fait d’accord","Tout à fait d’accord","Plutôt d’accord","Plutôt d’accord","Ni d’accord ni pas d’accord (neutre)","Plutôt pas d'accord","Plutôt pas d'accord","Plutôt pas d'accord","Plutôt pas d'accord","Plutôt pas d'accord","Ni d’accord ni pas d’accord (neutre)","Ni d’accord ni pas d’accord (neutre)","Plutôt pas d'accord","Ni d’accord ni pas d’accord (neutre)","Ni d’accord ni pas d’accord (neutre)","Ni d’accord ni pas d’accord (neutre)","Ni d’accord ni pas d’accord (neutre)","Ni d’accord ni pas d’accord (neutre)","Plutôt pas d'accord","Pas du tout d'accord","Pas du tout d'accord","Plutôt d’accord","Plutôt d’accord","Tout à fait d’accord","Plutôt d’accord","Plutôt d’accord","Plutôt d’accord","Ni d’accord ni pas d’accord (neutre)","Plutôt d’accord","Tout à fait d’accord","Ni d’accord ni pas d’accord (neutre)","Tout à fait d’accord","Tout à fait d’accord","Tout à fait d’accord","Plutôt d’accord","Tout à fait d’accord","Tout à fait d’accord","C’est central pour moi, je fais beaucoup d’efforts","Basés sur le prix;Basés sur la proximité géographique;Basés sur la qualité nutritionnelle","Soutenir les producteurs;Manger plus sainement;Limiter son empreinte écologique;S’ancrer dans un territoire;Réduire les intermédiaires","Un réflexe","Le prix;Le manque d’offre proche","Plus d’événements ou d’animations sur l’alimentation locale;Plus d’offres en ligne / en livraison"
"2025/05/25 12:20:51 AM UTC+3","Île-de-France","Plutôt pas d'accord","Plutôt pas d'accord","Plutôt d’accord","Plutôt pas d'accord","Plutôt pas d'accord","Plutôt pas d'accord","Plutôt pas d'accord","Plutôt d’accord","Pas du tout d'accord","Plutôt pas d'accord","Pas du tout d'accord","Pas du tout d'accord","Tout à fait d’accord","Plutôt pas d'accord","Plutôt pas d'accord","Plutôt pas d'accord","Pas du tout d'accord","Plutôt pas d'accord","Plutôt pas d'accord","Plutôt pas d'accord","Plutôt pas d'accord","Ni d’accord ni pas d’accord (neutre)","Plutôt pas d'accord","Pas du tout d'accord","Plutôt d’accord","Plutôt d’accord","Plutôt d’accord","Ni d’accord ni pas d’accord (neutre)","Ni d’accord ni pas d’accord (neutre)","Plutôt d’accord","Plutôt d’accord","Plutôt d’accord","Plutôt pas d'accord","Pas du tout d'accord","Pas du tout d'accord","Plutôt pas d'accord","Tout à fait d’accord","Plutôt d’accord","Plutôt pas d'accord","Plutôt d’accord","Pas du tout d'accord","Pas du tout d'accord","Plutôt pas d'accord","Pas du tout d'accord","Plutôt d’accord","Ni d’accord ni pas d’accord (neutre)","Plutôt d’accord","Plutôt d’accord","J’y suis sensible, mais je n’agis pas beaucoup","Basés sur le goût;Basés sur le prix;Basés sur la qualité nutritionnelle;Basés sur la facilité d’accès","Manger plus sainement;S’ancrer dans un territoire;Faire un acte politique","Un effort;Un idéal inaccessible;Une démarche que j’admire sans suivre","Le prix;Le manque d’offre proche;Le manque de temps;Le manque d’habitude","Meilleure signalétique des produits locaux;Aides financières (chèques alimentation, épiceries solidaires…);Plus d’événements ou d’animations sur l’alimentation locale"
"2025/05/25 12:21:27 AM UTC+3","Nouvelle-Aquitaine","Plutôt d’accord","Plutôt d’accord","Plutôt d’accord","Ni d’accord ni pas d’accord (neutre)","Plutôt d’accord","Plutôt d’accord","Ni d’accord ni pas d’accord (neutre)","Plutôt d’accord","Plutôt pas d'accord","Plutôt d’accord","Plutôt pas d'accord","Plutôt pas d'accord","Plutôt d’accord","Ni d’accord ni pas d’accord (neutre)","Plutôt pas d'accord","Ni d’accord ni pas d’accord (neutre)","Ni d’accord ni pas d’accord (neutre)","Plutôt d’accord","Plutôt d’accord","Plutôt pas d'accord","Plutôt pas d'accord","Plutôt d’accord","Ni d’accord ni pas d’accord (neutre)","Plutôt d’accord","Tout à fait d’accord","Tout à fait d’accord","Tout à fait d’accord","Tout à fait d’accord","Plutôt d’accord","Plutôt d’accord","Plutôt d’accord","Plutôt d’accord","Plutôt pas d'accord","Plutôt pas d'accord","Plutôt pas d'accord","Plutôt d’accord","Plutôt d’accord","Plutôt pas d'accord","Plutôt pas d'accord","Plutôt pas d'accord","Plutôt d’accord","Plutôt pas d'accord","Plutôt d’accord","Plutôt pas d'accord","Plutôt d’accord","Plutôt d’accord","Plutôt d’accord","Plutôt d’accord","J’y suis sensible, mais je n’agis pas beaucoup","Basés sur le goût;Basés sur le prix;Basés sur la proximité géographique;Basés sur la qualité nutritionnelle;Basés sur l’impact environnemental;Basés sur la facilité d’accès","Soutenir les producteurs;Manger plus sainement;Limiter son empreinte écologique;S’ancrer dans un territoire;Réduire les intermédiaires;Faire un acte politique","Un réflexe","Le prix;Le manque d’information claire","Meilleure signalétique des produits locaux;Plus de liens avec les producteurs (visites, témoignages…)"
"2025/05/25 12:21:55 AM UTC+3","Bretagne","Plutôt d’accord","Plutôt d’accord","Plutôt d’accord","Plutôt d’accord","Ni d’accord ni pas d’accord (neutre)","Plutôt d’accord","Tout à fait d’accord","Plutôt d’accord","Plutôt pas d'accord","Ni d’accord ni pas d’accord (neutre)","Pas du tout d'accord","Plutôt pas d'accord","Pas du tout d'accord","Plutôt pas d'accord","Plutôt pas d'accord","Plutôt d’accord","Plutôt d’accord","Plutôt d’accord","Plutôt pas d'accord","Plutôt pas d'accord","Ni d’accord ni pas d’accord (neutre)","Plutôt d’accord","Plutôt pas d'accord","Pas du tout d'accord","Tout à fait d’accord","Plutôt d’accord","Tout à fait d’accord","Plutôt d’accord","Plutôt d’accord","Plutôt d’accord","Plutôt d’accord","Plutôt d’accord","Plutôt d’accord","Ni d’accord ni pas d’accord (neutre)","Plutôt d’accord","Tout à fait d’accord","Plutôt d’accord","Plutôt pas d'accord","Pas du tout d'accord","Pas du tout d'accord","Plutôt pas d'accord","Pas du tout d'accord","Ni d’accord ni pas d’accord (neutre)","Plutôt pas d'accord","Plutôt d’accord","Plutôt pas d'accord","Ni d’accord ni pas d’accord (neutre)","Plutôt d’accord","C’est important, mais ce n’est pas toujours simple","Basés sur le goût;Basés sur le prix;Basés sur la proximité géographique;Basés sur la facilité d’accès","Soutenir les producteurs;Limiter son empreinte écologique;Réduire les intermédiaires","Un effort","Le prix;Le manque de temps;Le manque d’habitude","Meilleure signalétique des produits locaux;Plus d’événements ou d’animations sur l’alimentation locale"
"2025/05/25 12:24:42 AM UTC+3","Pays de la Loire","Plutôt pas d'accord","Pas du tout d'accord","Ni d’accord ni pas d’accord (neutre)","Plutôt pas d'accord","Plutôt pas d'accord","Pas du tout d'accord","Plutôt d’accord","Pas du tout d'accord","Pas du tout d'accord","Pas du tout d'accord","Pas du tout d'accord","Pas du tout d'accord","Pas du tout d'accord","Pas du tout d'accord","Pas du tout d'accord","Pas du tout d'accord","Ni d’accord ni pas d’accord (neutre)","Ni d’accord ni pas d’accord (neutre)","Pas du tout d'accord","Pas du tout d'accord","Pas du tout d'accord","Plutôt pas d'accord","Pas du tout d'accord","Pas du tout d'accord","Plutôt d’accord","Plutôt d’accord","Plutôt d’accord","Pas du tout d'accord","Pas du tout d'accord","Ni d’accord ni pas d’accord (neutre)","Pas du tout d'accord","Pas du tout d'accord","Plutôt pas d'accord","Pas du tout d'accord","Pas du tout d'accord","Plutôt d’accord","Plutôt d’accord","Pas du tout d'accord","Pas du tout d'accord","Pas du tout d'accord","Pas du tout d'accord","Pas du tout d'accord","Pas du tout d'accord","Pas du tout d'accord","Ni d’accord ni pas d’accord (neutre)","Pas du tout d'accord","Ni d’accord ni pas d’accord (neutre)","Ni d’accord ni pas d’accord (neutre)","J’y suis sensible, mais je n’agis pas beaucoup","Basés sur le goût;Basés sur le prix;Basés sur la facilité d’accès","Soutenir les producteurs;Limiter son empreinte écologique;Réduire les intermédiaires","Une démarche que j’admire sans suivre","Le prix;Le manque d’habitude","Aides financières (chèques alimentation, épiceries solidaires…)"
"2025/05/25 12:24:59 AM UTC+3","Auvergne-Rhône-Alpes","Plutôt pas d'accord","Plutôt d’accord","Plutôt d’accord","Plutôt pas d'accord","Plutôt d’accord","Plutôt d’accord","Plutôt d’accord","Plutôt d’accord","Pas du tout d'accord","Plutôt d’accord","Pas du tout d'accord","Pas du tout d'accord","Pas du tout d'accord","Pas du tout d'accord","Plutôt d’accord","Pas du tout d'accord","Plutôt pas d'accord","Plutôt pas d'accord","Ni d’accord ni pas d’accord (neutre)","Plutôt pas d'accord","Plutôt d’accord","Plutôt d’accord","Plutôt d’accord","Plutôt pas d'accord","Plutôt pas d'accord","Plutôt pas d'accord","Plutôt d’accord","Plutôt pas d'accord","Plutôt d’accord","Plutôt d’accord","Plutôt d’accord","Plutôt pas d'accord","Plutôt pas d'accord","Plutôt pas d'accord","Plutôt pas d'accord","Plutôt pas d'accord","Plutôt d’accord","Plutôt pas d'accord","Pas du tout d'accord","Pas du tout d'accord","Ni d’accord ni pas d’accord (neutre)","Plutôt pas d'accord","Plutôt d’accord","Plutôt d’accord","Tout à fait d’accord","Plutôt d’accord","Ni d’accord ni pas d’accord (neutre)","Plutôt d’accord","C’est important, mais ce n’est pas toujours simple","Basés sur le goût;Basés sur le prix;Basés sur l’impact environnemental;Basés sur la facilité d’accès","Soutenir les producteurs;Manger plus sainement;Limiter son empreinte écologique","Un effort;Un idéal inaccessible","Le prix;Le manque d’information claire;Le manque de temps","Meilleure signalétique des produits locaux;Aides financières (chèques alimentation, épiceries solidaires…);Plus d’événements ou d’animations sur l’alimentation locale;Plus d’offres en ligne / en livraison;Plus de liens avec les producteurs (visites, témoignages…)"
"2025/05/25 12:32:14 AM UTC+3","Corse","Plutôt d’accord","Ni d’accord ni pas d’accord (neutre)","Plutôt pas d'accord","Pas du tout d'accord","Plutôt d’accord","Tout à fait d’accord","Tout à fait d’accord","Plutôt d’accord","Pas du tout d'accord","Plutôt d’accord","Pas du tout d'accord","Plutôt d’accord","Pas du tout d'accord","Ni d’accord ni pas d’accord (neutre)","Plutôt d’accord","Pas du tout d'accord","Pas du tout d'accord","Plutôt d’accord","Ni d’accord ni pas d’accord (neutre)","Ni d’accord ni pas d’accord (neutre)","Ni d’accord ni pas d’accord (neutre)","Tout à fait d’accord","Ni d’accord ni pas d’accord (neutre)","Pas du tout d'accord","Plutôt d’accord","Tout à fait d’accord","Tout à fait d’accord","Tout à fait d’accord","Plutôt d’accord","Tout à fait d’accord","Plutôt d’accord","Tout à fait d’accord","Plutôt pas d'accord","Ni d’accord ni pas d’accord (neutre)","Ni d’accord ni pas d’accord (neutre)","Plutôt pas d'accord","Ni d’accord ni pas d’accord (neutre)","Pas du tout d'accord","Plutôt d’accord","Ni d’accord ni pas d’accord (neutre)","Plutôt d’accord","Pas du tout d'accord","Plutôt d’accord","Ni d’accord ni pas d’accord (neutre)","Tout à fait d’accord","Ni d’accord ni pas d’accord (neutre)","Plutôt pas d'accord","Plutôt d’accord","C’est important, mais ce n’est pas toujours simple","Basés sur le prix;Basés sur la proximité géographique;Basés sur l’impact environnemental","Soutenir les producteurs;Limiter son empreinte écologique;S’ancrer dans un territoire;Réduire les intermédiaires","Un effort","Le prix;Je ne sais pas où chercher","Meilleure signalétique des produits locaux"
"2025/05/25 12:33:33 AM UTC+3","Bretagne","Plutôt d’accord","Plutôt d’accord","Plutôt d’accord","Ni d’accord ni pas d’accord (neutre)","Tout à fait d’accord","Tout à fait d’accord","Plutôt d’accord","Plutôt d’accord","Ni d’accord ni pas d’accord (neutre)","Ni d’accord ni pas d’accord (neutre)","Plutôt pas d'accord","Ni d’accord ni pas d’accord (neutre)","Pas du tout d'accord","Ni d’accord ni pas d’accord (neutre)","Plutôt pas d'accord","Pas du tout d'accord","Plutôt pas d'accord","Plutôt d’accord","Plutôt pas d'accord","Pas du tout d'accord","Plutôt pas d'accord","Tout à fait d’accord","Tout à fait d’accord","Pas du tout d'accord","Plutôt d’accord","Plutôt d’accord","Tout à fait d’accord","Ni d’accord ni pas d’accord (neutre)","Ni d’accord ni pas d’accord (neutre)","Tout à fait d’accord","Plutôt pas d'accord","Ni d’accord ni pas d’accord (neutre)","Ni d’accord ni pas d’accord (neutre)","Ni d’accord ni pas d’accord (neutre)","Ni d’accord ni pas d’accord (neutre)","Tout à fait d’accord","Plutôt d’accord","Plutôt pas d'accord","Plutôt d’accord","Pas du tout d'accord","Ni d’accord ni pas d’accord (neutre)","Pas du tout d'accord","Plutôt d’accord","Ni d’accord ni pas d’accord (neutre)","Plutôt d’accord","Plutôt pas d'accord","Plutôt d’accord","Plutôt d’accord","C’est important, mais ce n’est pas toujours simple","Basés sur le goût;Basés sur le prix;Basés sur la proximité géographique;Basés sur la qualité nutritionnelle;Basés sur l’impact environnemental","Soutenir les producteurs;Réduire les intermédiaires;Bénéficier de produits de meilleure qualité organoleptique (goût et texture)","Un effort","Le prix;Le manque de temps","Meilleure signalétique des produits locaux;Plus d’événements ou d’animations sur l’alimentation locale;Plus de liens avec les producteurs (visites, témoignages…)"
"2025/05/25 12:36:35 AM UTC+3","Bourgogne-Franche-Comté","Plutôt d’accord","Plutôt d’accord","Ni d’accord ni pas d’accord (neutre)","Tout à fait d’accord","Tout à fait d’accord","Tout à fait d’accord","Plutôt d’accord","Tout à fait d’accord","Tout à fait d’accord","Tout à fait d’accord","Pas du tout d'accord","Plutôt pas d'accord","Pas du tout d'accord","Plutôt d’accord","Pas du tout d'accord","Plutôt d’accord","Plutôt d’accord","Tout à fait d’accord","Tout à fait d’accord","Tout à fait d’accord","Tout à fait d’accord","Tout à fait d’accord","Tout à fait d’accord","Tout à fait d’accord","Plutôt d’accord","Tout à fait d’accord","Plutôt pas d'accord","Pas du tout d'accord","Tout à fait d’accord","Tout à fait d’accord","Tout à fait d’accord","Tout à fait d’accord","Pas du tout d'accord","Tout à fait d’accord","Plutôt pas d'accord","Tout à fait d’accord","Tout à fait d’accord","Pas du tout d'accord","Pas du tout d'accord","Plutôt pas d'accord","Tout à fait d’accord","Tout à fait d’accord","Tout à fait d’accord","Tout à fait d’accord","Tout à fait d’accord","Tout à fait d’accord","Ni d’accord ni pas d’accord (neutre)","Tout à fait d’accord","C’est important, mais ce n’est pas toujours simple","Basés sur le goût;Basés sur le prix;Basés sur la proximité géographique;Basés sur la qualité nutritionnelle;Basés sur l’impact environnemental","Soutenir les producteurs;Limiter son empreinte écologique;Réduire les intermédiaires","Un effort;Une contrainte","Le prix;Le manque d’offre proche;Le manque de temps;Le manque d’habitude","Meilleure signalétique des produits locaux;Aides financières (chèques alimentation, épiceries solidaires…);Plus d’événements ou d’animations sur l’alimentation locale;Plus d’offres en ligne / en livraison"
"2025/05/25 12:39:07 AM UTC+3","Occitanie","Plutôt pas d'accord","Ni d’accord ni pas d’accord (neutre)","Plutôt pas d'accord","Pas du tout d'accord","Plutôt d’accord","Tout à fait d’accord","Plutôt d’accord","Plutôt d’accord","Pas du tout d'accord","Ni d’accord ni pas d’accord (neutre)","Pas du tout d'accord","Ni d’accord ni pas d’accord (neutre)","Pas du tout d'accord","Plutôt d’accord","Pas du tout d'accord","Pas du tout d'accord","Pas du tout d'accord","Plutôt pas d'accord","Plutôt d’accord","Plutôt d’accord","Plutôt pas d'accord","Tout à fait d’accord","Pas du tout d'accord","Pas du tout d'accord","Ni d’accord ni pas d’accord (neutre)","Plutôt pas d'accord","Plutôt pas d'accord","Pas du tout d'accord","Plutôt d’accord","Tout à fait d’accord","Tout à fait d’accord","Tout à fait d’accord","Plutôt d’accord","Ni d’accord ni pas d’accord (neutre)","Pas du tout d'accord","Pas du tout d'accord","Ni d’accord ni pas d’accord (neutre)","Pas du tout d'accord","Pas du tout d'accord","Ni d’accord ni pas d’accord (neutre)","Pas du tout d'accord","Pas du tout d'accord","Ni d’accord ni pas d’accord (neutre)","Pas du tout d'accord","Tout à fait d’accord","Plutôt d’accord","Plutôt d’accord","Tout à fait d’accord","J’y suis sensible, mais je n’agis pas beaucoup","Basés sur la qualité nutritionnelle","Soutenir les producteurs;Manger plus sainement;Réduire les intermédiaires","Un idéal inaccessible","Le manque d’offre proche;Le manque d’information claire;Je ne sais pas où chercher","Meilleure signalétique des produits locaux;Aides financières (chèques alimentation, épiceries solidaires…);Plus d’offres en ligne / en livraison;Plus de liens avec les producteurs (visites, témoignages…)"
"2025/05/25 12:39:08 AM UTC+3","Occitanie","Plutôt pas d'accord","Plutôt pas d'accord","Plutôt d’accord","Ni d’accord ni pas d’accord (neutre)","Plutôt pas d'accord","Ni d’accord ni pas d’accord (neutre)","Plutôt pas d'accord","Ni d’accord ni pas d’accord (neutre)","Pas du tout d'accord","Plutôt d’accord","Pas du tout d'accord","Ni d’accord ni pas d’accord (neutre)","Pas du tout d'accord","Plutôt pas d'accord","Plutôt pas d'accord","Pas du tout d'accord","Pas du tout d'accord","Plutôt pas d'accord","Pas du tout d'accord","Pas du tout d'accord","Ni d’accord ni pas d’accord (neutre)","Plutôt d’accord","Plutôt d’accord","Pas du tout d'accord","Plutôt d’accord","Plutôt d’accord","Plutôt d’accord","Plutôt d’accord","Plutôt d’accord","Tout à fait d’accord","Tout à fait d’accord","Tout à fait d’accord","Ni d’accord ni pas d’accord (neutre)","Plutôt pas d'accord","Plutôt pas d'accord","Plutôt d’accord","Plutôt d’accord","Plutôt d’accord","Pas du tout d'accord","Ni d’accord ni pas d’accord (neutre)","Pas du tout d'accord","Pas du tout d'accord","Ni d’accord ni pas d’accord (neutre)","Plutôt d’accord","Plutôt d’accord","Plutôt d’accord","Plutôt d’accord","Plutôt d’accord","J’y suis sensible, mais je n’agis pas beaucoup","Basés sur le prix;Basés sur la qualité nutritionnelle","Soutenir les producteurs;Limiter son empreinte écologique","Un objectif","Le prix;Le manque d’offre proche;Le manque de temps;Le manque d’habitude;Je ne sais pas où chercher","Meilleure signalétique des produits locaux;Aides financières (chèques alimentation, épiceries solidaires…)"
"2025/05/25 12:40:00 AM UTC+3","Auvergne-Rhône-Alpes","Ni d’accord ni pas d’accord (neutre)","Plutôt pas d'accord","Plutôt d’accord","Plutôt d’accord","Ni d’accord ni pas d’accord (neutre)","Plutôt d’accord","Tout à fait d’accord","Plutôt pas d'accord","Plutôt pas d'accord","Plutôt d’accord","Plutôt pas d'accord","Plutôt pas d'accord","Plutôt d’accord","Plutôt pas d'accord","Plutôt pas d'accord","Plutôt d’accord","Ni d’accord ni pas d’accord (neutre)","Plutôt d’accord","Plutôt d’accord","Plutôt pas d'accord","Plutôt d’accord","Tout à fait d’accord","Tout à fait d’accord","Tout à fait d’accord","Tout à fait d’accord","Tout à fait d’accord","Plutôt d’accord","Ni d’accord ni pas d’accord (neutre)","Plutôt d’accord","Tout à fait d’accord","Ni d’accord ni pas d’accord (neutre)","Tout à fait d’accord","Plutôt pas d'accord","Plutôt pas d'accord","Pas du tout d'accord","Tout à fait d’accord","Plutôt d’accord","Pas du tout d'accord","Plutôt d’accord","Pas du tout d'accord","Tout à fait d’accord","Plutôt d’accord","Plutôt d’accord","Ni d’accord ni pas d’accord (neutre)","Plutôt d’accord","Ni d’accord ni pas d’accord (neutre)","Ni d’accord ni pas d’accord (neutre)","Ni d’accord ni pas d’accord (neutre)","C’est important, mais ce n’est pas toujours simple","Basés sur le goût;Basés sur le prix;Basés sur la proximité géographique;Basés sur l’impact environnemental","Soutenir les producteurs;Manger plus sainement;Limiter son empreinte écologique","Un effort","Le prix;Le manque d’information claire","Meilleure signalétique des produits locaux;Aides financières (chèques alimentation, épiceries solidaires…);Plus de liens avec les producteurs (visites, témoignages…)"
"2025/05/25 12:42:44 AM UTC+3","Pays de la Loire","Plutôt pas d'accord","Plutôt d’accord","Plutôt pas d'accord","Pas du tout d'accord","Pas du tout d'accord","Plutôt pas d'accord","Plutôt d’accord","Pas du tout d'accord","Pas du tout d'accord","Pas du tout d'accord","Pas du tout d'accord","Pas du tout d'accord","Pas du tout d'accord","Pas du tout d'accord","Pas du tout d'accord","Pas du tout d'accord","Pas du tout d'accord","Ni d’accord ni pas d’accord (neutre)","Plutôt pas d'accord","Pas du tout d'accord","Pas du tout d'accord","Plutôt pas d'accord","Pas du tout d'accord","Pas du tout d'accord","Tout à fait d’accord","Tout à fait d’accord","Tout à fait d’accord","Plutôt d’accord","Pas du tout d'accord","Pas du tout d'accord","Pas du tout d'accord","Pas du tout d'accord","Plutôt pas d'accord","Pas du tout d'accord","Pas du tout d'accord","Pas du tout d'accord","Plutôt d’accord","Pas du tout d'accord","Pas du tout d'accord","Pas du tout d'accord","Pas du tout d'accord","Pas du tout d'accord","Pas du tout d'accord","Pas du tout d'accord","Plutôt d’accord","Pas du tout d'accord","Plutôt d’accord","Ni d’accord ni pas d’accord (neutre)","J’y suis sensible, mais je n’agis pas beaucoup","Basés sur le goût;Basés sur le prix","Soutenir les producteurs;Manger plus sainement;Limiter son empreinte écologique;S’ancrer dans un territoire","Un effort;Une démarche que j’admire sans suivre","Le prix;Le manque d’offre proche;Le manque d’information claire","Meilleure signalétique des produits locaux;Aides financières (chèques alimentation, épiceries solidaires…);Plus d’événements ou d’animations sur l’alimentation locale"
"2025/05/25 12:47:36 AM UTC+3","Hauts-de-France","Plutôt pas d'accord","Plutôt pas d'accord","Ni d’accord ni pas d’accord (neutre)","Plutôt d’accord","Plutôt pas d'accord","Ni d’accord ni pas d’accord (neutre)","Ni d’accord ni pas d’accord (neutre)","Plutôt pas d'accord","Plutôt pas d'accord","Plutôt d’accord","Pas du tout d'accord","Plutôt pas d'accord","Plutôt d’accord","Plutôt pas d'accord","Plutôt pas d'accord","Plutôt d’accord","Pas du tout d'accord","Plutôt pas d'accord","Pas du tout d'accord","Pas du tout d'accord","Plutôt pas d'accord","Plutôt d’accord","Pas du tout d'accord","Tout à fait d’accord","Ni d’accord ni pas d’accord (neutre)","Ni d’accord ni pas d’accord (neutre)","Plutôt d’accord","Pas du tout d'accord","Plutôt d’accord","Ni d’accord ni pas d’accord (neutre)","Ni d’accord ni pas d’accord (neutre)","Plutôt d’accord","Ni d’accord ni pas d’accord (neutre)","Plutôt pas d'accord","Pas du tout d'accord","Plutôt pas d'accord","Plutôt pas d'accord","Pas du tout d'accord","Ni d’accord ni pas d’accord (neutre)","Plutôt pas d'accord","Pas du tout d'accord","Pas du tout d'accord","Pas du tout d'accord","Pas du tout d'accord","Ni d’accord ni pas d’accord (neutre)","Pas du tout d'accord","Plutôt pas d'accord","Plutôt d’accord","J’y suis sensible, mais je n’agis pas beaucoup","Basés sur le goût;Basés sur le prix","Manger plus sainement","Un idéal inaccessible","Le manque d’offre proche;Le manque d’information claire","Plus d’offres en ligne / en livraison;Plus de liens avec les producteurs (visites, témoignages…)"
"2025/05/25 12:59:09 AM UTC+3","Hauts-de-France","Pas du tout d'accord","Pas du tout d'accord","Plutôt pas d'accord","Plutôt pas d'accord","Plutôt pas d'accord","Ni d’accord ni pas d’accord (neutre)","Pas du tout d'accord","Plutôt pas d'accord","Pas du tout d'accord","Ni d’accord ni pas d’accord (neutre)","Pas du tout d'accord","Plutôt pas d'accord","Plutôt pas d'accord","Ni d’accord ni pas d’accord (neutre)","Pas du tout d'accord","Ni d’accord ni pas d’accord (neutre)","Ni d’accord ni pas d’accord (neutre)","Plutôt pas d'accord","Plutôt pas d'accord","Plutôt pas d'accord","Plutôt pas d'accord","Ni d’accord ni pas d’accord (neutre)","Plutôt pas d'accord","Pas du tout d'accord","Plutôt d’accord","Ni d’accord ni pas d’accord (neutre)","Plutôt pas d'accord","Ni d’accord ni pas d’accord (neutre)","Plutôt d’accord","Pas du tout d'accord","Ni d’accord ni pas d’accord (neutre)","Plutôt d’accord","Ni d’accord ni pas d’accord (neutre)","Ni d’accord ni pas d’accord (neutre)","Plutôt pas d'accord","Plutôt pas d'accord","Tout à fait d’accord","Plutôt pas d'accord","Plutôt pas d'accord","Plutôt pas d'accord","Ni d’accord ni pas d’accord (neutre)","Pas du tout d'accord","Pas du tout d'accord","","Plutôt d’accord","Pas du tout d'accord","Pas du tout d'accord","Tout à fait d’accord","J’y suis sensible, mais je n’agis pas beaucoup","Basés sur le prix;Basés sur la facilité d’accès","Soutenir les producteurs;Manger plus sainement;Limiter son empreinte écologique;S’ancrer dans un territoire","Un effort;Un idéal inaccessible;Une contrainte","Le prix;Le manque d’offre proche;Je ne sais pas où chercher","Meilleure signalétique des produits locaux;Plus d’offres en ligne / en livraison"
"2025/05/25 1:02:46 AM UTC+3","Île-de-France","Tout à fait d’accord","Plutôt pas d'accord","Tout à fait d’accord","Plutôt d’accord","Plutôt d’accord","Tout à fait d’accord","Plutôt d’accord","Tout à fait d’accord","Plutôt pas d'accord","Tout à fait d’accord","Pas du tout d'accord","Tout à fait d’accord","Plutôt pas d'accord","Tout à fait d’accord","Tout à fait d’accord","Ni d’accord ni pas d’accord (neutre)","Ni d’accord ni pas d’accord (neutre)","Plutôt d’accord","Plutôt d’accord","Ni d’accord ni pas d’accord (neutre)","Plutôt d’accord","Tout à fait d’accord","Tout à fait d’accord","Plutôt pas d'accord","Tout à fait d’accord","Tout à fait d’accord","Tout à fait d’accord","Tout à fait d’accord","Plutôt d’accord","Tout à fait d’accord","Tout à fait d’accord","Tout à fait d’accord","Tout à fait d’accord","Ni d’accord ni pas d’accord (neutre)","Plutôt pas d'accord","Tout à fait d’accord","Plutôt pas d'accord","Pas du tout d'accord","Pas du tout d'accord","Ni d’accord ni pas d’accord (neutre)","Plutôt d’accord","Plutôt pas d'accord","Tout à fait d’accord","Plutôt d’accord","Tout à fait d’accord","Tout à fait d’accord","Tout à fait d’accord","Tout à fait d’accord","C’est central pour moi, je fais beaucoup d’efforts","Basés sur le goût;Basés sur la proximité géographique;Basés sur la qualité nutritionnelle","Soutenir les producteurs;Manger plus sainement;Limiter son empreinte écologique;S’ancrer dans un territoire;Réduire les intermédiaires;Faire un acte politique;Manger des choses qui ont généralement bien meilleur goût !","Un réflexe","Aucun obstacle particulier","Meilleure signalétique des produits locaux;Aides financières (chèques alimentation, épiceries solidaires…);Plus d’événements ou d’animations sur l’alimentation locale;Plus de liens avec les producteurs (visites, témoignages…)"
"2025/05/25 1:11:39 AM UTC+3","Centre-Val de Loire","Pas du tout d'accord","Pas du tout d'accord","Tout à fait d’accord","Ni d’accord ni pas d’accord (neutre)","Pas du tout d'accord","Plutôt pas d'accord","Pas du tout d'accord","Pas du tout d'accord","Pas du tout d'accord","Tout à fait d’accord","Pas du tout d'accord","Pas du tout d'accord","Pas du tout d'accord","Pas du tout d'accord","Pas du tout d'accord","Plutôt pas d'accord","Tout à fait d’accord","Tout à fait d’accord","Pas du tout d'accord","Pas du tout d'accord","Pas du tout d'accord","Tout à fait d’accord","Tout à fait d’accord","Plutôt d’accord","Tout à fait d’accord","Ni d’accord ni pas d’accord (neutre)","Ni d’accord ni pas d’accord (neutre)","Pas du tout d'accord","Pas du tout d'accord","Pas du tout d'accord","Pas du tout d'accord","Pas du tout d'accord","Pas du tout d'accord","Pas du tout d'accord","Pas du tout d'accord","Ni d’accord ni pas d’accord (neutre)","Tout à fait d’accord","Pas du tout d'accord","Pas du tout d'accord","Ni d’accord ni pas d’accord (neutre)","Pas du tout d'accord","Pas du tout d'accord","Pas du tout d'accord","Ni d’accord ni pas d’accord (neutre)","Tout à fait d’accord","Tout à fait d’accord","Plutôt d’accord","Plutôt d’accord","J’y suis sensible, mais je n’agis pas beaucoup","Basés sur le goût;Basés sur le prix;Basés sur la qualité nutritionnelle","Soutenir les producteurs;Manger plus sainement;Limiter son empreinte écologique;Réduire les intermédiaires","Un idéal inaccessible","Le prix","Meilleure signalétique des produits locaux;Aides financières (chèques alimentation, épiceries solidaires…);Plus d’offres en ligne / en livraison"
"2025/05/25 1:23:11 AM UTC+3","Île-de-France","Plutôt d’accord","Ni d’accord ni pas d’accord (neutre)","Ni d’accord ni pas d’accord (neutre)","Pas du tout d'accord","Plutôt pas d'accord","Plutôt d’accord","Tout à fait d’accord","Ni d’accord ni pas d’accord (neutre)","Pas du tout d'accord","Tout à fait d’accord","Pas du tout d'accord","Plutôt pas d'accord","Pas du tout d'accord","Plutôt pas d'accord","Pas du tout d'accord","Pas du tout d'accord","Pas du tout d'accord","Pas du tout d'accord","Pas du tout d'accord","Pas du tout d'accord","Pas du tout d'accord","Tout à fait d’accord","Plutôt pas d'accord","Pas du tout d'accord","Plutôt d’accord","Tout à fait d’accord","Tout à fait d’accord","Pas du tout d'accord","Tout à fait d’accord","Plutôt d’accord","Plutôt d’accord","Tout à fait d’accord","Tout à fait d’accord","Ni d’accord ni pas d’accord (neutre)","Plutôt pas d'accord","Plutôt pas d'accord","Ni d’accord ni pas d’accord (neutre)","Ni d’accord ni pas d’accord (neutre)","Pas du tout d'accord","Pas du tout d'accord","Pas du tout d'accord","Pas du tout d'accord","Plutôt d’accord","Pas du tout d'accord","Tout à fait d’accord","Plutôt pas d'accord","Ni d’accord ni pas d’accord (neutre)","Tout à fait d’accord","J’y suis sensible, mais je n’agis pas beaucoup","Basés sur le goût;Basés sur la proximité géographique;Basés sur la qualité nutritionnelle;Basés sur l’impact environnemental","Soutenir les producteurs;S’ancrer dans un territoire;Réduire les intermédiaires;Faire un acte politique","Un effort;Une contrainte;Une démarche que j’admire sans suivre","Le manque d’offre proche;Le manque de temps;Le manque d’habitude","Meilleure signalétique des produits locaux;Plus d’offres en ligne / en livraison"
"2025/05/25 1:39:07 AM UTC+3","Auvergne-Rhône-Alpes","Plutôt pas d'accord","Plutôt pas d'accord","Pas du tout d'accord","Plutôt pas d'accord","Pas du tout d'accord","Plutôt pas d'accord","Plutôt d’accord","Plutôt pas d'accord","Pas du tout d'accord","Ni d’accord ni pas d’accord (neutre)","Plutôt pas d'accord","Ni d’accord ni pas d’accord (neutre)","Pas du tout d'accord","Pas du tout d'accord","Pas du tout d'accord","Pas du tout d'accord","Pas du tout d'accord","Plutôt pas d'accord","Plutôt pas d'accord","Pas du tout d'accord","Pas du tout d'accord","Plutôt d’accord","Ni d’accord ni pas d’accord (neutre)","Pas du tout d'accord","Ni d’accord ni pas d’accord (neutre)","Ni d’accord ni pas d’accord (neutre)","Plutôt pas d'accord","Plutôt pas d'accord","Ni d’accord ni pas d’accord (neutre)","Tout à fait d’accord","Ni d’accord ni pas d’accord (neutre)","Ni d’accord ni pas d’accord (neutre)","Ni d’accord ni pas d’accord (neutre)","Pas du tout d'accord","Pas du tout d'accord","Pas du tout d'accord","Pas du tout d'accord","Pas du tout d'accord","Pas du tout d'accord","Ni d’accord ni pas d’accord (neutre)","Pas du tout d'accord","Pas du tout d'accord","Pas du tout d'accord","Pas du tout d'accord","Plutôt pas d'accord","Plutôt pas d'accord","Pas du tout d'accord","Plutôt pas d'accord","J’y suis sensible, mais je n’agis pas beaucoup","Basés sur le goût;Basés sur le prix;Basés sur la qualité nutritionnelle;Basés sur la facilité d’accès","Soutenir les producteurs;Limiter son empreinte écologique;Réduire les intermédiaires","Une démarche que j’admire sans suivre","Le prix;Le manque d’information claire;Le manque d’habitude;Je ne sais pas où chercher","Meilleure signalétique des produits locaux;Aides financières (chèques alimentation, épiceries solidaires…)"
"2025/05/25 1:42:36 AM UTC+3","Pays de la Loire","Ni d’accord ni pas d’accord (neutre)","Ni d’accord ni pas d’accord (neutre)","Tout à fait d’accord","Plutôt d’accord","Ni d’accord ni pas d’accord (neutre)","Ni d’accord ni pas d’accord (neutre)","Ni d’accord ni pas d’accord (neutre)","Ni d’accord ni pas d’accord (neutre)","Ni d’accord ni pas d’accord (neutre)","Plutôt pas d'accord","Plutôt pas d'accord","Plutôt pas d'accord","Plutôt pas d'accord","Plutôt pas d'accord","Plutôt pas d'accord","Plutôt pas d'accord","Plutôt pas d'accord","Ni d’accord ni pas d’accord (neutre)","Plutôt pas d'accord","Plutôt pas d'accord","Plutôt pas d'accord","Plutôt pas d'accord","Plutôt pas d'accord","Plutôt d’accord","Ni d’accord ni pas d’accord (neutre)","Ni d’accord ni pas d’accord (neutre)","Ni d’accord ni pas d’accord (neutre)","Plutôt pas d'accord","Plutôt pas d'accord","Plutôt pas d'accord","Plutôt pas d'accord","Plutôt pas d'accord","Plutôt d’accord","Ni d’accord ni pas d’accord (neutre)","Ni d’accord ni pas d’accord (neutre)","Tout à fait d’accord","Ni d’accord ni pas d’accord (neutre)","Ni d’accord ni pas d’accord (neutre)","Plutôt d’accord","Plutôt d’accord","Pas du tout d'accord","Pas du tout d'accord","Ni d’accord ni pas d’accord (neutre)","Pas du tout d'accord","Ni d’accord ni pas d’accord (neutre)","Ni d’accord ni pas d’accord (neutre)","Ni d’accord ni pas d’accord (neutre)","Ni d’accord ni pas d’accord (neutre)","C’est central pour moi, je fais beaucoup d’efforts","Basés sur le goût","Soutenir les producteurs","Une démarche que j’admire sans suivre","Le manque d’habitude","Aides financières (chèques alimentation, épiceries solidaires…)"
"2025/05/25 2:17:00 AM UTC+3","Pays de la Loire","Plutôt pas d'accord","Ni d’accord ni pas d’accord (neutre)","Pas du tout d'accord","Pas du tout d'accord","Ni d’accord ni pas d’accord (neutre)","Plutôt d’accord","Ni d’accord ni pas d’accord (neutre)","Ni d’accord ni pas d’accord (neutre)","Pas du tout d'accord","Tout à fait d’accord","Pas du tout d'accord","Pas du tout d'accord","Pas du tout d'accord","Ni d’accord ni pas d’accord (neutre)","Pas du tout d'accord","Pas du tout d'accord","Pas du tout d'accord","Pas du tout d'accord","Pas du tout d'accord","Pas du tout d'accord","Pas du tout d'accord","Tout à fait d’accord","Pas du tout d'accord","Pas du tout d'accord","Plutôt d’accord","Ni d’accord ni pas d’accord (neutre)","Tout à fait d’accord","Ni d’accord ni pas d’accord (neutre)","Ni d’accord ni pas d’accord (neutre)","Tout à fait d’accord","Tout à fait d’accord","Plutôt d’accord","Ni d’accord ni pas d’accord (neutre)","Ni d’accord ni pas d’accord (neutre)","Pas du tout d'accord","Pas du tout d'accord","Ni d’accord ni pas d’accord (neutre)","Pas du tout d'accord","Pas du tout d'accord","Pas du tout d'accord","Pas du tout d'accord","Pas du tout d'accord","Ni d’accord ni pas d’accord (neutre)","Pas du tout d'accord","Tout à fait d’accord","Plutôt d’accord","Tout à fait d’accord","Tout à fait d’accord","J’y suis sensible, mais je n’agis pas beaucoup","Basés sur le prix;Basés sur la qualité nutritionnelle;Basés sur la facilité d’accès","Soutenir les producteurs;Manger plus sainement;Limiter son empreinte écologique;Réduire les intermédiaires","Un effort;Une démarche que j’admire sans suivre","Le manque d’offre proche;Le manque d’information claire;Le manque de temps;Le manque d’habitude;Je ne sais pas où chercher","Meilleure signalétique des produits locaux;Aides financières (chèques alimentation, épiceries solidaires…)"
"2025/05/25 6:09:48 AM UTC+3","Occitanie","Plutôt pas d'accord","Plutôt pas d'accord","Plutôt pas d'accord","Plutôt pas d'accord","Plutôt pas d'accord","Plutôt pas d'accord","Plutôt pas d'accord","Plutôt pas d'accord","Plutôt pas d'accord","Pas du tout d'accord","Plutôt pas d'accord","Pas du tout d'accord","Pas du tout d'accord","Pas du tout d'accord","Pas du tout d'accord","Pas du tout d'accord","Plutôt pas d'accord","Pas du tout d'accord","Pas du tout d'accord","Plutôt pas d'accord","Plutôt pas d'accord","Pas du tout d'accord","Pas du tout d'accord","Plutôt pas d'accord","Plutôt pas d'accord","Plutôt pas d'accord","Plutôt pas d'accord","Pas du tout d'accord","Plutôt pas d'accord","Pas du tout d'accord","Plutôt pas d'accord","Plutôt pas d'accord","Plutôt pas d'accord","Plutôt pas d'accord","Plutôt pas d'accord","Plutôt pas d'accord","Pas du tout d'accord","Plutôt pas d'accord","Plutôt pas d'accord","Plutôt pas d'accord","Plutôt pas d'accord","Pas du tout d'accord","Plutôt pas d'accord","Plutôt pas d'accord","Plutôt pas d'accord","Plutôt pas d'accord","Plutôt pas d'accord","Plutôt pas d'accord","C’est important, mais ce n’est pas toujours simple","Basés sur le goût;Basés sur le prix;Basés sur la proximité géographique;Basés sur la qualité nutritionnelle","Soutenir les producteurs;Manger plus sainement","Un effort","Le prix;Le manque d’habitude","Meilleure signalétique des produits locaux;Plus d’événements ou d’animations sur l’alimentation locale;Plus de liens avec les producteurs (visites, témoignages…)"
"2025/05/25 7:12:23 AM UTC+3","Occitanie","Ni d’accord ni pas d’accord (neutre)","Plutôt d’accord","Tout à fait d’accord","Plutôt d’accord","Plutôt d’accord","Tout à fait d’accord","Plutôt pas d'accord","Plutôt d’accord","Ni d’accord ni pas d’accord (neutre)","Tout à fait d’accord","Ni d’accord ni pas d’accord (neutre)","Plutôt d’accord","Tout à fait d’accord","Plutôt pas d'accord","Plutôt d’accord","Plutôt d’accord","Plutôt d’accord","Plutôt d’accord","Plutôt d’accord","Plutôt d’accord","Tout à fait d’accord","Plutôt d’accord","Tout à fait d’accord","Tout à fait d’accord","Tout à fait d’accord","Tout à fait d’accord","Tout à fait d’accord","Ni d’accord ni pas d’accord (neutre)","Plutôt d’accord","Tout à fait d’accord","Tout à fait d’accord","Plutôt d’accord","Plutôt d’accord","Plutôt d’accord","Tout à fait d’accord","Tout à fait d’accord","Plutôt d’accord","Plutôt d’accord","Plutôt d’accord","Plutôt d’accord","Tout à fait d’accord","Ni d’accord ni pas d’accord (neutre)","Tout à fait d’accord","Tout à fait d’accord","Plutôt d’accord","Tout à fait d’accord","Plutôt d’accord","Tout à fait d’accord","C’est important, mais ce n’est pas toujours simple","Basés sur le goût;Basés sur le prix;Basés sur la proximité géographique","Soutenir les producteurs;Manger plus sainement;Limiter son empreinte écologique;S’ancrer dans un territoire;Réduire les intermédiaires","Un réflexe;Un effort","Le prix;Le manque d’offre proche;Le manque de temps;Le manque d’habitude","Meilleure signalétique des produits locaux"
"2025/05/25 8:50:45 AM UTC+3","Occitanie","Plutôt d’accord","Plutôt d’accord","Ni d’accord ni pas d’accord (neutre)","Pas du tout d'accord","Plutôt pas d'accord","Plutôt pas d'accord","Tout à fait d’accord","Tout à fait d’accord","Pas du tout d'accord","Plutôt d’accord","Plutôt pas d'accord","Plutôt pas d'accord","Plutôt pas d'accord","Tout à fait d’accord","Ni d’accord ni pas d’accord (neutre)","Plutôt d’accord","Plutôt pas d'accord","Pas du tout d'accord","Plutôt pas d'accord","Pas du tout d'accord","Ni d’accord ni pas d’accord (neutre)","Plutôt d’accord","Pas du tout d'accord","Pas du tout d'accord","Tout à fait d’accord","Tout à fait d’accord","Tout à fait d’accord","Pas du tout d'accord","Plutôt d’accord","Plutôt d’accord","Pas du tout d'accord","Plutôt d’accord","Plutôt d’accord","Plutôt pas d'accord","Pas du tout d'accord","Plutôt pas d'accord","Plutôt pas d'accord","Plutôt pas d'accord","Pas du tout d'accord","Pas du tout d'accord","Pas du tout d'accord","Pas du tout d'accord","Ni d’accord ni pas d’accord (neutre)","Pas du tout d'accord","Plutôt d’accord","Pas du tout d'accord","Ni d’accord ni pas d’accord (neutre)","Plutôt d’accord","J’y suis sensible, mais je n’agis pas beaucoup","Basés sur le goût;Basés sur le prix;Basés sur la facilité d’accès","Manger plus sainement","Un effort","Le manque d’offre proche;Le manque d’information claire;Je ne sais pas où chercher","Meilleure signalétique des produits locaux;Plus de liens avec les producteurs (visites, témoignages…)"
"2025/05/25 9:05:47 AM UTC+3","Occitanie","Plutôt d’accord","Plutôt d’accord","Plutôt pas d'accord","Ni d’accord ni pas d’accord (neutre)","Plutôt d’accord","Plutôt d’accord","Plutôt d’accord","Plutôt d’accord","Ni d’accord ni pas d’accord (neutre)","Ni d’accord ni pas d’accord (neutre)","Ni d’accord ni pas d’accord (neutre)","Ni d’accord ni pas d’accord (neutre)","Ni d’accord ni pas d’accord (neutre)","Ni d’accord ni pas d’accord (neutre)","Ni d’accord ni pas d’accord (neutre)","Plutôt pas d'accord","Plutôt pas d'accord","Plutôt d’accord","Plutôt d’accord","Ni d’accord ni pas d’accord (neutre)","Plutôt pas d'accord","Plutôt d’accord","Plutôt pas d'accord","Plutôt pas d'accord","Plutôt d’accord","Plutôt d’accord","Plutôt d’accord","Plutôt d’accord","Plutôt d’accord","Plutôt d’accord","Plutôt d’accord","Plutôt d’accord","Plutôt d’accord","Ni d’accord ni pas d’accord (neutre)","Ni d’accord ni pas d’accord (neutre)","Plutôt pas d'accord","Ni d’accord ni pas d’accord (neutre)","Plutôt pas d'accord","Plutôt pas d'accord","Plutôt pas d'accord","Plutôt pas d'accord","Plutôt pas d'accord","Plutôt pas d'accord","Plutôt pas d'accord","Plutôt d’accord","Plutôt d’accord","Ni d’accord ni pas d’accord (neutre)","Plutôt d’accord","C’est important, mais ce n’est pas toujours simple","Basés sur le goût;Basés sur la proximité géographique;Basés sur la facilité d’accès","Limiter son empreinte écologique","Un effort","Le manque d’offre proche","Meilleure signalétique des produits locaux;Plus d’offres en ligne / en livraison"
"2025/05/25 9:28:53 AM UTC+3","Hauts-de-France","Tout à fait d’accord","Tout à fait d’accord","Tout à fait d’accord","Plutôt d’accord","Plutôt d’accord","Tout à fait d’accord","Plutôt d’accord","Ni d’accord ni pas d’accord (neutre)","Plutôt pas d'accord","Plutôt pas d'accord","Pas du tout d'accord","Plutôt pas d'accord","Pas du tout d'accord","Plutôt d’accord","Plutôt pas d'accord","Plutôt pas d'accord","Plutôt d’accord","Tout à fait d’accord","Tout à fait d’accord","Plutôt d’accord","Pas du tout d'accord","Plutôt d’accord","Plutôt d’accord","Pas du tout d'accord","Plutôt d’accord","Plutôt d’accord","Plutôt d’accord","Ni d’accord ni pas d’accord (neutre)","Ni d’accord ni pas d’accord (neutre)","Plutôt d’accord","Plutôt pas d'accord","Plutôt pas d'accord","Plutôt pas d'accord","Plutôt pas d'accord","Plutôt pas d'accord","Ni d’accord ni pas d’accord (neutre)","Plutôt d’accord","Plutôt pas d'accord","Plutôt pas d'accord","Ni d’accord ni pas d’accord (neutre)","Plutôt d’accord","Plutôt d’accord","Tout à fait d’accord","Ni d’accord ni pas d’accord (neutre)","Plutôt d’accord","Plutôt d’accord","Plutôt d’accord","Tout à fait d’accord","C’est important, mais ce n’est pas toujours simple","Basés sur le goût;Basés sur le prix;Basés sur la proximité géographique;Basés sur la facilité d’accès","Soutenir les producteurs;Manger plus sainement;Limiter son empreinte écologique;S’ancrer dans un territoire;Réduire les intermédiaires","Un effort;Un idéal inaccessible","Le manque d’offre proche;Le manque d’information claire;Le manque d’habitude","Meilleure signalétique des produits locaux;Plus d’offres en ligne / en livraison;Plus de liens avec les producteurs (visites, témoignages…)"
"2025/05/25 9:32:48 AM UTC+3","Occitanie","Plutôt d’accord","Tout à fait d’accord","Tout à fait d’accord","Ni d’accord ni pas d’accord (neutre)","Plutôt d’accord","Plutôt d’accord","Plutôt pas d'accord","Plutôt d’accord","Plutôt pas d'accord","Plutôt d’accord","Pas du tout d'accord","Plutôt d’accord","Pas du tout d'accord","Tout à fait d’accord","Ni d’accord ni pas d’accord (neutre)","Pas du tout d'accord","Plutôt pas d'accord","Plutôt d’accord","Tout à fait d’accord","Pas du tout d'accord","Plutôt d’accord","Tout à fait d’accord","Ni d’accord ni pas d’accord (neutre)","Pas du tout d'accord","Tout à fait d’accord","Plutôt d’accord","Plutôt pas d'accord","Ni d’accord ni pas d’accord (neutre)","Ni d’accord ni pas d’accord (neutre)","Plutôt d’accord","Tout à fait d’accord","Tout à fait d’accord","Plutôt d’accord","Plutôt pas d'accord","Pas du tout d'accord","Tout à fait d’accord","Plutôt d’accord","Ni d’accord ni pas d’accord (neutre)","Pas du tout d'accord","Pas du tout d'accord","Plutôt d’accord","Pas du tout d'accord","Plutôt d’accord","Plutôt pas d'accord","Tout à fait d’accord","Ni d’accord ni pas d’accord (neutre)","Tout à fait d’accord","Tout à fait d’accord","C’est important, mais ce n’est pas toujours simple","Basés sur la qualité nutritionnelle","Soutenir les producteurs;Manger plus sainement;Limiter son empreinte écologique;Faire un acte politique","Un effort","Le prix;Le manque d’information claire;Le manque d’habitude;Je ne sais pas où chercher","Meilleure signalétique des produits locaux;Plus d’offres en ligne / en livraison;Plus de liens avec les producteurs (visites, témoignages…)"
"2025/05/25 9:45:27 AM UTC+3","Centre-Val de Loire","Plutôt d’accord","Plutôt d’accord","Tout à fait d’accord","Ni d’accord ni pas d’accord (neutre)","Ni d’accord ni pas d’accord (neutre)","Plutôt d’accord","Tout à fait d’accord","Tout à fait d’accord","Plutôt pas d'accord","Plutôt d’accord","Pas du tout d'accord","Ni d’accord ni pas d’accord (neutre)","Ni d’accord ni pas d’accord (neutre)","Plutôt pas d'accord","Pas du tout d'accord","Pas du tout d'accord","Plutôt pas d'accord","Ni d’accord ni pas d’accord (neutre)","Pas du tout d'accord","Pas du tout d'accord","Plutôt d’accord","Plutôt d’accord","Ni d’accord ni pas d’accord (neutre)","Plutôt d’accord","Plutôt d’accord","Tout à fait d’accord","Plutôt d’accord","Pas du tout d'accord","Plutôt d’accord","Plutôt d’accord","Plutôt d’accord","Plutôt d’accord","Plutôt d’accord","Ni d’accord ni pas d’accord (neutre)","Ni d’accord ni pas d’accord (neutre)","Plutôt d’accord","Plutôt d’accord","Pas du tout d'accord","Pas du tout d'accord","Pas du tout d'accord","Pas du tout d'accord","Pas du tout d'accord","Ni d’accord ni pas d’accord (neutre)","Ni d’accord ni pas d’accord (neutre)","Ni d’accord ni pas d’accord (neutre)","Plutôt d’accord","Tout à fait d’accord","Plutôt d’accord","J’y suis sensible, mais je n’agis pas beaucoup","Basés sur le goût;Basés sur le prix;Basés sur la proximité géographique;Basés sur l’impact environnemental","Soutenir les producteurs;Manger plus sainement;Limiter son empreinte écologique;Réduire les intermédiaires","Un effort;Un idéal inaccessible;Une contrainte;Une démarche que j’admire sans suivre","Le prix;Le manque d’offre proche;Le manque de temps","Meilleure signalétique des produits locaux;Aides financières (chèques alimentation, épiceries solidaires…);Plus d’événements ou d’animations sur l’alimentation locale;Plus de liens avec les producteurs (visites, témoignages…)"
"2025/05/25 9:46:38 AM UTC+3","Centre-Val de Loire","Plutôt pas d'accord","Plutôt pas d'accord","Ni d’accord ni pas d’accord (neutre)","Plutôt d’accord","Ni d’accord ni pas d’accord (neutre)","Ni d’accord ni pas d’accord (neutre)","Ni d’accord ni pas d’accord (neutre)","Plutôt d’accord","Plutôt d’accord","Plutôt d’accord","Plutôt pas d'accord","Ni d’accord ni pas d’accord (neutre)","Pas du tout d'accord","Ni d’accord ni pas d’accord (neutre)","Plutôt pas d'accord","Ni d’accord ni pas d’accord (neutre)","Plutôt d’accord","Plutôt d’accord","Ni d’accord ni pas d’accord (neutre)","Plutôt pas d'accord","Ni d’accord ni pas d’accord (neutre)","Plutôt d’accord","Plutôt d’accord","Plutôt pas d'accord","Plutôt d’accord","Plutôt d’accord","Ni d’accord ni pas d’accord (neutre)","Plutôt pas d'accord","Plutôt pas d'accord","Plutôt pas d'accord","Plutôt pas d'accord","Plutôt pas d'accord","Ni d’accord ni pas d’accord (neutre)","Plutôt pas d'accord","Plutôt d’accord","Plutôt d’accord","Tout à fait d’accord","Ni d’accord ni pas d’accord (neutre)","Ni d’accord ni pas d’accord (neutre)","Ni d’accord ni pas d’accord (neutre)","Plutôt pas d'accord","Plutôt pas d'accord","Plutôt d’accord","Plutôt d’accord","Plutôt d’accord","Ni d’accord ni pas d’accord (neutre)","Plutôt d’accord","Plutôt d’accord","C’est important, mais ce n’est pas toujours simple","Basés sur le goût;Basés sur le prix","Soutenir les producteurs;Manger plus sainement;Limiter son empreinte écologique;S’ancrer dans un territoire;Réduire les intermédiaires","Un réflexe;Un idéal inaccessible","Le prix;Le manque d’offre proche;Je ne sais pas où chercher","Meilleure signalétique des produits locaux;Plus d’offres en ligne / en livraison;Plus de liens avec les producteurs (visites, témoignages…)"
"2025/05/25 9:47:03 AM UTC+3","Occitanie","Plutôt d’accord","Plutôt d’accord","Plutôt d’accord","Tout à fait d’accord","Plutôt d’accord","Tout à fait d’accord","Plutôt d’accord","Tout à fait d’accord","Plutôt d’accord","Tout à fait d’accord","Plutôt pas d'accord","Plutôt d’accord","Tout à fait d’accord","Plutôt d’accord","Ni d’accord ni pas d’accord (neutre)","Plutôt d’accord","Plutôt d’accord","Tout à fait d’accord","Plutôt d’accord","Plutôt d’accord","Plutôt d’accord","Plutôt d’accord","Tout à fait d’accord","Plutôt d’accord","Tout à fait d’accord","Tout à fait d’accord","Plutôt d’accord","Tout à fait d’accord","Plutôt d’accord","Plutôt d’accord","Plutôt d’accord","Tout à fait d’accord","Plutôt d’accord","Plutôt d’accord","Plutôt d’accord","Plutôt d’accord","Tout à fait d’accord","Plutôt d’accord","Plutôt d’accord","Plutôt d’accord","Plutôt d’accord","Plutôt d’accord","Plutôt d’accord","Plutôt d’accord","Plutôt d’accord","Plutôt d’accord","Plutôt d’accord","Tout à fait d’accord","C’est central pour moi, je fais beaucoup d’efforts","Basés sur le goût;Basés sur le prix;Basés sur la qualité nutritionnelle","Soutenir les producteurs;Manger plus sainement;S’ancrer dans un territoire","Un réflexe","Le manque d’offre proche","Meilleure signalétique des produits locaux"
"2025/05/25 9:48:43 AM UTC+3","Occitanie","Plutôt d’accord","Plutôt d’accord","Ni d’accord ni pas d’accord (neutre)","Ni d’accord ni pas d’accord (neutre)","Plutôt d’accord","Plutôt d’accord","Tout à fait d’accord","Tout à fait d’accord","Ni d’accord ni pas d’accord (neutre)","Tout à fait d’accord","Pas du tout d'accord","Tout à fait d’accord","Tout à fait d’accord","Tout à fait d’accord","Tout à fait d’accord","Tout à fait d’accord","Tout à fait d’accord","Plutôt d’accord","Ni d’accord ni pas d’accord (neutre)","Ni d’accord ni pas d’accord (neutre)","Ni d’accord ni pas d’accord (neutre)","Tout à fait d’accord","Plutôt d’accord","Plutôt d’accord","Tout à fait d’accord","Plutôt d’accord","Plutôt d’accord","Ni d’accord ni pas d’accord (neutre)","Plutôt d’accord","Plutôt d’accord","Tout à fait d’accord","Plutôt d’accord","Ni d’accord ni pas d’accord (neutre)","Ni d’accord ni pas d’accord (neutre)","Ni d’accord ni pas d’accord (neutre)","Plutôt d’accord","Tout à fait d’accord","Plutôt pas d'accord","Pas du tout d'accord","Tout à fait d’accord","Ni d’accord ni pas d’accord (neutre)","Pas du tout d'accord","","Plutôt pas d'accord","Ni d’accord ni pas d’accord (neutre)","Plutôt pas d'accord","Tout à fait d’accord","Tout à fait d’accord","C’est central pour moi, je fais beaucoup d’efforts","Basés sur le goût;Basés sur la proximité géographique;Basés sur la qualité nutritionnelle;Basés sur l’impact environnemental;Saisonnalité et les connaissances des producteurs ","Soutenir les producteurs;Manger plus sainement;Limiter son empreinte écologique;S’ancrer dans un territoire","Un réflexe","Le prix;Le manque d’offre proche;Le manque de temps","Plus d’événements ou d’animations sur l’alimentation locale;Plus de liens avec les producteurs (visites, témoignages…)"
"2025/05/25 9:54:44 AM UTC+3","Bretagne","Ni d’accord ni pas d’accord (neutre)","Plutôt d’accord","Plutôt d’accord","Plutôt d’accord","Ni d’accord ni pas d’accord (neutre)","Tout à fait d’accord","Plutôt pas d'accord","Plutôt d’accord","Plutôt pas d'accord","Ni d’accord ni pas d’accord (neutre)","Plutôt pas d'accord","Plutôt pas d'accord","Plutôt pas d'accord","Plutôt pas d'accord","Pas du tout d'accord","Pas du tout d'accord","Plutôt d’accord","Tout à fait d’accord","Ni d’accord ni pas d’accord (neutre)","Plutôt d’accord","Plutôt pas d'accord","Plutôt d’accord","Ni d’accord ni pas d’accord (neutre)","Pas du tout d'accord","Plutôt d’accord","Plutôt d’accord","Tout à fait d’accord","Plutôt pas d'accord","Plutôt d’accord","Plutôt pas d'accord","Plutôt d’accord","Tout à fait d’accord","Plutôt d’accord","Plutôt pas d'accord","Plutôt pas d'accord","Plutôt d’accord","Plutôt d’accord","Ni d’accord ni pas d’accord (neutre)","Ni d’accord ni pas d’accord (neutre)","Plutôt d’accord","Ni d’accord ni pas d’accord (neutre)","Ni d’accord ni pas d’accord (neutre)","Plutôt d’accord","Ni d’accord ni pas d’accord (neutre)","Plutôt d’accord","Ni d’accord ni pas d’accord (neutre)","Plutôt d’accord","Plutôt d’accord","J’y suis sensible, mais je n’agis pas beaucoup","Basés sur le goût;Basés sur le prix;Basés sur la proximité géographique;Basés sur la qualité nutritionnelle;Basés sur la facilité d’accès","Soutenir les producteurs;Manger plus sainement;S’ancrer dans un territoire;Réduire les intermédiaires","Un effort;Une démarche que j’admire sans suivre","Le manque d’information claire;Le manque d’habitude;Je ne sais pas où chercher","Meilleure signalétique des produits locaux;Aides financières (chèques alimentation, épiceries solidaires…);Plus de liens avec les producteurs (visites, témoignages…)"
"2025/05/25 9:56:45 AM UTC+3","Occitanie","Tout à fait d’accord","Plutôt d’accord","Plutôt d’accord","Tout à fait d’accord","Tout à fait d’accord","Tout à fait d’accord","Tout à fait d’accord","Tout à fait d’accord","Plutôt pas d'accord","Tout à fait d’accord","Tout à fait d’accord","Tout à fait d’accord","Tout à fait d’accord","Plutôt d’accord","Plutôt d’accord","Plutôt d’accord","Ni d’accord ni pas d’accord (neutre)","Ni d’accord ni pas d’accord (neutre)","Ni d’accord ni pas d’accord (neutre)","Ni d’accord ni pas d’accord (neutre)","Tout à fait d’accord","Tout à fait d’accord","Tout à fait d’accord","Ni d’accord ni pas d’accord (neutre)","Tout à fait d’accord","Tout à fait d’accord","Tout à fait d’accord","Plutôt pas d'accord","Tout à fait d’accord","Tout à fait d’accord","Tout à fait d’accord","Tout à fait d’accord","Plutôt d’accord","Tout à fait d’accord","Plutôt d’accord","Tout à fait d’accord","Ni d’accord ni pas d’accord (neutre)","Plutôt pas d'accord","Plutôt pas d'accord","Plutôt pas d'accord","Ni d’accord ni pas d’accord (neutre)","Ni d’accord ni pas d’accord (neutre)","Tout à fait d’accord","Tout à fait d’accord","Tout à fait d’accord","Tout à fait d’accord","Tout à fait d’accord","Tout à fait d’accord","C’est central pour moi, je fais beaucoup d’efforts","Basés sur la proximité géographique;Basés sur la qualité nutritionnelle;Basés sur l’impact environnemental","Soutenir les producteurs;Manger plus sainement;Limiter son empreinte écologique;Faire un acte politique","Un effort","Le prix;Le manque d’offre proche;Le manque d’information claire;Je ne sais pas où chercher","Meilleure signalétique des produits locaux;Plus d’offres en ligne / en livraison;Plus de liens avec les producteurs (visites, témoignages…)"
"2025/05/25 9:57:19 AM UTC+3","Occitanie","Ni d’accord ni pas d’accord (neutre)","Plutôt d’accord","Plutôt d’accord","Plutôt d’accord","Plutôt d’accord","Plutôt d’accord","Plutôt d’accord","Plutôt d’accord","Pas du tout d'accord","Plutôt d’accord","Pas du tout d'accord","Plutôt d’accord","Plutôt pas d'accord","Plutôt pas d'accord","Ni d’accord ni pas d’accord (neutre)","Ni d’accord ni pas d’accord (neutre)","Ni d’accord ni pas d’accord (neutre)","Ni d’accord ni pas d’accord (neutre)","Ni d’accord ni pas d’accord (neutre)","Plutôt d’accord","Plutôt d’accord","Plutôt d’accord","Tout à fait d’accord","Plutôt d’accord","Plutôt d’accord","Plutôt d’accord","Plutôt d’accord","Plutôt pas d'accord","Plutôt pas d'accord","Ni d’accord ni pas d’accord (neutre)","Ni d’accord ni pas d’accord (neutre)","Plutôt pas d'accord","Plutôt pas d'accord","Ni d’accord ni pas d’accord (neutre)","Pas du tout d'accord","Ni d’accord ni pas d’accord (neutre)","Plutôt d’accord","Plutôt pas d'accord","Plutôt pas d'accord","Plutôt pas d'accord","Plutôt pas d'accord","Plutôt pas d'accord","Ni d’accord ni pas d’accord (neutre)","Ni d’accord ni pas d’accord (neutre)","Ni d’accord ni pas d’accord (neutre)","Plutôt pas d'accord","Plutôt pas d'accord","Ni d’accord ni pas d’accord (neutre)","J’y suis sensible, mais je n’agis pas beaucoup","Basés sur le prix;Basés sur la proximité géographique;Basés sur la facilité d’accès","Soutenir les producteurs;Limiter son empreinte écologique;Réduire les intermédiaires","Un effort","Le prix;Le manque d’offre proche;Le manque d’information claire;Le manque d’habitude","Meilleure signalétique des produits locaux"
"2025/05/25 10:01:27 AM UTC+3","Île-de-France","Plutôt d’accord","Plutôt d’accord","Tout à fait d’accord","Ni d’accord ni pas d’accord (neutre)","Ni d’accord ni pas d’accord (neutre)","Plutôt d’accord","Tout à fait d’accord","Plutôt d’accord","Ni d’accord ni pas d’accord (neutre)","Ni d’accord ni pas d’accord (neutre)","Ni d’accord ni pas d’accord (neutre)","Ni d’accord ni pas d’accord (neutre)","Ni d’accord ni pas d’accord (neutre)","Plutôt pas d'accord","Ni d’accord ni pas d’accord (neutre)","Ni d’accord ni pas d’accord (neutre)","Ni d’accord ni pas d’accord (neutre)","Plutôt d’accord","Plutôt d’accord","Ni d’accord ni pas d’accord (neutre)","Ni d’accord ni pas d’accord (neutre)","Plutôt d’accord","Ni d’accord ni pas d’accord (neutre)","Plutôt d’accord","Tout à fait d’accord","Tout à fait d’accord","Tout à fait d’accord","Tout à fait d’accord","Ni d’accord ni pas d’accord (neutre)","Plutôt d’accord","Ni d’accord ni pas d’accord (neutre)","Ni d’accord ni pas d’accord (neutre)","Ni d’accord ni pas d’accord (neutre)","Ni d’accord ni pas d’accord (neutre)","Ni d’accord ni pas d’accord (neutre)","Ni d’accord ni pas d’accord (neutre)","Plutôt d’accord","Plutôt d’accord","Plutôt d’accord","Ni d’accord ni pas d’accord (neutre)","Pas du tout d'accord","Pas du tout d'accord","Plutôt d’accord","Pas du tout d'accord","Ni d’accord ni pas d’accord (neutre)","Ni d’accord ni pas d’accord (neutre)","Ni d’accord ni pas d’accord (neutre)","Ni d’accord ni pas d’accord (neutre)","C’est important, mais ce n’est pas toujours simple","Basés sur le goût;Basés sur le prix;Basés sur la proximité géographique","Soutenir les producteurs;Manger plus sainement;Limiter son empreinte écologique","Un réflexe","Le prix","Meilleure signalétique des produits locaux;Plus d’événements ou d’animations sur l’alimentation locale"
"2025/05/25 10:05:10 AM UTC+3","Bourgogne-Franche-Comté","Plutôt pas d'accord","Plutôt pas d'accord","Plutôt d’accord","Ni d’accord ni pas d’accord (neutre)","Plutôt pas d'accord","Plutôt d’accord","Ni d’accord ni pas d’accord (neutre)","Plutôt pas d'accord","Pas du tout d'accord","Plutôt d’accord","Pas du tout d'accord","Pas du tout d'accord","Pas du tout d'accord","Plutôt d’accord","Pas du tout d'accord","Pas du tout d'accord","Pas du tout d'accord","Plutôt d’accord","Pas du tout d'accord","Plutôt d’accord","Pas du tout d'accord","Plutôt d’accord","Pas du tout d'accord","Pas du tout d'accord","Plutôt d’accord","Plutôt d’accord","Plutôt d’accord","Pas du tout d'accord","Plutôt d’accord","Plutôt d’accord","Plutôt pas d'accord","Tout à fait d’accord","Pas du tout d'accord","Plutôt pas d'accord","Pas du tout d'accord","Plutôt pas d'accord","Tout à fait d’accord","Pas du tout d'accord","Pas du tout d'accord","Pas du tout d'accord","Pas du tout d'accord","Pas du tout d'accord","Pas du tout d'accord","Pas du tout d'accord","Plutôt d’accord","Plutôt d’accord","Plutôt d’accord","Plutôt d’accord","J’y suis sensible, mais je n’agis pas beaucoup","Basés sur le prix;Basés sur la facilité d’accès","Soutenir les producteurs;Manger plus sainement;Limiter son empreinte écologique","Un effort;Un idéal inaccessible;Une démarche que j’admire sans suivre","Le prix;Le manque d’offre proche;Le manque de temps","Meilleure signalétique des produits locaux;Aides financières (chèques alimentation, épiceries solidaires…)"
"2025/05/25 10:09:32 AM UTC+3","Nouvelle-Aquitaine","Tout à fait d’accord","Tout à fait d’accord","Tout à fait d’accord","Tout à fait d’accord","Tout à fait d’accord","Tout à fait d’accord","Pas du tout d'accord","Tout à fait d’accord","Tout à fait d’accord","Tout à fait d’accord","Plutôt d’accord","Tout à fait d’accord","Tout à fait d’accord","Tout à fait d’accord","Tout à fait d’accord","Tout à fait d’accord","Plutôt d’accord","Plutôt d’accord","Tout à fait d’accord","Plutôt d’accord","Tout à fait d’accord","Tout à fait d’accord","Tout à fait d’accord","Plutôt d’accord","Tout à fait d’accord","Tout à fait d’accord","Tout à fait d’accord","Tout à fait d’accord","Tout à fait d’accord","Tout à fait d’accord","Plutôt d’accord","Tout à fait d’accord","Tout à fait d’accord","Tout à fait d’accord","Tout à fait d’accord","Tout à fait d’accord","Plutôt d’accord","Tout à fait d’accord","Ni d’accord ni pas d’accord (neutre)","Plutôt d’accord","Ni d’accord ni pas d’accord (neutre)","Ni d’accord ni pas d’accord (neutre)","Tout à fait d’accord","Tout à fait d’accord","Tout à fait d’accord","Ni d’accord ni pas d’accord (neutre)","Tout à fait d’accord","Tout à fait d’accord","C’est central pour moi, je fais beaucoup d’efforts","Basés sur le goût;Basés sur le prix;Basés sur la proximité géographique;Basés sur l’impact environnemental","Soutenir les producteurs;Manger plus sainement;Limiter son empreinte écologique;S’ancrer dans un territoire;Réduire les intermédiaires;Faire un acte politique","Un réflexe","Le prix;Le manque d’offre proche","Plus d’événements ou d’animations sur l’alimentation locale"
"2025/05/25 10:10:57 AM UTC+3","Occitanie","Plutôt d’accord","Plutôt pas d'accord","Pas du tout d'accord","Pas du tout d'accord","Ni d’accord ni pas d’accord (neutre)","Ni d’accord ni pas d’accord (neutre)","Tout à fait d’accord","Ni d’accord ni pas d’accord (neutre)","Pas du tout d'accord","Pas du tout d'accord","Pas du tout d'accord","Plutôt d’accord","Plutôt pas d'accord","Plutôt d’accord","Plutôt pas d'accord","Plutôt pas d'accord","Pas du tout d'accord","Pas du tout d'accord","Pas du tout d'accord","Pas du tout d'accord","Pas du tout d'accord","Tout à fait d’accord","Pas du tout d'accord","Pas du tout d'accord","Plutôt d’accord","Plutôt d’accord","Tout à fait d’accord","Tout à fait d’accord","Tout à fait d’accord","Tout à fait d’accord","Tout à fait d’accord","Tout à fait d’accord","Plutôt d’accord","Ni d’accord ni pas d’accord (neutre)","Plutôt d’accord","Ni d’accord ni pas d’accord (neutre)","Pas du tout d'accord","Pas du tout d'accord","Pas du tout d'accord","Plutôt d’accord","Pas du tout d'accord","Pas du tout d'accord","Plutôt pas d'accord","Pas du tout d'accord","Plutôt d’accord","Tout à fait d’accord","Ni d’accord ni pas d’accord (neutre)","Tout à fait d’accord","J’y suis sensible, mais je n’agis pas beaucoup","Basés sur l’impact environnemental","Limiter son empreinte écologique","Un effort","Le manque d’offre proche;Le manque d’information claire","Meilleure signalétique des produits locaux;Plus d’événements ou d’animations sur l’alimentation locale"
"2025/05/25 10:18:12 AM UTC+3","Bretagne","Plutôt d’accord","Plutôt d’accord","Plutôt d’accord","Plutôt d’accord","Ni d’accord ni pas d’accord (neutre)","Plutôt d’accord","Plutôt d’accord","Ni d’accord ni pas d’accord (neutre)","Ni d’accord ni pas d’accord (neutre)","Ni d’accord ni pas d’accord (neutre)","Ni d’accord ni pas d’accord (neutre)","Ni d’accord ni pas d’accord (neutre)","Plutôt d’accord","Plutôt d’accord","Plutôt d’accord","Ni d’accord ni pas d’accord (neutre)","Ni d’accord ni pas d’accord (neutre)","Plutôt pas d'accord","Ni d’accord ni pas d’accord (neutre)","Ni d’accord ni pas d’accord (neutre)","Plutôt d’accord","Plutôt pas d'accord","Ni d’accord ni pas d’accord (neutre)","Plutôt pas d'accord","Plutôt d’accord","Ni d’accord ni pas d’accord (neutre)","Plutôt d’accord","Ni d’accord ni pas d’accord (neutre)","Plutôt d’accord","Plutôt d’accord","Plutôt d’accord","Ni d’accord ni pas d’accord (neutre)","Plutôt pas d'accord","Ni d’accord ni pas d’accord (neutre)","Ni d’accord ni pas d’accord (neutre)","Plutôt pas d'accord","Plutôt pas d'accord","Plutôt pas d'accord","Plutôt pas d'accord","Plutôt pas d'accord","Ni d’accord ni pas d’accord (neutre)","Plutôt pas d'accord","Ni d’accord ni pas d’accord (neutre)","Plutôt d’accord","Tout à fait d’accord","Plutôt pas d'accord","Ni d’accord ni pas d’accord (neutre)","Plutôt d’accord","Je m’y intéresse peu ou pas","Basés sur le goût;Basés sur le prix;Basés sur la facilité d’accès","Soutenir les producteurs;Limiter son empreinte écologique;Réduire les intermédiaires","Un effort","Le prix;Le manque d’habitude","Meilleure signalétique des produits locaux;Aides financières (chèques alimentation, épiceries solidaires…);Plus d’offres en ligne / en livraison"
"2025/05/25 10:20:26 AM UTC+3","Bretagne","Ni d’accord ni pas d’accord (neutre)","Plutôt pas d'accord","Tout à fait d’accord","Plutôt d’accord","Ni d’accord ni pas d’accord (neutre)","Tout à fait d’accord","Plutôt pas d'accord","Plutôt d’accord","Plutôt pas d'accord","Plutôt d’accord","Pas du tout d'accord","Plutôt pas d'accord","Plutôt pas d'accord","Plutôt d’accord","Plutôt pas d'accord","Plutôt pas d'accord","Plutôt d’accord","Plutôt d’accord","Plutôt d’accord","Ni d’accord ni pas d’accord (neutre)","Plutôt pas d'accord","Tout à fait d’accord","Ni d’accord ni pas d’accord (neutre)","Plutôt d’accord","Tout à fait d’accord","Plutôt d’accord","Tout à fait d’accord","Tout à fait d’accord","Plutôt d’accord","Plutôt pas d'accord","Plutôt d’accord","Plutôt d’accord","Plutôt pas d'accord","Plutôt d’accord","Plutôt d’accord","Ni d’accord ni pas d’accord (neutre)","Tout à fait d’accord","Plutôt pas d'accord","Plutôt pas d'accord","Plutôt pas d'accord","Tout à fait d’accord","Ni d’accord ni pas d’accord (neutre)","Plutôt d’accord","Plutôt d’accord","Tout à fait d’accord","Tout à fait d’accord","Tout à fait d’accord","Tout à fait d’accord","C’est important, mais ce n’est pas toujours simple","Basés sur le prix;Basés sur la qualité nutritionnelle","Soutenir les producteurs;Limiter son empreinte écologique;Réduire les intermédiaires","Un effort;Un idéal inaccessible","Le prix;Le manque de temps;Le manque d’habitude","Aides financières (chèques alimentation, épiceries solidaires…);Plus d’offres en ligne / en livraison"
"2025/05/25 10:21:53 AM UTC+3","Pays de la Loire","Plutôt d’accord","Plutôt d’accord","Plutôt d’accord","Plutôt pas d'accord","Tout à fait d’accord","Ni d’accord ni pas d’accord (neutre)","Plutôt pas d'accord","Ni d’accord ni pas d’accord (neutre)","Pas du tout d'accord","Plutôt pas d'accord","Pas du tout d'accord","Pas du tout d'accord","Pas du tout d'accord","Ni d’accord ni pas d’accord (neutre)","Plutôt pas d'accord","Pas du tout d'accord","Pas du tout d'accord","Plutôt d’accord","Plutôt pas d'accord","Ni d’accord ni pas d’accord (neutre)","Pas du tout d'accord","Plutôt pas d'accord","Pas du tout d'accord","Pas du tout d'accord","Plutôt d’accord","Plutôt pas d'accord","Plutôt pas d'accord","Plutôt pas d'accord","Plutôt pas d'accord","Tout à fait d’accord","Pas du tout d'accord","Tout à fait d’accord","Pas du tout d'accord","Pas du tout d'accord","Pas du tout d'accord","Plutôt pas d'accord","Tout à fait d’accord","Pas du tout d'accord","Pas du tout d'accord","Pas du tout d'accord","Pas du tout d'accord","Pas du tout d'accord","Plutôt pas d'accord","Pas du tout d'accord","Plutôt d’accord","Ni d’accord ni pas d’accord (neutre)","Ni d’accord ni pas d’accord (neutre)","Ni d’accord ni pas d’accord (neutre)","J’y suis sensible, mais je n’agis pas beaucoup","Basés sur le goût;Basés sur le prix;Basés sur la facilité d’accès;Le packaging des fois :')","Soutenir les producteurs;Limiter son empreinte écologique","Un effort;Un idéal inaccessible","Le prix;Le manque d’offre proche;Le manque d’information claire","Aides financières (chèques alimentation, épiceries solidaires…);Plus d’offres en ligne / en livraison"
"2025/05/25 10:22:09 AM UTC+3","Occitanie","Ni d’accord ni pas d’accord (neutre)","Ni d’accord ni pas d’accord (neutre)","Plutôt d’accord","Ni d’accord ni pas d’accord (neutre)","Ni d’accord ni pas d’accord (neutre)","Plutôt pas d'accord","Tout à fait d’accord","Plutôt d’accord","Plutôt pas d'accord","Plutôt d’accord","Pas du tout d'accord","Plutôt pas d'accord","Pas du tout d'accord","Ni d’accord ni pas d’accord (neutre)","Ni d’accord ni pas d’accord (neutre)","Ni d’accord ni pas d’accord (neutre)","Pas du tout d'accord","Pas du tout d'accord","Tout à fait d’accord","Tout à fait d’accord","Ni d’accord ni pas d’accord (neutre)","Plutôt d’accord","Ni d’accord ni pas d’accord (neutre)","Pas du tout d'accord","Tout à fait d’accord","Plutôt d’accord","Tout à fait d’accord","Plutôt pas d'accord","Plutôt pas d'accord","Plutôt pas d'accord","Ni d’accord ni pas d’accord (neutre)","Plutôt pas d'accord","Ni d’accord ni pas d’accord (neutre)","Ni d’accord ni pas d’accord (neutre)","Plutôt pas d'accord","Ni d’accord ni pas d’accord (neutre)","Tout à fait d’accord","Pas du tout d'accord","Pas du tout d'accord","Pas du tout d'accord","Pas du tout d'accord","Pas du tout d'accord","Ni d’accord ni pas d’accord (neutre)","Plutôt pas d'accord","Tout à fait d’accord","Plutôt pas d'accord","Plutôt d’accord","Plutôt d’accord","J’y suis sensible, mais je n’agis pas beaucoup","Basés sur le prix;Basés sur la facilité d’accès","Soutenir les producteurs;Manger plus sainement;Limiter son empreinte écologique;Réduire les intermédiaires","Une démarche que j’admire sans suivre","Le prix;Le manque de temps","Aides financières (chèques alimentation, épiceries solidaires…)"
"2025/05/25 10:22:32 AM UTC+3","Occitanie","Plutôt pas d'accord","Ni d’accord ni pas d’accord (neutre)","Pas du tout d'accord","Pas du tout d'accord","Plutôt pas d'accord","Plutôt pas d'accord","Plutôt pas d'accord","Pas du tout d'accord","Pas du tout d'accord","Plutôt d’accord","Pas du tout d'accord","Ni d’accord ni pas d’accord (neutre)","Tout à fait d’accord","Tout à fait d’accord","Plutôt pas d'accord","Ni d’accord ni pas d’accord (neutre)","Ni d’accord ni pas d’accord (neutre)","Plutôt pas d'accord","Ni d’accord ni pas d’accord (neutre)","Pas du tout d'accord","Pas du tout d'accord","Ni d’accord ni pas d’accord (neutre)","Pas du tout d'accord","Pas du tout d'accord","Plutôt d’accord","Plutôt d’accord","Plutôt d’accord","Pas du tout d'accord","Pas du tout d'accord","Ni d’accord ni pas d’accord (neutre)","Ni d’accord ni pas d’accord (neutre)","Tout à fait d’accord","Plutôt d’accord","Ni d’accord ni pas d’accord (neutre)","Ni d’accord ni pas d’accord (neutre)","Tout à fait d’accord","Tout à fait d’accord","Pas du tout d'accord","Pas du tout d'accord","Pas du tout d'accord","Pas du tout d'accord","Pas du tout d'accord","Pas du tout d'accord","Pas du tout d'accord","Ni d’accord ni pas d’accord (neutre)","Pas du tout d'accord","Ni d’accord ni pas d’accord (neutre)","Ni d’accord ni pas d’accord (neutre)","Je m’y intéresse peu ou pas","Basés sur la facilité d’accès","Soutenir les producteurs;Manger plus sainement;Réduire les intermédiaires","Une démarche que j’admire sans suivre","Le manque d’habitude;Je ne sais pas où chercher","Meilleure signalétique des produits locaux"
"2025/05/25 10:24:23 AM UTC+3","Nouvelle-Aquitaine","Plutôt pas d'accord","Ni d’accord ni pas d’accord (neutre)","Plutôt pas d'accord","Ni d’accord ni pas d’accord (neutre)","Ni d’accord ni pas d’accord (neutre)","Ni d’accord ni pas d’accord (neutre)","Plutôt pas d'accord","Ni d’accord ni pas d’accord (neutre)","Pas du tout d'accord","Plutôt pas d'accord","Pas du tout d'accord","Plutôt pas d'accord","Ni d’accord ni pas d’accord (neutre)","Ni d’accord ni pas d’accord (neutre)","Pas du tout d'accord","Pas du tout d'accord","Plutôt pas d'accord","Plutôt pas d'accord","Ni d’accord ni pas d’accord (neutre)","Plutôt pas d'accord","Ni d’accord ni pas d’accord (neutre)","Ni d’accord ni pas d’accord (neutre)","Plutôt pas d'accord","Plutôt pas d'accord","Plutôt pas d'accord","Plutôt pas d'accord","Plutôt pas d'accord","Ni d’accord ni pas d’accord (neutre)","Ni d’accord ni pas d’accord (neutre)","Ni d’accord ni pas d’accord (neutre)","Plutôt pas d'accord","Ni d’accord ni pas d’accord (neutre)","Plutôt pas d'accord","Ni d’accord ni pas d’accord (neutre)","Ni d’accord ni pas d’accord (neutre)","Pas du tout d'accord","Plutôt pas d'accord","Plutôt pas d'accord","Ni d’accord ni pas d’accord (neutre)","Plutôt pas d'accord","Plutôt pas d'accord","Pas du tout d'accord","Ni d’accord ni pas d’accord (neutre)","Ni d’accord ni pas d’accord (neutre)","Ni d’accord ni pas d’accord (neutre)","Ni d’accord ni pas d’accord (neutre)","Ni d’accord ni pas d’accord (neutre)","Ni d’accord ni pas d’accord (neutre)","C’est central pour moi, je fais beaucoup d’efforts","Basés sur le prix;Basés sur la proximité géographique;Basés sur l’impact environnemental;Basés sur la facilité d’accès","Soutenir les producteurs;Limiter son empreinte écologique;Réduire les intermédiaires","Un effort;Une contrainte","Le prix;Le manque d’offre proche;Je ne sais pas où chercher","Aides financières (chèques alimentation, épiceries solidaires…);Plus d’événements ou d’animations sur l’alimentation locale;Plus de liens avec les producteurs (visites, témoignages…)"
"2025/05/25 10:27:19 AM UTC+3","Bretagne","Ni d’accord ni pas d’accord (neutre)","Plutôt d’accord","Plutôt d’accord","Tout à fait d’accord","Plutôt d’accord","Ni d’accord ni pas d’accord (neutre)","Plutôt d’accord","Ni d’accord ni pas d’accord (neutre)","Ni d’accord ni pas d’accord (neutre)","Plutôt d’accord","Pas du tout d'accord","Ni d’accord ni pas d’accord (neutre)","Tout à fait d’accord","Plutôt d’accord","Ni d’accord ni pas d’accord (neutre)","Plutôt d’accord","Ni d’accord ni pas d’accord (neutre)","Plutôt d’accord","Plutôt d’accord","Ni d’accord ni pas d’accord (neutre)","Plutôt d’accord","Plutôt d’accord","Plutôt d’accord","Pas du tout d'accord","Plutôt d’accord","Plutôt d’accord","Tout à fait d’accord","Plutôt pas d'accord","Plutôt d’accord","Plutôt d’accord","Plutôt d’accord","Tout à fait d’accord","Ni d’accord ni pas d’accord (neutre)","Ni d’accord ni pas d’accord (neutre)","Ni d’accord ni pas d’accord (neutre)","Tout à fait d’accord","Plutôt d’accord","Plutôt pas d'accord","Pas du tout d'accord","Plutôt pas d'accord","Plutôt pas d'accord","Plutôt pas d'accord","Plutôt d’accord","Plutôt d’accord","Tout à fait d’accord","Plutôt pas d'accord","Plutôt d’accord","Tout à fait d’accord","C’est important, mais ce n’est pas toujours simple","Basés sur le goût;Basés sur le prix;Basés sur la proximité géographique;Basés sur la qualité nutritionnelle","Soutenir les producteurs;Manger plus sainement;Limiter son empreinte écologique","Un réflexe","Aucun obstacle particulier","Plus d’événements ou d’animations sur l’alimentation locale"
"2025/05/25 10:33:05 AM UTC+3","Auvergne-Rhône-Alpes","Plutôt pas d'accord","Plutôt pas d'accord","Plutôt d’accord","Plutôt d’accord","Plutôt d’accord","Plutôt d’accord","Plutôt pas d'accord","Plutôt d’accord","Pas du tout d'accord","Tout à fait d’accord","Pas du tout d'accord","Plutôt pas d'accord","Plutôt pas d'accord","Plutôt pas d'accord","Plutôt pas d'accord","Plutôt pas d'accord","Plutôt pas d'accord","Plutôt d’accord","Plutôt d’accord","Plutôt pas d'accord","Plutôt pas d'accord","Plutôt d’accord","Plutôt d’accord","Plutôt pas d'accord","Plutôt d’accord","Plutôt d’accord","Plutôt d’accord","Plutôt d’accord","Plutôt d’accord","Plutôt d’accord","Plutôt d’accord","Plutôt d’accord","Plutôt pas d'accord","Plutôt pas d'accord","Plutôt pas d'accord","Plutôt d’accord","Tout à fait d’accord","Plutôt pas d'accord","Plutôt d’accord","Plutôt pas d'accord","Plutôt pas d'accord","Plutôt pas d'accord","Tout à fait d’accord","Plutôt d’accord","Tout à fait d’accord","Tout à fait d’accord","Tout à fait d’accord","Tout à fait d’accord","C’est important, mais ce n’est pas toujours simple","Basés sur le goût;Basés sur le prix;Basés sur la qualité nutritionnelle;Basés sur l’impact environnemental","Soutenir les producteurs;Limiter son empreinte écologique;S’ancrer dans un territoire;Réduire les intermédiaires;Faire un acte politique","Un effort;Une démarche que j’admire sans suivre","Le prix;Le manque d’offre proche;Le manque de temps;Le manque d’habitude;Je ne sais pas où chercher","Meilleure signalétique des produits locaux;Aides financières (chèques alimentation, épiceries solidaires…);Plus d’événements ou d’animations sur l’alimentation locale"
"2025/05/25 10:36:17 AM UTC+3","Normandie","Plutôt d’accord","Plutôt pas d'accord","Plutôt d’accord","Plutôt pas d'accord","Plutôt pas d'accord","Plutôt d’accord","Tout à fait d’accord","Tout à fait d’accord","Plutôt d’accord","Plutôt d’accord","Plutôt pas d'accord","Plutôt pas d'accord","Plutôt pas d'accord","Plutôt pas d'accord","Plutôt pas d'accord","Plutôt pas d'accord","Plutôt d’accord","Plutôt d’accord","Plutôt pas d'accord","Plutôt pas d'accord","Plutôt pas d'accord","Plutôt d’accord","Plutôt d’accord","Plutôt d’accord","Plutôt d’accord","Plutôt d’accord","Plutôt d’accord","Plutôt d’accord","Plutôt d’accord","Plutôt d’accord","Plutôt pas d'accord","Pas du tout d'accord","Plutôt d’accord","Plutôt pas d'accord","Plutôt d’accord","Plutôt d’accord","Plutôt d’accord","Plutôt pas d'accord","Plutôt pas d'accord","Plutôt pas d'accord","Plutôt pas d'accord","Plutôt pas d'accord","Plutôt d’accord","Plutôt d’accord","Plutôt d’accord","Plutôt pas d'accord","Ni d’accord ni pas d’accord (neutre)","Plutôt d’accord","C’est important, mais ce n’est pas toujours simple","Basés sur le goût;Basés sur le prix;Basés sur la facilité d’accès","Soutenir les producteurs;Manger plus sainement;Limiter son empreinte écologique","Un effort","Le manque d’offre proche;Le manque d’habitude","Meilleure signalétique des produits locaux"
"2025/05/25 10:45:19 AM UTC+3","Occitanie","Tout à fait d’accord","Tout à fait d’accord","Tout à fait d’accord","Plutôt d’accord","Tout à fait d’accord","Tout à fait d’accord","Tout à fait d’accord","Tout à fait d’accord","Plutôt d’accord","Tout à fait d’accord","Pas du tout d'accord","Tout à fait d’accord","Tout à fait d’accord","Tout à fait d’accord","Tout à fait d’accord","Tout à fait d’accord","Tout à fait d’accord","Ni d’accord ni pas d’accord (neutre)","Plutôt d’accord","Plutôt d’accord","Tout à fait d’accord","Tout à fait d’accord","Plutôt d’accord","Plutôt d’accord","Tout à fait d’accord","Tout à fait d’accord","Ni d’accord ni pas d’accord (neutre)","Ni d’accord ni pas d’accord (neutre)","Plutôt d’accord","Plutôt d’accord","Tout à fait d’accord","Tout à fait d’accord","Plutôt d’accord","Plutôt d’accord","Plutôt d’accord","Tout à fait d’accord","Plutôt d’accord","Plutôt pas d'accord","Plutôt pas d'accord","Plutôt pas d'accord","Plutôt pas d'accord","Pas du tout d'accord","Plutôt d’accord","Ni d’accord ni pas d’accord (neutre)","Tout à fait d’accord","Tout à fait d’accord","Tout à fait d’accord","Tout à fait d’accord","C’est central pour moi, je fais beaucoup d’efforts","Basés sur la proximité géographique;Basés sur la qualité nutritionnelle;Basés sur l’impact environnemental","Soutenir les producteurs;Manger plus sainement","Un réflexe","Aucun obstacle particulier","Meilleure signalétique des produits locaux;Aides financières (chèques alimentation, épiceries solidaires…)"
"2025/05/25 10:47:39 AM UTC+3","Bretagne","Tout à fait d’accord","Ni d’accord ni pas d’accord (neutre)","Plutôt pas d'accord","Pas du tout d'accord","Plutôt pas d'accord","Plutôt d’accord","Plutôt d’accord","Plutôt pas d'accord","Pas du tout d'accord","Pas du tout d'accord","Pas du tout d'accord","Pas du tout d'accord","Pas du tout d'accord","Pas du tout d'accord","Pas du tout d'accord","Pas du tout d'accord","Pas du tout d'accord","Pas du tout d'accord","Pas du tout d'accord","Pas du tout d'accord","Pas du tout d'accord","Tout à fait d’accord","Pas du tout d'accord","Pas du tout d'accord","Plutôt d’accord","Plutôt d’accord","Plutôt pas d'accord","Pas du tout d'accord","Plutôt d’accord","Plutôt d’accord","Tout à fait d’accord","Tout à fait d’accord","Ni d’accord ni pas d’accord (neutre)","Pas du tout d'accord","Pas du tout d'accord","Plutôt d’accord","Pas du tout d'accord","Pas du tout d'accord","Pas du tout d'accord","Plutôt d’accord","Pas du tout d'accord","Pas du tout d'accord","Pas du tout d'accord","Pas du tout d'accord","Plutôt d’accord","Pas du tout d'accord","Plutôt d’accord","Plutôt d’accord","J’y suis sensible, mais je n’agis pas beaucoup","Basés sur le goût;Basés sur la qualité nutritionnelle;Basés sur l’impact environnemental;Basés sur la facilité d’accès","Soutenir les producteurs;S’ancrer dans un territoire","Un idéal inaccessible;Une contrainte","Le manque d’information claire;Le manque d’habitude;Je ne sais pas où chercher","Meilleure signalétique des produits locaux"
"2025/05/25 10:50:42 AM UTC+3","Occitanie","Plutôt d’accord","Plutôt d’accord","Tout à fait d’accord","Tout à fait d’accord","Tout à fait d’accord","Plutôt d’accord","Plutôt d’accord","Plutôt d’accord","Ni d’accord ni pas d’accord (neutre)","Ni d’accord ni pas d’accord (neutre)","Plutôt pas d'accord","Ni d’accord ni pas d’accord (neutre)","Ni d’accord ni pas d’accord (neutre)","Plutôt d’accord","Plutôt d’accord","Plutôt d’accord","Plutôt d’accord","Plutôt d’accord","Plutôt d’accord","Plutôt d’accord","Plutôt d’accord","Plutôt d’accord","Plutôt d’accord","Ni d’accord ni pas d’accord (neutre)","Plutôt d’accord","Plutôt d’accord","Ni d’accord ni pas d’accord (neutre)","Ni d’accord ni pas d’accord (neutre)","Ni d’accord ni pas d’accord (neutre)","Plutôt d’accord","Plutôt d’accord","Tout à fait d’accord","Plutôt d’accord","Plutôt d’accord","Plutôt d’accord","Plutôt d’accord","Plutôt d’accord","Plutôt d’accord","Ni d’accord ni pas d’accord (neutre)","Ni d’accord ni pas d’accord (neutre)","Plutôt d’accord","Ni d’accord ni pas d’accord (neutre)","Plutôt d’accord","Plutôt d’accord","Plutôt d’accord","Plutôt d’accord","Plutôt d’accord","Plutôt d’accord","C’est important, mais ce n’est pas toujours simple","Basés sur le goût;Basés sur le prix;Basés sur la proximité géographique","Soutenir les producteurs;Manger plus sainement;S’ancrer dans un territoire","Un réflexe","Le prix;Le manque d’habitude","Plus d’événements ou d’animations sur l’alimentation locale;Plus de liens avec les producteurs (visites, témoignages…)"
"2025/05/25 10:52:03 AM UTC+3","Bretagne","Tout à fait d’accord","Plutôt d’accord","Tout à fait d’accord","Plutôt d’accord","Plutôt d’accord","Tout à fait d’accord","Plutôt d’accord","Ni d’accord ni pas d’accord (neutre)","Ni d’accord ni pas d’accord (neutre)","Tout à fait d’accord","Pas du tout d'accord","Plutôt d’accord","Ni d’accord ni pas d’accord (neutre)","Ni d’accord ni pas d’accord (neutre)","Ni d’accord ni pas d’accord (neutre)","Ni d’accord ni pas d’accord (neutre)","Plutôt d’accord","Plutôt d’accord","Plutôt d’accord","Ni d’accord ni pas d’accord (neutre)","Plutôt d’accord","Tout à fait d’accord","Tout à fait d’accord","Plutôt pas d'accord","Tout à fait d’accord","Tout à fait d’accord","Tout à fait d’accord","Tout à fait d’accord","Tout à fait d’accord","Tout à fait d’accord","Plutôt d’accord","Tout à fait d’accord","Plutôt d’accord","Plutôt pas d'accord","Plutôt pas d'accord","Ni d’accord ni pas d’accord (neutre)","Plutôt pas d'accord","Plutôt pas d'accord","Pas du tout d'accord","Plutôt pas d'accord","Plutôt d’accord","Ni d’accord ni pas d’accord (neutre)","Tout à fait d’accord","Plutôt d’accord","Tout à fait d’accord","Ni d’accord ni pas d’accord (neutre)","Plutôt d’accord","Tout à fait d’accord","C’est important, mais ce n’est pas toujours simple","Basés sur le goût;Basés sur la proximité géographique;Basés sur l’impact environnemental;Basés sur la facilité d’accès","Soutenir les producteurs;Manger plus sainement;Limiter son empreinte écologique","Un effort","Le prix;Le manque de temps","Aides financières (chèques alimentation, épiceries solidaires…);Plus de liens avec les producteurs (visites, témoignages…)"
"2025/05/25 10:53:06 AM UTC+3","Occitanie","Plutôt d’accord","Plutôt pas d'accord","Plutôt pas d'accord","Plutôt d’accord","Tout à fait d’accord","Plutôt pas d'accord","Ni d’accord ni pas d’accord (neutre)","Tout à fait d’accord","Plutôt d’accord","Plutôt d’accord","Pas du tout d'accord","Tout à fait d’accord","Tout à fait d’accord","Tout à fait d’accord","Ni d’accord ni pas d’accord (neutre)","Tout à fait d’accord","Ni d’accord ni pas d’accord (neutre)","Plutôt d’accord","Pas du tout d'accord","Pas du tout d'accord","Plutôt pas d'accord","Tout à fait d’accord","Tout à fait d’accord","Pas du tout d'accord","Plutôt d’accord","Tout à fait d’accord","Plutôt d’accord","Plutôt d’accord","Plutôt d’accord","Plutôt d’accord","Pas du tout d'accord","Plutôt d’accord","Plutôt d’accord","Plutôt pas d'accord","Plutôt pas d'accord","Tout à fait d’accord","Ni d’accord ni pas d’accord (neutre)","Pas du tout d'accord","Pas du tout d'accord","Pas du tout d'accord","Pas du tout d'accord","Pas du tout d'accord","Ni d’accord ni pas d’accord (neutre)","Ni d’accord ni pas d’accord (neutre)","Plutôt pas d'accord","Pas du tout d'accord","Plutôt d’accord","Tout à fait d’accord","C’est important, mais ce n’est pas toujours simple","Basés sur le goût;Basés sur le prix;Basés sur la qualité nutritionnelle;Basés sur l’impact environnemental","Manger plus sainement;Réduire les intermédiaires","Un réflexe;Un effort","Le prix","Plus d’offres en ligne / en livraison"
"2025/05/25 10:53:46 AM UTC+3","Île-de-France","Ni d’accord ni pas d’accord (neutre)","Ni d’accord ni pas d’accord (neutre)","Pas du tout d'accord","Pas du tout d'accord","Tout à fait d’accord","Plutôt d’accord","Plutôt d’accord","Plutôt d’accord","Pas du tout d'accord","Ni d’accord ni pas d’accord (neutre)","Pas du tout d'accord","Pas du tout d'accord","Pas du tout d'accord","Plutôt pas d'accord","Pas du tout d'accord","Pas du tout d'accord","Plutôt d’accord","Plutôt d’accord","Ni d’accord ni pas d’accord (neutre)","Pas du tout d'accord","Pas du tout d'accord","Ni d’accord ni pas d’accord (neutre)","Ni d’accord ni pas d’accord (neutre)","Pas du tout d'accord","Tout à fait d’accord","Plutôt d’accord","Plutôt d’accord","Plutôt pas d'accord","Pas du tout d'accord","Ni d’accord ni pas d’accord (neutre)","Plutôt pas d'accord","Plutôt pas d'accord","Plutôt d’accord","Ni d’accord ni pas d’accord (neutre)","Ni d’accord ni pas d’accord (neutre)","Plutôt d’accord","Tout à fait d’accord","Pas du tout d'accord","Pas du tout d'accord","Pas du tout d'accord","Pas du tout d'accord","Pas du tout d'accord","Ni d’accord ni pas d’accord (neutre)","Ni d’accord ni pas d’accord (neutre)","Ni d’accord ni pas d’accord (neutre)","Pas du tout d'accord","Pas du tout d'accord","Ni d’accord ni pas d’accord (neutre)","J’y suis sensible, mais je n’agis pas beaucoup","Basés sur le goût;Basés sur le prix;Basés sur la qualité nutritionnelle","Soutenir les producteurs","Un effort","Le manque d’information claire;Le manque d’habitude","Meilleure signalétique des produits locaux"
"2025/05/25 10:54:41 AM UTC+3","Bretagne","Plutôt d’accord","Plutôt d’accord","Ni d’accord ni pas d’accord (neutre)","Tout à fait d’accord","Ni d’accord ni pas d’accord (neutre)","Tout à fait d’accord","Plutôt d’accord","Ni d’accord ni pas d’accord (neutre)","Pas du tout d'accord","Pas du tout d'accord","Pas du tout d'accord","Pas du tout d'accord","Pas du tout d'accord","Pas du tout d'accord","Pas du tout d'accord","Pas du tout d'accord","Plutôt d’accord","Plutôt d’accord","Pas du tout d'accord","Pas du tout d'accord","Pas du tout d'accord","Tout à fait d’accord","Pas du tout d'accord","Pas du tout d'accord","Plutôt d’accord","Plutôt d’accord","Tout à fait d’accord","Pas du tout d'accord","Plutôt d’accord","Plutôt pas d'accord","Plutôt pas d'accord","Tout à fait d’accord","Tout à fait d’accord","Pas du tout d'accord","Pas du tout d'accord","Ni d’accord ni pas d’accord (neutre)","Plutôt d’accord","Pas du tout d'accord","Tout à fait d’accord","Pas du tout d'accord","Pas du tout d'accord","Pas du tout d'accord","Plutôt pas d'accord","Pas du tout d'accord","Ni d’accord ni pas d’accord (neutre)","Pas du tout d'accord","Plutôt d’accord","Tout à fait d’accord","J’y suis sensible, mais je n’agis pas beaucoup","Basés sur le goût;Basés sur le prix;Basés sur la proximité géographique;Basés sur la qualité nutritionnelle;Basés sur l’impact environnemental;Basés sur la facilité d’accès","Soutenir les producteurs;Manger plus sainement;Limiter son empreinte écologique","Un réflexe;Un effort;Un idéal inaccessible;Une démarche que j’admire sans suivre","Le manque de temps;Le manque d’habitude","Meilleure signalétique des produits locaux"
"2025/05/25 11:01:04 AM UTC+3","Occitanie","Plutôt d’accord","Plutôt d’accord","Ni d’accord ni pas d’accord (neutre)","Plutôt d’accord","Plutôt d’accord","Plutôt d’accord","Tout à fait d’accord","Tout à fait d’accord","Plutôt pas d'accord","Tout à fait d’accord","Pas du tout d'accord","Tout à fait d’accord","Tout à fait d’accord","Ni d’accord ni pas d’accord (neutre)","Plutôt d’accord","Tout à fait d’accord","Tout à fait d’accord","Tout à fait d’accord","Ni d’accord ni pas d’accord (neutre)","Plutôt d’accord","Plutôt d’accord","Plutôt d’accord","Plutôt d’accord","Tout à fait d’accord","Tout à fait d’accord","Tout à fait d’accord","Tout à fait d’accord","Ni d’accord ni pas d’accord (neutre)","Tout à fait d’accord","Tout à fait d’accord","Ni d’accord ni pas d’accord (neutre)","Tout à fait d’accord","Ni d’accord ni pas d’accord (neutre)","Plutôt d’accord","Ni d’accord ni pas d’accord (neutre)","Ni d’accord ni pas d’accord (neutre)","Tout à fait d’accord","Pas du tout d'accord","Plutôt pas d'accord","Plutôt pas d'accord","Plutôt pas d'accord","Plutôt pas d'accord","Tout à fait d’accord","Plutôt d’accord","Ni d’accord ni pas d’accord (neutre)","Plutôt d’accord","Plutôt d’accord","Plutôt d’accord","C’est important, mais ce n’est pas toujours simple","Basés sur le goût;Basés sur le prix;Basés sur l’impact environnemental","Soutenir les producteurs;Manger plus sainement;Limiter son empreinte écologique;Réduire les intermédiaires","Un effort;un pas vers une alimentation meilleure","Le prix;Le manque de temps","Plus d’offres en ligne / en livraison"
"2025/05/25 11:02:10 AM UTC+3","Occitanie","Tout à fait d’accord","Tout à fait d’accord","Tout à fait d’accord","Tout à fait d’accord","Tout à fait d’accord","Tout à fait d’accord","Tout à fait d’accord","Tout à fait d’accord","Tout à fait d’accord","Tout à fait d’accord","Tout à fait d’accord","Tout à fait d’accord","Tout à fait d’accord","Tout à fait d’accord","Tout à fait d’accord","Tout à fait d’accord","Tout à fait d’accord","Tout à fait d’accord","Tout à fait d’accord","Tout à fait d’accord","Tout à fait d’accord","Tout à fait d’accord","Tout à fait d’accord","Tout à fait d’accord","Plutôt d’accord","Plutôt d’accord","Plutôt d’accord","Plutôt d’accord","Plutôt d’accord","Plutôt d’accord","Plutôt d’accord","Plutôt d’accord","Tout à fait d’accord","Tout à fait d’accord","Tout à fait d’accord","Tout à fait d’accord","Tout à fait d’accord","Tout à fait d’accord","Tout à fait d’accord","Tout à fait d’accord","Tout à fait d’accord","Tout à fait d’accord","Tout à fait d’accord","Tout à fait d’accord","Tout à fait d’accord","Tout à fait d’accord","Tout à fait d’accord","Tout à fait d’accord","C’est important, mais ce n’est pas toujours simple","Basés sur la proximité géographique;Basés sur la qualité nutritionnelle;Basés sur l’impact environnemental","Soutenir les producteurs;Manger plus sainement;Limiter son empreinte écologique;S’ancrer dans un territoire;Réduire les intermédiaires;Faire un acte politique","Un réflexe","Aucun obstacle particulier","Meilleure signalétique des produits locaux;Aides financières (chèques alimentation, épiceries solidaires…);Plus d’événements ou d’animations sur l’alimentation locale;Plus de liens avec les producteurs (visites, témoignages…)"
"2025/05/25 11:10:08 AM UTC+3","Bretagne","Plutôt pas d'accord","Plutôt pas d'accord","Plutôt d’accord","Plutôt d’accord","Plutôt d’accord","Plutôt d’accord","Plutôt d’accord","Plutôt d’accord","Plutôt pas d'accord","Plutôt pas d'accord","Pas du tout d'accord","Pas du tout d'accord","Plutôt pas d'accord","Pas du tout d'accord","Pas du tout d'accord","Plutôt pas d'accord","Plutôt pas d'accord","Plutôt d’accord","Plutôt d’accord","Pas du tout d'accord","Ni d’accord ni pas d’accord (neutre)","Ni d’accord ni pas d’accord (neutre)","Plutôt pas d'accord","Plutôt pas d'accord","Tout à fait d’accord","Plutôt d’accord","Ni d’accord ni pas d’accord (neutre)","Pas du tout d'accord","Plutôt d’accord","Plutôt d’accord","Plutôt d’accord","Tout à fait d’accord","Plutôt d’accord","Plutôt pas d'accord","Pas du tout d'accord","Plutôt d’accord","Plutôt d’accord","Pas du tout d'accord","Tout à fait d’accord","Tout à fait d’accord","Pas du tout d'accord","Ni d’accord ni pas d’accord (neutre)","Ni d’accord ni pas d’accord (neutre)","Pas du tout d'accord","Plutôt d’accord","Plutôt d’accord","Plutôt d’accord","Plutôt d’accord","C’est important, mais ce n’est pas toujours simple","Basés sur le goût;Basés sur le prix;Basés sur la qualité nutritionnelle;Basés sur l’impact environnemental;Basés sur la facilité d’accès","Soutenir les producteurs;Manger plus sainement;Limiter son empreinte écologique","Un effort;Un idéal inaccessible","Le prix;Le manque d’offre proche;Le manque de temps;Le manque d’habitude","Meilleure signalétique des produits locaux;Plus d’offres en ligne / en livraison"
"2025/05/25 11:14:51 AM UTC+3","Grand Est","Plutôt d’accord","Plutôt d’accord","Tout à fait d’accord","Plutôt d’accord","Pas du tout d'accord","Plutôt pas d'accord","Plutôt pas d'accord","Tout à fait d’accord","Ni d’accord ni pas d’accord (neutre)","Pas du tout d'accord","Pas du tout d'accord","Pas du tout d'accord","Pas du tout d'accord","Ni d’accord ni pas d’accord (neutre)","Pas du tout d'accord","Pas du tout d'accord","Pas du tout d'accord","Pas du tout d'accord","Plutôt d’accord","Pas du tout d'accord","Plutôt d’accord","Tout à fait d’accord","Pas du tout d'accord","Pas du tout d'accord","Plutôt d’accord","Plutôt d’accord","Plutôt d’accord","Plutôt pas d'accord","Pas du tout d'accord","Pas du tout d'accord","Ni d’accord ni pas d’accord (neutre)","Ni d’accord ni pas d’accord (neutre)","Pas du tout d'accord","Pas du tout d'accord","Pas du tout d'accord","Tout à fait d’accord","Plutôt pas d'accord","Pas du tout d'accord","Pas du tout d'accord","Pas du tout d'accord","Pas du tout d'accord","Pas du tout d'accord","Pas du tout d'accord","Pas du tout d'accord","Tout à fait d’accord","Pas du tout d'accord","Ni d’accord ni pas d’accord (neutre)","Plutôt d’accord","J’y suis sensible, mais je n’agis pas beaucoup","Basés sur le goût;Basés sur la qualité nutritionnelle","Soutenir les producteurs;Limiter son empreinte écologique;Réduire les intermédiaires","Un effort;Une démarche que j’admire sans suivre","Le prix;Le manque d’information claire;Le manque de temps;Le manque d’habitude","Plus d’offres en ligne / en livraison"
"2025/05/25 11:15:19 AM UTC+3","Normandie","Plutôt d’accord","Plutôt d’accord","Plutôt d’accord","Plutôt d’accord","Plutôt d’accord","Plutôt d’accord","Tout à fait d’accord","Tout à fait d’accord","Plutôt pas d'accord","Ni d’accord ni pas d’accord (neutre)","Plutôt pas d'accord","Plutôt d’accord","Ni d’accord ni pas d’accord (neutre)","Plutôt d’accord","Plutôt pas d'accord","Ni d’accord ni pas d’accord (neutre)","Plutôt pas d'accord","Plutôt d’accord","Ni d’accord ni pas d’accord (neutre)","Plutôt pas d'accord","Ni d’accord ni pas d’accord (neutre)","Tout à fait d’accord","Ni d’accord ni pas d’accord (neutre)","Pas du tout d'accord","Plutôt d’accord","Plutôt d’accord","Plutôt d’accord","Plutôt d’accord","Ni d’accord ni pas d’accord (neutre)","Plutôt d’accord","Ni d’accord ni pas d’accord (neutre)","Plutôt d’accord","Tout à fait d’accord","Ni d’accord ni pas d’accord (neutre)","Pas du tout d'accord","Plutôt pas d'accord","Plutôt d’accord","Pas du tout d'accord","Pas du tout d'accord","Ni d’accord ni pas d’accord (neutre)","Pas du tout d'accord","Pas du tout d'accord","Plutôt pas d'accord","Plutôt pas d'accord","Plutôt d’accord","Pas du tout d'accord","Plutôt pas d'accord","Plutôt d’accord","J’y suis sensible, mais je n’agis pas beaucoup","Basés sur la facilité d’accès","Soutenir les producteurs;Manger plus sainement;Limiter son empreinte écologique","Un effort","Le manque d’offre proche;Le manque d’information claire;Je ne sais pas où chercher","Meilleure signalétique des produits locaux;Plus d’offres en ligne / en livraison;Plus de liens avec les producteurs (visites, témoignages…)"
"2025/05/25 11:16:15 AM UTC+3","Bretagne","Plutôt d’accord","Pas du tout d'accord","Tout à fait d’accord","Ni d’accord ni pas d’accord (neutre)","Ni d’accord ni pas d’accord (neutre)","Tout à fait d’accord","Tout à fait d’accord","Tout à fait d’accord","Ni d’accord ni pas d’accord (neutre)","Plutôt pas d'accord","Pas du tout d'accord","Pas du tout d'accord","Pas du tout d'accord","Pas du tout d'accord","Pas du tout d'accord","Plutôt pas d'accord","Plutôt d’accord","Tout à fait d’accord","Plutôt d’accord","Plutôt pas d'accord","Plutôt pas d'accord","Plutôt d’accord","Tout à fait d’accord","Tout à fait d’accord","Tout à fait d’accord","Tout à fait d’accord","Plutôt pas d'accord","Ni d’accord ni pas d’accord (neutre)","Plutôt d’accord","Plutôt pas d'accord","Plutôt pas d'accord","Ni d’accord ni pas d’accord (neutre)","Ni d’accord ni pas d’accord (neutre)","Pas du tout d'accord","Pas du tout d'accord","Plutôt d’accord","Plutôt d’accord","Pas du tout d'accord","Pas du tout d'accord","Pas du tout d'accord","Tout à fait d’accord","Tout à fait d’accord","Ni d’accord ni pas d’accord (neutre)","Plutôt d’accord","Tout à fait d’accord","Ni d’accord ni pas d’accord (neutre)","Ni d’accord ni pas d’accord (neutre)","Plutôt d’accord","J’y suis sensible, mais je n’agis pas beaucoup","Basés sur le goût;Basés sur le prix;Basés sur la qualité nutritionnelle;Basés sur la facilité d’accès","Soutenir les producteurs;S’ancrer dans un territoire;Réduire les intermédiaires","Une démarche que j’admire sans suivre","Le prix;Le manque de temps;Le manque d’habitude","Aides financières (chèques alimentation, épiceries solidaires…)"
"2025/05/25 11:19:33 AM UTC+3","Centre-Val de Loire","Tout à fait d’accord","Ni d’accord ni pas d’accord (neutre)","Ni d’accord ni pas d’accord (neutre)","Plutôt d’accord","Pas du tout d'accord","Plutôt d’accord","Plutôt pas d'accord","Plutôt d’accord","Pas du tout d'accord","Tout à fait d’accord","Pas du tout d'accord","Pas du tout d'accord","Pas du tout d'accord","Pas du tout d'accord","Pas du tout d'accord","Pas du tout d'accord","Tout à fait d’accord","Plutôt d’accord","Pas du tout d'accord","Pas du tout d'accord","Pas du tout d'accord","Plutôt d’accord","Plutôt d’accord","Pas du tout d'accord","Tout à fait d’accord","Tout à fait d’accord","Plutôt pas d'accord","Plutôt pas d'accord","Plutôt d’accord","Pas du tout d'accord","Pas du tout d'accord","Tout à fait d’accord","Pas du tout d'accord","Pas du tout d'accord","Pas du tout d'accord","Tout à fait d’accord","Tout à fait d’accord","Pas du tout d'accord","Pas du tout d'accord","Pas du tout d'accord","Tout à fait d’accord","Pas du tout d'accord","Tout à fait d’accord","Tout à fait d’accord","Tout à fait d’accord","Pas du tout d'accord","Tout à fait d’accord","Tout à fait d’accord","C’est important, mais ce n’est pas toujours simple","Basés sur le prix;Basés sur la qualité nutritionnelle;Basés sur la facilité d’accès;Goût de ma famille qui ne sont pas forcément les miens ","Soutenir les producteurs;Limiter son empreinte écologique;S’ancrer dans un territoire;Réduire les intermédiaires;Faire un acte politique","Un effort","Le prix;Le manque de temps","Meilleure signalétique des produits locaux;Aides financières (chèques alimentation, épiceries solidaires…);Plus d’événements ou d’animations sur l’alimentation locale;Plus de liens avec les producteurs (visites, témoignages…)"
"2025/05/25 11:26:00 AM UTC+3","Bretagne","Plutôt pas d'accord","Plutôt pas d'accord","Plutôt d’accord","Tout à fait d’accord","Plutôt pas d'accord","Pas du tout d'accord","Plutôt pas d'accord","Plutôt d’accord","Pas du tout d'accord","Ni d’accord ni pas d’accord (neutre)","Pas du tout d'accord","Pas du tout d'accord","Pas du tout d'accord","Pas du tout d'accord","Pas du tout d'accord","Pas du tout d'accord","Pas du tout d'accord","Plutôt d’accord","Pas du tout d'accord","Plutôt pas d'accord","Pas du tout d'accord","Pas du tout d'accord","Pas du tout d'accord","Plutôt pas d'accord","Ni d’accord ni pas d’accord (neutre)","Plutôt pas d'accord","Plutôt pas d'accord","Pas du tout d'accord","Pas du tout d'accord","Plutôt pas d'accord","Pas du tout d'accord","Pas du tout d'accord","Plutôt d’accord","Pas du tout d'accord","Plutôt d’accord","Plutôt d’accord","Tout à fait d’accord","Pas du tout d'accord","Plutôt d’accord","Pas du tout d'accord","Plutôt d’accord","Pas du tout d'accord","Pas du tout d'accord","Pas du tout d'accord","Ni d’accord ni pas d’accord (neutre)","Pas du tout d'accord","Pas du tout d'accord","Tout à fait d’accord","J’y suis sensible, mais je n’agis pas beaucoup","Basés sur le prix;Basés sur l’impact environnemental;Basés sur la facilité d’accès","Soutenir les producteurs;Manger plus sainement;Limiter son empreinte écologique","Un effort;Une démarche que j’admire sans suivre","Aucun obstacle particulier","Meilleure signalétique des produits locaux;Plus de liens avec les producteurs (visites, témoignages…)"
"2025/05/25 11:30:30 AM UTC+3","Bretagne","Plutôt d’accord","Plutôt d’accord","Tout à fait d’accord","Ni d’accord ni pas d’accord (neutre)","Plutôt d’accord","Tout à fait d’accord","Tout à fait d’accord","Tout à fait d’accord","Plutôt pas d'accord","Tout à fait d’accord","Pas du tout d'accord","Plutôt d’accord","Pas du tout d'accord","Plutôt pas d'accord","Plutôt pas d'accord","Plutôt pas d'accord","Plutôt d’accord","Tout à fait d’accord","Ni d’accord ni pas d’accord (neutre)","Plutôt pas d'accord","Plutôt d’accord","Plutôt d’accord","Plutôt pas d'accord","Tout à fait d’accord","Tout à fait d’accord","Tout à fait d’accord","Tout à fait d’accord","Ni d’accord ni pas d’accord (neutre)","Tout à fait d’accord","Plutôt d’accord","Plutôt d’accord","Tout à fait d’accord","Ni d’accord ni pas d’accord (neutre)","Plutôt pas d'accord","Plutôt d’accord","Plutôt pas d'accord","Tout à fait d’accord","Pas du tout d'accord","Pas du tout d'accord","Plutôt d’accord","Tout à fait d’accord","Plutôt d’accord","Tout à fait d’accord","Plutôt pas d'accord","Plutôt d’accord","Ni d’accord ni pas d’accord (neutre)","Plutôt d’accord","Plutôt d’accord","C’est important, mais ce n’est pas toujours simple","Basés sur le goût;Basés sur le prix;Basés sur la proximité géographique;Basés sur la qualité nutritionnelle;Basés sur l’impact environnemental;Basés sur la facilité d’accès","Soutenir les producteurs;Limiter son empreinte écologique;Réduire les intermédiaires","Un réflexe","Le manque d’offre proche;Le manque de temps;Je ne sais pas où chercher","Aides financières (chèques alimentation, épiceries solidaires…);Plus de liens avec les producteurs (visites, témoignages…)"
"2025/05/25 11:31:10 AM UTC+3","Bretagne","Plutôt pas d'accord","Plutôt pas d'accord","Ni d’accord ni pas d’accord (neutre)","Plutôt pas d'accord","Plutôt pas d'accord","Plutôt pas d'accord","Plutôt pas d'accord","Ni d’accord ni pas d’accord (neutre)","Plutôt pas d'accord","Plutôt pas d'accord","Plutôt pas d'accord","Plutôt pas d'accord","Plutôt pas d'accord","Plutôt pas d'accord","Plutôt pas d'accord","Plutôt pas d'accord","Plutôt pas d'accord","Ni d’accord ni pas d’accord (neutre)","Plutôt pas d'accord","Ni d’accord ni pas d’accord (neutre)","Plutôt pas d'accord","Plutôt pas d'accord","Plutôt pas d'accord","Plutôt pas d'accord","Plutôt d’accord","Ni d’accord ni pas d’accord (neutre)","Plutôt pas d'accord","Plutôt pas d'accord","Plutôt pas d'accord","Plutôt pas d'accord","Plutôt pas d'accord","Plutôt pas d'accord","Plutôt pas d'accord","Plutôt pas d'accord","Plutôt pas d'accord","Plutôt pas d'accord","Ni d’accord ni pas d’accord (neutre)","Plutôt pas d'accord","Plutôt pas d'accord","Plutôt pas d'accord","Plutôt pas d'accord","Plutôt pas d'accord","Plutôt pas d'accord","Plutôt pas d'accord","Plutôt pas d'accord","Plutôt pas d'accord","Plutôt pas d'accord","Plutôt pas d'accord","J’y suis sensible, mais je n’agis pas beaucoup","Basés sur le prix;Basés sur la facilité d’accès","Soutenir les producteurs;Manger plus sainement","Une démarche que j’admire sans suivre","Le prix;Le manque d’offre proche;Le manque de temps;Je ne sais pas où chercher","Meilleure signalétique des produits locaux;Aides financières (chèques alimentation, épiceries solidaires…)"
"2025/05/25 11:31:42 AM UTC+3","Île-de-France","Pas du tout d'accord","Pas du tout d'accord","Tout à fait d’accord","Pas du tout d'accord","Plutôt pas d'accord","Plutôt pas d'accord","Ni d’accord ni pas d’accord (neutre)","Ni d’accord ni pas d’accord (neutre)","Pas du tout d'accord","Plutôt d’accord","Pas du tout d'accord","Pas du tout d'accord","Pas du tout d'accord","Pas du tout d'accord","Pas du tout d'accord","Pas du tout d'accord","Pas du tout d'accord","Ni d’accord ni pas d’accord (neutre)","Ni d’accord ni pas d’accord (neutre)","Pas du tout d'accord","Pas du tout d'accord","Plutôt pas d'accord","Pas du tout d'accord","Pas du tout d'accord","Tout à fait d’accord","Tout à fait d’accord","Tout à fait d’accord","Tout à fait d’accord","Ni d’accord ni pas d’accord (neutre)","Ni d’accord ni pas d’accord (neutre)","Ni d’accord ni pas d’accord (neutre)","Plutôt d’accord","Plutôt pas d'accord","Pas du tout d'accord","Pas du tout d'accord","Pas du tout d'accord","Plutôt d’accord","Pas du tout d'accord","Plutôt pas d'accord","Pas du tout d'accord","Pas du tout d'accord","Pas du tout d'accord","Plutôt pas d'accord","Pas du tout d'accord","Tout à fait d’accord","Pas du tout d'accord","Pas du tout d'accord","Tout à fait d’accord","Je m’y intéresse peu ou pas","Basés sur le goût;Basés sur le prix;Basés sur la qualité nutritionnelle;Basés sur la facilité d’accès","Soutenir les producteurs;Limiter son empreinte écologique;Réduire les intermédiaires","Un effort;Un idéal inaccessible","Le prix;Le manque d’offre proche","Aides financières (chèques alimentation, épiceries solidaires…);Plus d’offres en ligne / en livraison;Plus de liens avec les producteurs (visites, témoignages…)"
"2025/05/25 11:32:37 AM UTC+3","Centre-Val de Loire","Tout à fait d’accord","Plutôt d’accord","Plutôt d’accord","Plutôt d’accord","Ni d’accord ni pas d’accord (neutre)","Plutôt d’accord","Tout à fait d’accord","Pas du tout d'accord","Pas du tout d'accord","Tout à fait d’accord","Pas du tout d'accord","Pas du tout d'accord","Pas du tout d'accord","Pas du tout d'accord","Plutôt pas d'accord","Pas du tout d'accord","Tout à fait d’accord","Tout à fait d’accord","Ni d’accord ni pas d’accord (neutre)","Pas du tout d'accord","Ni d’accord ni pas d’accord (neutre)","Tout à fait d’accord","Plutôt pas d'accord","Tout à fait d’accord","Ni d’accord ni pas d’accord (neutre)","Ni d’accord ni pas d’accord (neutre)","Ni d’accord ni pas d’accord (neutre)","Ni d’accord ni pas d’accord (neutre)","Ni d’accord ni pas d’accord (neutre)","Ni d’accord ni pas d’accord (neutre)","Ni d’accord ni pas d’accord (neutre)","Ni d’accord ni pas d’accord (neutre)","Plutôt d’accord","Plutôt pas d'accord","Plutôt pas d'accord","Plutôt d’accord","Tout à fait d’accord","Pas du tout d'accord","Pas du tout d'accord","Pas du tout d'accord","Pas du tout d'accord","Pas du tout d'accord","Plutôt d’accord","Pas du tout d'accord","Ni d’accord ni pas d’accord (neutre)","Pas du tout d'accord","Plutôt d’accord","Plutôt d’accord","J’y suis sensible, mais je n’agis pas beaucoup","Basés sur le goût;Basés sur le prix;Basés sur la qualité nutritionnelle;Basés sur l’impact environnemental;Basés sur la facilité d’accès","Soutenir les producteurs;Limiter son empreinte écologique;Réduire les intermédiaires","Un effort","Le prix;Le manque d’offre proche;Le manque de temps","Meilleure signalétique des produits locaux;Rien de tout cela / je ne souhaite pas changer"
"2025/05/25 11:33:42 AM UTC+3","Bretagne","Plutôt pas d'accord","Pas du tout d'accord","Plutôt d’accord","Plutôt d’accord","Ni d’accord ni pas d’accord (neutre)","Plutôt d’accord","Ni d’accord ni pas d’accord (neutre)","Ni d’accord ni pas d’accord (neutre)","Plutôt d’accord","Plutôt d’accord","Pas du tout d'accord","Plutôt pas d'accord","Tout à fait d’accord","Plutôt pas d'accord","Pas du tout d'accord","Plutôt d’accord","Plutôt d’accord","Plutôt d’accord","Plutôt pas d'accord","Pas du tout d'accord","Ni d’accord ni pas d’accord (neutre)","Plutôt d’accord","Pas du tout d'accord","Tout à fait d’accord","Plutôt d’accord","Plutôt d’accord","Plutôt d’accord","Pas du tout d'accord","Ni d’accord ni pas d’accord (neutre)","Tout à fait d’accord","Plutôt pas d'accord","Plutôt d’accord","Plutôt d’accord","Ni d’accord ni pas d’accord (neutre)","Plutôt pas d'accord","Plutôt d’accord","Plutôt d’accord","Pas du tout d'accord","Plutôt pas d'accord","Plutôt pas d'accord","Tout à fait d’accord","Ni d’accord ni pas d’accord (neutre)","Plutôt pas d'accord","Pas du tout d'accord","Tout à fait d’accord","Ni d’accord ni pas d’accord (neutre)","Plutôt d’accord","Plutôt d’accord","J’y suis sensible, mais je n’agis pas beaucoup","Basés sur le goût;Basés sur le prix;Basés sur la qualité nutritionnelle","Soutenir les producteurs;Limiter son empreinte écologique;S’ancrer dans un territoire","Un effort;Une contrainte","Le prix;Le manque d’information claire;Le manque d’habitude;Je ne sais pas où chercher","Meilleure signalétique des produits locaux"
"2025/05/25 11:34:00 AM UTC+3","Hauts-de-France","Plutôt d’accord","Plutôt pas d'accord","Ni d’accord ni pas d’accord (neutre)","Plutôt d’accord","Tout à fait d’accord","Plutôt d’accord","Tout à fait d’accord","Plutôt d’accord","Ni d’accord ni pas d’accord (neutre)","Tout à fait d’accord","Pas du tout d'accord","Plutôt d’accord","Ni d’accord ni pas d’accord (neutre)","Tout à fait d’accord","Plutôt pas d'accord","Plutôt d’accord","Tout à fait d’accord","Plutôt d’accord","Ni d’accord ni pas d’accord (neutre)","Plutôt pas d'accord","Plutôt d’accord","Plutôt d’accord","Plutôt d’accord","Plutôt d’accord","Tout à fait d’accord","Tout à fait d’accord","Plutôt d’accord","Plutôt d’accord","Ni d’accord ni pas d’accord (neutre)","Plutôt d’accord","Ni d’accord ni pas d’accord (neutre)","Plutôt d’accord","Plutôt d’accord","Ni d’accord ni pas d’accord (neutre)","Plutôt d’accord","Plutôt d’accord","Plutôt d’accord","Ni d’accord ni pas d’accord (neutre)","Plutôt d’accord","Ni d’accord ni pas d’accord (neutre)","Tout à fait d’accord","Ni d’accord ni pas d’accord (neutre)","Plutôt d’accord","Plutôt d’accord","Plutôt d’accord","Ni d’accord ni pas d’accord (neutre)","Plutôt d’accord","Tout à fait d’accord","C’est important, mais ce n’est pas toujours simple","Basés sur le prix;Basés sur la proximité géographique;Basés sur la qualité nutritionnelle;Basés sur la facilité d’accès","Soutenir les producteurs;Manger plus sainement;Limiter son empreinte écologique;Réduire les intermédiaires","Un réflexe;Un effort","Le manque d’information claire;Le manque de temps;Le manque d’habitude","Meilleure signalétique des produits locaux;Aides financières (chèques alimentation, épiceries solidaires…);Plus d’offres en ligne / en livraison;Plus de liens avec les producteurs (visites, témoignages…)"
"2025/05/25 11:39:30 AM UTC+3","Bretagne","Pas du tout d'accord","Ni d’accord ni pas d’accord (neutre)","Pas du tout d'accord","Pas du tout d'accord","Plutôt pas d'accord","Pas du tout d'accord","Plutôt pas d'accord","Plutôt pas d'accord","Pas du tout d'accord","Pas du tout d'accord","Pas du tout d'accord","Plutôt pas d'accord","Pas du tout d'accord","Ni d’accord ni pas d’accord (neutre)","Pas du tout d'accord","Pas du tout d'accord","Pas du tout d'accord","Ni d’accord ni pas d’accord (neutre)","Pas du tout d'accord","Pas du tout d'accord","Pas du tout d'accord","Plutôt d’accord","Pas du tout d'accord","Pas du tout d'accord","Tout à fait d’accord","Plutôt d’accord","Plutôt d’accord","Plutôt d’accord","Pas du tout d'accord","Pas du tout d'accord","Pas du tout d'accord","Plutôt d’accord","Ni d’accord ni pas d’accord (neutre)","Pas du tout d'accord","Pas du tout d'accord","Ni d’accord ni pas d’accord (neutre)","Pas du tout d'accord","Pas du tout d'accord","Pas du tout d'accord","Pas du tout d'accord","Pas du tout d'accord","Pas du tout d'accord","Ni d’accord ni pas d’accord (neutre)","Ni d’accord ni pas d’accord (neutre)","Tout à fait d’accord","Tout à fait d’accord","Tout à fait d’accord","Tout à fait d’accord","C’est important, mais ce n’est pas toujours simple","Basés sur le prix;Basés sur la qualité nutritionnelle","Manger plus sainement","Une démarche que j’admire sans suivre","Le prix;Le manque d’information claire;Le manque d’habitude;Je ne sais pas où chercher","Meilleure signalétique des produits locaux;Aides financières (chèques alimentation, épiceries solidaires…);Plus d’événements ou d’animations sur l’alimentation locale;Plus d’offres en ligne / en livraison;Plus de liens avec les producteurs (visites, témoignages…)"
"2025/05/25 11:41:54 AM UTC+3","Nouvelle-Aquitaine","Plutôt d’accord","Tout à fait d’accord","Plutôt d’accord","Plutôt d’accord","Plutôt pas d'accord","Plutôt pas d'accord","Plutôt pas d'accord","Plutôt d’accord","Pas du tout d'accord","Tout à fait d’accord","Plutôt pas d'accord","Plutôt d’accord","Plutôt pas d'accord","Pas du tout d'accord","Plutôt pas d'accord","Plutôt d’accord","Tout à fait d’accord","Tout à fait d’accord","Plutôt d’accord","Plutôt pas d'accord","Plutôt pas d'accord","Tout à fait d’accord","Tout à fait d’accord","Tout à fait d’accord","Plutôt d’accord","Plutôt d’accord","Plutôt d’accord","Plutôt pas d'accord","Plutôt pas d'accord","Plutôt d’accord","Plutôt pas d'accord","Tout à fait d’accord","Plutôt d’accord","Plutôt d’accord","Plutôt d’accord","Tout à fait d’accord","Tout à fait d’accord","Ni d’accord ni pas d’accord (neutre)","Pas du tout d'accord","Plutôt d’accord","Plutôt d’accord","Pas du tout d'accord","Plutôt d’accord","Plutôt d’accord","Tout à fait d’accord","Plutôt d’accord","Tout à fait d’accord","Plutôt d’accord","C’est important, mais ce n’est pas toujours simple","Basés sur le prix;Basés sur la proximité géographique;Basés sur la qualité nutritionnelle","Soutenir les producteurs;Manger plus sainement;Limiter son empreinte écologique","Un effort;Un idéal inaccessible","Le prix;Le manque de temps","Aides financières (chèques alimentation, épiceries solidaires…);Plus d’offres en ligne / en livraison"
"2025/05/25 11:42:42 AM UTC+3","Nouvelle-Aquitaine","Ni d’accord ni pas d’accord (neutre)","Plutôt d’accord","Plutôt d’accord","Plutôt d’accord","Ni d’accord ni pas d’accord (neutre)","Plutôt d’accord","Plutôt pas d'accord","Plutôt d’accord","Plutôt d’accord","Plutôt d’accord","Pas du tout d'accord","Plutôt d’accord","Plutôt pas d'accord","Plutôt pas d'accord","Plutôt pas d'accord","Plutôt d’accord","Plutôt d’accord","Tout à fait d’accord","Plutôt d’accord","Plutôt pas d'accord","Ni d’accord ni pas d’accord (neutre)","Plutôt d’accord","Plutôt d’accord","Plutôt d’accord","Plutôt d’accord","Plutôt d’accord","Plutôt pas d'accord","Plutôt pas d'accord","Plutôt pas d'accord","Ni d’accord ni pas d’accord (neutre)","Plutôt pas d'accord","Plutôt d’accord","Plutôt d’accord","Plutôt d’accord","Plutôt d’accord","Plutôt d’accord","Plutôt d’accord","Ni d’accord ni pas d’accord (neutre)","Plutôt d’accord","Plutôt d’accord","Plutôt d’accord","Plutôt pas d'accord","Plutôt pas d'accord","Plutôt d’accord","Tout à fait d’accord","Ni d’accord ni pas d’accord (neutre)","Tout à fait d’accord","Tout à fait d’accord","C’est important, mais ce n’est pas toujours simple","Basés sur le prix;Basés sur la proximité géographique;Basés sur la facilité d’accès","Soutenir les producteurs;Manger plus sainement;Réduire les intermédiaires","Un effort","Le prix;Le manque de temps","Plus d’offres en ligne / en livraison;Plus de liens avec les producteurs (visites, témoignages…)"
"2025/05/25 11:47:39 AM UTC+3","Occitanie","Tout à fait d’accord","Tout à fait d’accord","Tout à fait d’accord","Tout à fait d’accord","Tout à fait d’accord","Tout à fait d’accord","Plutôt d’accord","Tout à fait d’accord","Plutôt pas d'accord","Ni d’accord ni pas d’accord (neutre)","Pas du tout d'accord","Ni d’accord ni pas d’accord (neutre)","Plutôt d’accord","Plutôt d’accord","Ni d’accord ni pas d’accord (neutre)","Plutôt d’accord","Ni d’accord ni pas d’accord (neutre)","Pas du tout d'accord","Ni d’accord ni pas d’accord (neutre)","Plutôt pas d'accord","Ni d’accord ni pas d’accord (neutre)","Plutôt d’accord","Plutôt d’accord","Pas du tout d'accord","Tout à fait d’accord","Tout à fait d’accord","Tout à fait d’accord","Tout à fait d’accord","Tout à fait d’accord","Tout à fait d’accord","Plutôt d’accord","Plutôt d’accord","Ni d’accord ni pas d’accord (neutre)","Plutôt d’accord","Plutôt pas d'accord","Pas du tout d'accord","Tout à fait d’accord","Plutôt pas d'accord","Pas du tout d'accord","Pas du tout d'accord","Plutôt d’accord","Pas du tout d'accord","Plutôt d’accord","Ni d’accord ni pas d’accord (neutre)","Tout à fait d’accord","Pas du tout d'accord","Plutôt d’accord","Tout à fait d’accord","C’est important, mais ce n’est pas toujours simple","Basés sur le goût;Basés sur le prix;Basés sur la proximité géographique;Basés sur la qualité nutritionnelle;Basés sur l’impact environnemental;Basés sur la facilité d’accès","Soutenir les producteurs;Manger plus sainement;Limiter son empreinte écologique;Réduire les intermédiaires","Un effort;Un idéal inaccessible","Le prix;Le manque d’offre proche;Le manque d’information claire;Je ne sais pas où chercher","Meilleure signalétique des produits locaux;Plus d’événements ou d’animations sur l’alimentation locale;Plus d’offres en ligne / en livraison;Plus de liens avec les producteurs (visites, témoignages…)"
"2025/05/25 11:48:51 AM UTC+3","Île-de-France","Pas du tout d'accord","Plutôt pas d'accord","Plutôt pas d'accord","Plutôt pas d'accord","Plutôt pas d'accord","Plutôt pas d'accord","Plutôt pas d'accord","Plutôt pas d'accord","Pas du tout d'accord","Pas du tout d'accord","Pas du tout d'accord","Pas du tout d'accord","Pas du tout d'accord","Pas du tout d'accord","Pas du tout d'accord","Pas du tout d'accord","Pas du tout d'accord","Pas du tout d'accord","Pas du tout d'accord","Pas du tout d'accord","Pas du tout d'accord","Plutôt pas d'accord","Pas du tout d'accord","Pas du tout d'accord","Pas du tout d'accord","Pas du tout d'accord","Pas du tout d'accord","Pas du tout d'accord","Plutôt pas d'accord","Plutôt pas d'accord","Pas du tout d'accord","Pas du tout d'accord","Plutôt pas d'accord","Pas du tout d'accord","Pas du tout d'accord","Ni d’accord ni pas d’accord (neutre)","Pas du tout d'accord","Pas du tout d'accord","Pas du tout d'accord","Pas du tout d'accord","Pas du tout d'accord","Pas du tout d'accord","Pas du tout d'accord","Pas du tout d'accord","Plutôt pas d'accord","Pas du tout d'accord","Pas du tout d'accord","Plutôt pas d'accord","Je m’y intéresse peu ou pas","Basés sur le goût;Basés sur le prix","Manger plus sainement;Réduire les intermédiaires","Un effort","Le prix;Le manque d’habitude","Meilleure signalétique des produits locaux;Aides financières (chèques alimentation, épiceries solidaires…)"
"2025/05/25 11:49:28 AM UTC+3","Bretagne","Tout à fait d’accord","Tout à fait d’accord","Tout à fait d’accord","Tout à fait d’accord","Tout à fait d’accord","Tout à fait d’accord","Plutôt d’accord","Plutôt d’accord","Plutôt d’accord","Plutôt d’accord","Tout à fait d’accord","Tout à fait d’accord","Pas du tout d'accord","Pas du tout d'accord","Plutôt d’accord","Tout à fait d’accord","Tout à fait d’accord","Plutôt d’accord","Plutôt d’accord","Pas du tout d'accord","Tout à fait d’accord","Tout à fait d’accord","Plutôt d’accord","Pas du tout d'accord","Tout à fait d’accord","Tout à fait d’accord","Tout à fait d’accord","Tout à fait d’accord","Tout à fait d’accord","Plutôt d’accord","Plutôt d’accord","Plutôt d’accord","Plutôt d’accord","Plutôt d’accord","Plutôt d’accord","Tout à fait d’accord","Tout à fait d’accord","Ni d’accord ni pas d’accord (neutre)","Pas du tout d'accord","Tout à fait d’accord","Pas du tout d'accord","Tout à fait d’accord","Tout à fait d’accord","Tout à fait d’accord","Tout à fait d’accord","Tout à fait d’accord","Tout à fait d’accord","Tout à fait d’accord","C’est important, mais ce n’est pas toujours simple","Basés sur la proximité géographique;Basés sur la qualité nutritionnelle","Soutenir les producteurs;Manger plus sainement;Limiter son empreinte écologique","Un réflexe","Aucun obstacle particulier","Plus de liens avec les producteurs (visites, témoignages…)"
"2025/05/25 11:51:44 AM UTC+3","Nouvelle-Aquitaine","Plutôt pas d'accord","Tout à fait d’accord","Plutôt d’accord","Pas du tout d'accord","Plutôt pas d'accord","Plutôt pas d'accord","Plutôt pas d'accord","Ni d’accord ni pas d’accord (neutre)","Pas du tout d'accord","Pas du tout d'accord","Pas du tout d'accord","Plutôt d’accord","Pas du tout d'accord","Tout à fait d’accord","Plutôt pas d'accord","Pas du tout d'accord","Pas du tout d'accord","Tout à fait d’accord","Ni d’accord ni pas d’accord (neutre)","Plutôt pas d'accord","Tout à fait d’accord","Plutôt pas d'accord","Tout à fait d’accord","Plutôt d’accord","Plutôt d’accord","Plutôt d’accord","Tout à fait d’accord","Pas du tout d'accord","Tout à fait d’accord","Tout à fait d’accord","Plutôt d’accord","Tout à fait d’accord","Plutôt pas d'accord","Plutôt d’accord","Plutôt d’accord","Tout à fait d’accord","Tout à fait d’accord","Pas du tout d'accord","Plutôt d’accord","Ni d’accord ni pas d’accord (neutre)","Pas du tout d'accord","Plutôt pas d'accord","Plutôt d’accord","Plutôt d’accord","Tout à fait d’accord","Plutôt pas d'accord","Ni d’accord ni pas d’accord (neutre)","Tout à fait d’accord","C’est important, mais ce n’est pas toujours simple","Basés sur le prix;Basés sur l’impact environnemental","Soutenir les producteurs;Limiter son empreinte écologique;Réduire les intermédiaires","Une démarche que j’admire sans suivre","Le prix;Le manque d’information claire","Meilleure signalétique des produits locaux;Aides financières (chèques alimentation, épiceries solidaires…)"
"2025/05/25 11:52:24 AM UTC+3","Hauts-de-France","Plutôt pas d'accord","Plutôt pas d'accord","Plutôt pas d'accord","Plutôt pas d'accord","Plutôt pas d'accord","Plutôt pas d'accord","Ni d’accord ni pas d’accord (neutre)","Plutôt d’accord","Pas du tout d'accord","Ni d’accord ni pas d’accord (neutre)","Pas du tout d'accord","Pas du tout d'accord","Pas du tout d'accord","Ni d’accord ni pas d’accord (neutre)","Plutôt pas d'accord","Plutôt pas d'accord","Pas du tout d'accord","Pas du tout d'accord","Pas du tout d'accord","Pas du tout d'accord","Pas du tout d'accord","Ni d’accord ni pas d’accord (neutre)","Ni d’accord ni pas d’accord (neutre)","Pas du tout d'accord","Ni d’accord ni pas d’accord (neutre)","Plutôt d’accord","Plutôt d’accord","Plutôt pas d'accord","Ni d’accord ni pas d’accord (neutre)","Plutôt d’accord","Plutôt pas d'accord","Tout à fait d’accord","Ni d’accord ni pas d’accord (neutre)","Pas du tout d'accord","Pas du tout d'accord","Ni d’accord ni pas d’accord (neutre)","Ni d’accord ni pas d’accord (neutre)","Ni d’accord ni pas d’accord (neutre)","Plutôt d’accord","Plutôt d’accord","Ni d’accord ni pas d’accord (neutre)","Ni d’accord ni pas d’accord (neutre)","Ni d’accord ni pas d’accord (neutre)","Ni d’accord ni pas d’accord (neutre)","Ni d’accord ni pas d’accord (neutre)","Plutôt pas d'accord","Plutôt pas d'accord","Plutôt pas d'accord","J’y suis sensible, mais je n’agis pas beaucoup","Basés sur le goût;Basés sur le prix;Basés sur la facilité d’accès","Soutenir les producteurs;Réduire les intermédiaires","Un effort","Le prix;Le manque d’offre proche;Le manque d’habitude","Meilleure signalétique des produits locaux;Plus de liens avec les producteurs (visites, témoignages…)"
"2025/05/25 11:55:05 AM UTC+3","Hauts-de-France","Plutôt d’accord","Plutôt d’accord","Ni d’accord ni pas d’accord (neutre)","Plutôt d’accord","Plutôt d’accord","Plutôt d’accord","Plutôt d’accord","Plutôt d’accord","Plutôt d’accord","Plutôt d’accord","Plutôt pas d'accord","Plutôt d’accord","Ni d’accord ni pas d’accord (neutre)","Plutôt d’accord","Plutôt pas d'accord","Plutôt d’accord","Plutôt d’accord","Ni d’accord ni pas d’accord (neutre)","Ni d’accord ni pas d’accord (neutre)","Plutôt pas d'accord","Plutôt pas d'accord","Plutôt d’accord","Plutôt d’accord","Plutôt pas d'accord","Ni d’accord ni pas d’accord (neutre)","Plutôt d’accord","Ni d’accord ni pas d’accord (neutre)","Ni d’accord ni pas d’accord (neutre)","Ni d’accord ni pas d’accord (neutre)","Plutôt d’accord","Ni d’accord ni pas d’accord (neutre)","Ni d’accord ni pas d’accord (neutre)","Plutôt d’accord","Plutôt d’accord","Plutôt d’accord","Plutôt d’accord","Plutôt d’accord","Plutôt pas d'accord","Plutôt pas d'accord","Plutôt pas d'accord","Plutôt pas d'accord","Pas du tout d'accord","Plutôt d’accord","Plutôt d’accord","Plutôt d’accord","Ni d’accord ni pas d’accord (neutre)","Plutôt d’accord","Plutôt d’accord","C’est important, mais ce n’est pas toujours simple","Basés sur le goût;Basés sur le prix;Basés sur la proximité géographique;Basés sur la qualité nutritionnelle;Basés sur la facilité d’accès","Soutenir les producteurs;Manger plus sainement;Limiter son empreinte écologique;S’ancrer dans un territoire;Réduire les intermédiaires","Un réflexe","Le manque d’offre proche;Le manque d’information claire;Le manque de temps","Meilleure signalétique des produits locaux;Plus d’offres en ligne / en livraison;Plus de liens avec les producteurs (visites, témoignages…)"
"2025/05/25 11:57:00 AM UTC+3","Hauts-de-France","Plutôt pas d'accord","Plutôt pas d'accord","Plutôt pas d'accord","Plutôt d’accord","Tout à fait d’accord","Plutôt d’accord","Plutôt d’accord","Tout à fait d’accord","Plutôt pas d'accord","Plutôt d’accord","Pas du tout d'accord","Ni d’accord ni pas d’accord (neutre)","Plutôt pas d'accord","Plutôt d’accord","Ni d’accord ni pas d’accord (neutre)","Plutôt d’accord","Tout à fait d’accord","Plutôt d’accord","Plutôt d’accord","Pas du tout d'accord","Plutôt pas d'accord","Plutôt d’accord","Plutôt d’accord","Plutôt d’accord","Tout à fait d’accord","Plutôt d’accord","Plutôt d’accord","Plutôt d’accord","Plutôt d’accord","Tout à fait d’accord","Plutôt pas d'accord","Plutôt pas d'accord","Ni d’accord ni pas d’accord (neutre)","Ni d’accord ni pas d’accord (neutre)","Ni d’accord ni pas d’accord (neutre)","Tout à fait d’accord","Plutôt d’accord","Plutôt pas d'accord","Pas du tout d'accord","Plutôt pas d'accord","Plutôt d’accord","Plutôt pas d'accord","Plutôt d’accord","Plutôt d’accord","Ni d’accord ni pas d’accord (neutre)","Ni d’accord ni pas d’accord (neutre)","Ni d’accord ni pas d’accord (neutre)","Plutôt d’accord","C’est important, mais ce n’est pas toujours simple","Basés sur le goût;Basés sur le prix;Basés sur la qualité nutritionnelle;Basés sur l’impact environnemental","Soutenir les producteurs;Manger plus sainement;Limiter son empreinte écologique","Un réflexe","Le prix","Aides financières (chèques alimentation, épiceries solidaires…)"
"2025/05/25 12:00:42 PM UTC+3","Hauts-de-France","Plutôt d’accord","Plutôt pas d'accord","Ni d’accord ni pas d’accord (neutre)","Plutôt d’accord","Plutôt d’accord","Plutôt d’accord","Plutôt d’accord","Plutôt d’accord","Pas du tout d'accord","Plutôt d’accord","Plutôt pas d'accord","Plutôt pas d'accord","Pas du tout d'accord","Plutôt pas d'accord","Pas du tout d'accord","Pas du tout d'accord","Pas du tout d'accord","Plutôt d’accord","Plutôt pas d'accord","Pas du tout d'accord","Pas du tout d'accord","Plutôt d’accord","Pas du tout d'accord","Pas du tout d'accord","Tout à fait d’accord","Tout à fait d’accord","Tout à fait d’accord","Tout à fait d’accord","Plutôt d’accord","Plutôt d’accord","Tout à fait d’accord","Tout à fait d’accord","Ni d’accord ni pas d’accord (neutre)","Plutôt pas d'accord","Plutôt pas d'accord","Plutôt pas d'accord","Ni d’accord ni pas d’accord (neutre)","Pas du tout d'accord","Tout à fait d’accord","Tout à fait d’accord","Plutôt pas d'accord","Plutôt d’accord","Ni d’accord ni pas d’accord (neutre)","Ni d’accord ni pas d’accord (neutre)","Plutôt d’accord","Plutôt d’accord","Plutôt d’accord","Tout à fait d’accord","J’y suis sensible, mais je n’agis pas beaucoup","Basés sur le goût;Basés sur le prix;Basés sur la qualité nutritionnelle","Soutenir les producteurs;Limiter son empreinte écologique","Un effort;Un idéal inaccessible","Le prix;Le manque d’offre proche","Meilleure signalétique des produits locaux;Plus d’offres en ligne / en livraison"
"2025/05/25 12:01:20 PM UTC+3","Bretagne","Ni d’accord ni pas d’accord (neutre)","Plutôt pas d'accord","Plutôt pas d'accord","Pas du tout d'accord","Plutôt d’accord","Plutôt d’accord","Ni d’accord ni pas d’accord (neutre)","Plutôt d’accord","Pas du tout d'accord","Ni d’accord ni pas d’accord (neutre)","Pas du tout d'accord","Pas du tout d'accord","Pas du tout d'accord","Plutôt d’accord","Pas du tout d'accord","Pas du tout d'accord","Plutôt pas d'accord","Pas du tout d'accord","Pas du tout d'accord","Pas du tout d'accord","Ni d’accord ni pas d’accord (neutre)","Plutôt d’accord","Ni d’accord ni pas d’accord (neutre)","Plutôt pas d'accord","Plutôt pas d'accord","Ni d’accord ni pas d’accord (neutre)","Plutôt pas d'accord","Plutôt pas d'accord","Plutôt d’accord","Ni d’accord ni pas d’accord (neutre)","Tout à fait d’accord","Plutôt d’accord","Plutôt pas d'accord","Plutôt pas d'accord","Plutôt pas d'accord","Plutôt d’accord","Plutôt d’accord","Plutôt pas d'accord","Pas du tout d'accord","Plutôt pas d'accord","Tout à fait d’accord","Ni d’accord ni pas d’accord (neutre)","Ni d’accord ni pas d’accord (neutre)","Ni d’accord ni pas d’accord (neutre)","Ni d’accord ni pas d’accord (neutre)","Plutôt d’accord","Plutôt d’accord","Plutôt d’accord","J’y suis sensible, mais je n’agis pas beaucoup","Basés sur le goût;Basés sur le prix;Basés sur l’impact environnemental;Basés sur la facilité d’accès","Soutenir les producteurs;Limiter son empreinte écologique;S’ancrer dans un territoire;Réduire les intermédiaires;Faire un acte politique","Un effort;Une démarche que j’admire sans suivre","Le prix;Le manque de temps;Le manque d’habitude;Je ne sais pas où chercher","Meilleure signalétique des produits locaux;Plus d’événements ou d’animations sur l’alimentation locale;Plus de liens avec les producteurs (visites, témoignages…)"
"2025/05/25 12:01:45 PM UTC+3","Pays de la Loire","Plutôt d’accord","Plutôt d’accord","Tout à fait d’accord","Tout à fait d’accord","Tout à fait d’accord","Plutôt d’accord","Plutôt d’accord","Tout à fait d’accord","Tout à fait d’accord","Tout à fait d’accord","Ni d’accord ni pas d’accord (neutre)","Tout à fait d’accord","Ni d’accord ni pas d’accord (neutre)","Tout à fait d’accord","Tout à fait d’accord","Plutôt d’accord","Tout à fait d’accord","Ni d’accord ni pas d’accord (neutre)","Ni d’accord ni pas d’accord (neutre)","Ni d’accord ni pas d’accord (neutre)","Plutôt d’accord","Plutôt d’accord","Tout à fait d’accord","Tout à fait d’accord","Tout à fait d’accord","Tout à fait d’accord","Tout à fait d’accord","Ni d’accord ni pas d’accord (neutre)","Tout à fait d’accord","Ni d’accord ni pas d’accord (neutre)","Plutôt d’accord","Ni d’accord ni pas d’accord (neutre)","Plutôt d’accord","Plutôt d’accord","Plutôt d’accord","Plutôt d’accord","Plutôt d’accord","Plutôt d’accord","Tout à fait d’accord","Tout à fait d’accord","Plutôt pas d'accord","Pas du tout d'accord","Ni d’accord ni pas d’accord (neutre)","Ni d’accord ni pas d’accord (neutre)","Ni d’accord ni pas d’accord (neutre)","Ni d’accord ni pas d’accord (neutre)","Ni d’accord ni pas d’accord (neutre)","Ni d’accord ni pas d’accord (neutre)","C’est central pour moi, je fais beaucoup d’efforts","Basés sur le goût;Basés sur la proximité géographique;Basés sur la facilité d’accès","Soutenir les producteurs;S’ancrer dans un territoire","Un réflexe","Le manque d’offre proche;Le manque d’habitude","Plus d’événements ou d’animations sur l’alimentation locale"
"2025/05/25 12:09:40 PM UTC+3","Hauts-de-France","Tout à fait d’accord","Tout à fait d’accord","Tout à fait d’accord","Ni d’accord ni pas d’accord (neutre)","Tout à fait d’accord","Tout à fait d’accord","Tout à fait d’accord","Ni d’accord ni pas d’accord (neutre)","Pas du tout d'accord","Pas du tout d'accord","Pas du tout d'accord","Pas du tout d'accord","Pas du tout d'accord","Plutôt d’accord","Pas du tout d'accord","Pas du tout d'accord","Pas du tout d'accord","Plutôt d’accord","Ni d’accord ni pas d’accord (neutre)","Plutôt d’accord","Plutôt d’accord","Plutôt d’accord","Pas du tout d'accord","Pas du tout d'accord","Tout à fait d’accord","Tout à fait d’accord","Tout à fait d’accord","Ni d’accord ni pas d’accord (neutre)","Plutôt d’accord","Ni d’accord ni pas d’accord (neutre)","Tout à fait d’accord","Tout à fait d’accord","Plutôt pas d'accord","Ni d’accord ni pas d’accord (neutre)","Ni d’accord ni pas d’accord (neutre)","Ni d’accord ni pas d’accord (neutre)","Ni d’accord ni pas d’accord (neutre)","Pas du tout d'accord","Ni d’accord ni pas d’accord (neutre)","Ni d’accord ni pas d’accord (neutre)","Tout à fait d’accord","Ni d’accord ni pas d’accord (neutre)","Plutôt d’accord","Ni d’accord ni pas d’accord (neutre)","Tout à fait d’accord","Tout à fait d’accord","Tout à fait d’accord","Tout à fait d’accord","C’est important, mais ce n’est pas toujours simple","Basés sur le goût;Basés sur le prix;Basés sur la proximité géographique;Basés sur l’impact environnemental;Basés sur la facilité d’accès","Limiter son empreinte écologique;S’ancrer dans un territoire","Un réflexe","Le manque d’offre proche","Meilleure signalétique des produits locaux;Aides financières (chèques alimentation, épiceries solidaires…)"
"2025/05/25 12:17:03 PM UTC+3","Hauts-de-France","Plutôt d’accord","Plutôt pas d'accord","Plutôt pas d'accord","Plutôt pas d'accord","Plutôt pas d'accord","Plutôt d’accord","Plutôt pas d'accord","Plutôt d’accord","Pas du tout d'accord","Pas du tout d'accord","Pas du tout d'accord","Pas du tout d'accord","Pas du tout d'accord","Pas du tout d'accord","Pas du tout d'accord","Pas du tout d'accord","Pas du tout d'accord","Pas du tout d'accord","Ni d’accord ni pas d’accord (neutre)","Plutôt pas d'accord","Ni d’accord ni pas d’accord (neutre)","Plutôt pas d'accord","Plutôt pas d'accord","Plutôt pas d'accord","Plutôt d’accord","Tout à fait d’accord","Tout à fait d’accord","Ni d’accord ni pas d’accord (neutre)","Plutôt d’accord","Plutôt d’accord","Ni d’accord ni pas d’accord (neutre)","Tout à fait d’accord","Plutôt pas d'accord","Ni d’accord ni pas d’accord (neutre)","Pas du tout d'accord","Plutôt pas d'accord","Ni d’accord ni pas d’accord (neutre)","Plutôt pas d'accord","Pas du tout d'accord","Pas du tout d'accord","Pas du tout d'accord","Pas du tout d'accord","Plutôt pas d'accord","Pas du tout d'accord","Plutôt d’accord","Ni d’accord ni pas d’accord (neutre)","Ni d’accord ni pas d’accord (neutre)","Plutôt d’accord","C’est important, mais ce n’est pas toujours simple","Basés sur le goût;Basés sur le prix;Basés sur la proximité géographique;Basés sur la facilité d’accès","Limiter son empreinte écologique;Réduire les intermédiaires","Un effort;Un idéal inaccessible","Le prix;Le manque d’offre proche;Le manque d’information claire;Le manque de temps;Le manque d’habitude;Je ne sais pas où chercher","Meilleure signalétique des produits locaux;Aides financières (chèques alimentation, épiceries solidaires…);Plus d’offres en ligne / en livraison"
"2025/05/25 12:21:21 PM UTC+3","Pays de la Loire","Tout à fait d’accord","Tout à fait d’accord","Tout à fait d’accord","Tout à fait d’accord","Tout à fait d’accord","Tout à fait d’accord","Tout à fait d’accord","Tout à fait d’accord","Ni d’accord ni pas d’accord (neutre)","Tout à fait d’accord","Pas du tout d'accord","Tout à fait d’accord","Tout à fait d’accord","Tout à fait d’accord","Ni d’accord ni pas d’accord (neutre)","Tout à fait d’accord","Tout à fait d’accord","Tout à fait d’accord","Tout à fait d’accord","Tout à fait d’accord","Tout à fait d’accord","Tout à fait d’accord","Tout à fait d’accord","Tout à fait d’accord","Tout à fait d’accord","Plutôt d’accord","Tout à fait d’accord","Ni d’accord ni pas d’accord (neutre)","Plutôt d’accord","Plutôt d’accord","Plutôt d’accord","Tout à fait d’accord","Tout à fait d’accord","Ni d’accord ni pas d’accord (neutre)","Ni d’accord ni pas d’accord (neutre)","Tout à fait d’accord","Ni d’accord ni pas d’accord (neutre)","Pas du tout d'accord","Pas du tout d'accord","Pas du tout d'accord","Pas du tout d'accord","Pas du tout d'accord","Tout à fait d’accord","Tout à fait d’accord","Tout à fait d’accord","Tout à fait d’accord","Tout à fait d’accord","Tout à fait d’accord","C’est central pour moi, je fais beaucoup d’efforts","Basés sur le goût;Basés sur le prix;Basés sur la proximité géographique;Basés sur la qualité nutritionnelle;Basés sur l’impact environnemental","Soutenir les producteurs;Manger plus sainement;Limiter son empreinte écologique;S’ancrer dans un territoire","Un réflexe","Le prix;Le manque d’information claire","Meilleure signalétique des produits locaux;Plus d’événements ou d’animations sur l’alimentation locale;Plus de liens avec les producteurs (visites, témoignages…)"
"2025/05/25 12:24:56 PM UTC+3","Nouvelle-Aquitaine","Tout à fait d’accord","Tout à fait d’accord","Plutôt d’accord","Plutôt d’accord","Plutôt d’accord","Plutôt d’accord","Plutôt d’accord","Tout à fait d’accord","Tout à fait d’accord","Tout à fait d’accord","Tout à fait d’accord","Plutôt d’accord","Plutôt pas d'accord","Plutôt d’accord","Ni d’accord ni pas d’accord (neutre)","Ni d’accord ni pas d’accord (neutre)","Plutôt d’accord","Plutôt d’accord","Plutôt d’accord","Ni d’accord ni pas d’accord (neutre)","Plutôt d’accord","Tout à fait d’accord","Tout à fait d’accord","Ni d’accord ni pas d’accord (neutre)","Plutôt d’accord","Tout à fait d’accord","Tout à fait d’accord","Ni d’accord ni pas d’accord (neutre)","Plutôt d’accord","Ni d’accord ni pas d’accord (neutre)","Plutôt d’accord","Tout à fait d’accord","Plutôt d’accord","Ni d’accord ni pas d’accord (neutre)","Ni d’accord ni pas d’accord (neutre)","Plutôt d’accord","Plutôt d’accord","Ni d’accord ni pas d’accord (neutre)","Pas du tout d'accord","Ni d’accord ni pas d’accord (neutre)","Plutôt pas d'accord","Plutôt d’accord","Plutôt d’accord","Plutôt d’accord","Plutôt d’accord","Plutôt d’accord","Plutôt d’accord","Plutôt d’accord","C’est important, mais ce n’est pas toujours simple","Basés sur le goût;Basés sur la proximité géographique;Basés sur la qualité nutritionnelle;Basés sur l’impact environnemental","Soutenir les producteurs;Manger plus sainement;Limiter son empreinte écologique","Un réflexe","Aucun obstacle particulier","Meilleure signalétique des produits locaux"
"2025/05/25 12:26:44 PM UTC+3","Pays de la Loire","Ni d’accord ni pas d’accord (neutre)","Tout à fait d’accord","Ni d’accord ni pas d’accord (neutre)","Plutôt d’accord","Tout à fait d’accord","Tout à fait d’accord","Ni d’accord ni pas d’accord (neutre)","Plutôt pas d'accord","Ni d’accord ni pas d’accord (neutre)","Plutôt d’accord","Ni d’accord ni pas d’accord (neutre)","Plutôt pas d'accord","Plutôt pas d'accord","Pas du tout d'accord","Plutôt pas d'accord","Ni d’accord ni pas d’accord (neutre)","Ni d’accord ni pas d’accord (neutre)","Ni d’accord ni pas d’accord (neutre)","Ni d’accord ni pas d’accord (neutre)","Ni d’accord ni pas d’accord (neutre)","Plutôt d’accord","Ni d’accord ni pas d’accord (neutre)","Plutôt d’accord","Ni d’accord ni pas d’accord (neutre)","Tout à fait d’accord","Tout à fait d’accord","Tout à fait d’accord","Plutôt d’accord","Ni d’accord ni pas d’accord (neutre)","Tout à fait d’accord","Plutôt d’accord","Plutôt d’accord","Ni d’accord ni pas d’accord (neutre)","Plutôt d’accord","Ni d’accord ni pas d’accord (neutre)","Ni d’accord ni pas d’accord (neutre)","Ni d’accord ni pas d’accord (neutre)","Ni d’accord ni pas d’accord (neutre)","Ni d’accord ni pas d’accord (neutre)","Ni d’accord ni pas d’accord (neutre)","","","","","","","","","C’est important, mais ce n’est pas toujours simple","Basés sur le goût;Basés sur le prix;Basés sur la proximité géographique;Basés sur la qualité nutritionnelle;Basés sur l’impact environnemental","Soutenir les producteurs;Manger plus sainement","Un réflexe;Un effort","Le prix;Le manque d’offre proche","Plus d’offres en ligne / en livraison"
"2025/05/25 12:27:18 PM UTC+3","Pays de la Loire","Plutôt pas d'accord","Plutôt pas d'accord","Plutôt d’accord","Pas du tout d'accord","Ni d’accord ni pas d’accord (neutre)","Plutôt pas d'accord","Plutôt d’accord","Plutôt d’accord","Plutôt pas d'accord","Tout à fait d’accord","Pas du tout d'accord","Plutôt pas d'accord","Pas du tout d'accord","Pas du tout d'accord","Pas du tout d'accord","Plutôt pas d'accord","Plutôt d’accord","Plutôt d’accord","Ni d’accord ni pas d’accord (neutre)","Plutôt pas d'accord","Ni d’accord ni pas d’accord (neutre)","Pas du tout d'accord","Pas du tout d'accord","Tout à fait d’accord","Plutôt d’accord","Ni d’accord ni pas d’accord (neutre)","Plutôt pas d'accord","Ni d’accord ni pas d’accord (neutre)","Plutôt pas d'accord","Pas du tout d'accord","Plutôt pas d'accord","Plutôt pas d'accord","Pas du tout d'accord","Plutôt pas d'accord","Plutôt d’accord","Plutôt d’accord","Plutôt d’accord","Plutôt pas d'accord","Pas du tout d'accord","Pas du tout d'accord","Plutôt d’accord","Pas du tout d'accord","Tout à fait d’accord","Ni d’accord ni pas d’accord (neutre)","Tout à fait d’accord","Pas du tout d'accord","Ni d’accord ni pas d’accord (neutre)","Plutôt d’accord","Je m’y intéresse peu ou pas","Basés sur le prix;Basés sur la facilité d’accès","Soutenir les producteurs;Manger plus sainement;Limiter son empreinte écologique;S’ancrer dans un territoire;Réduire les intermédiaires;Faire un acte politique","Un effort","Le prix;Le manque de temps","Aides financières (chèques alimentation, épiceries solidaires…);Plus d’événements ou d’animations sur l’alimentation locale"
"2025/05/25 12:32:36 PM UTC+3","Bretagne","Pas du tout d'accord","Ni d’accord ni pas d’accord (neutre)","Plutôt pas d'accord","Ni d’accord ni pas d’accord (neutre)","Pas du tout d'accord","Plutôt pas d'accord","Plutôt d’accord","Pas du tout d'accord","Pas du tout d'accord","Plutôt d’accord","Pas du tout d'accord","Ni d’accord ni pas d’accord (neutre)","Ni d’accord ni pas d’accord (neutre)","Pas du tout d'accord","Pas du tout d'accord","Plutôt pas d'accord","Plutôt pas d'accord","Ni d’accord ni pas d’accord (neutre)","Pas du tout d'accord","Pas du tout d'accord","Pas du tout d'accord","Plutôt d’accord","Pas du tout d'accord","Pas du tout d'accord","Plutôt d’accord","Ni d’accord ni pas d’accord (neutre)","Plutôt pas d'accord","Pas du tout d'accord","Plutôt pas d'accord","Pas du tout d'accord","Pas du tout d'accord","Plutôt d’accord","Plutôt pas d'accord","Plutôt d’accord","Plutôt pas d'accord","Tout à fait d’accord","Tout à fait d’accord","Pas du tout d'accord","Pas du tout d'accord","Pas du tout d'accord","Ni d’accord ni pas d’accord (neutre)","Ni d’accord ni pas d’accord (neutre)","Pas du tout d'accord","Pas du tout d'accord","Tout à fait d’accord","Ni d’accord ni pas d’accord (neutre)","Ni d’accord ni pas d’accord (neutre)","Plutôt d’accord","J’y suis sensible, mais je n’agis pas beaucoup","Basés sur le goût;Basés sur le prix;Basés sur la facilité d’accès","Soutenir les producteurs;Manger plus sainement;S’ancrer dans un territoire;Réduire les intermédiaires","Un effort;Grâce à mon augmentation de budget quelque chose vers lequel je commencer à aller d’autant plus due à la proximité du marché local ","Le prix;Le manque de temps","Meilleure signalétique des produits locaux;Aides financières (chèques alimentation, épiceries solidaires…);Plus d’événements ou d’animations sur l’alimentation locale;Plus d’offres en ligne / en livraison;Plus de liens avec les producteurs (visites, témoignages…)"
"2025/05/25 12:33:31 PM UTC+3","Grand Est","Pas du tout d'accord","Plutôt pas d'accord","Tout à fait d’accord","Plutôt d’accord","Pas du tout d'accord","Ni d’accord ni pas d’accord (neutre)","Ni d’accord ni pas d’accord (neutre)","Plutôt d’accord","Pas du tout d'accord","Plutôt d’accord","Pas du tout d'accord","Plutôt pas d'accord","Pas du tout d'accord","Ni d’accord ni pas d’accord (neutre)","Pas du tout d'accord","Pas du tout d'accord","Plutôt pas d'accord","Plutôt pas d'accord","Plutôt pas d'accord","Plutôt d’accord","Ni d’accord ni pas d’accord (neutre)","Ni d’accord ni pas d’accord (neutre)","Pas du tout d'accord","Pas du tout d'accord","Ni d’accord ni pas d’accord (neutre)","Plutôt d’accord","Plutôt d’accord","Pas du tout d'accord","Pas du tout d'accord","Pas du tout d'accord","Plutôt d’accord","Ni d’accord ni pas d’accord (neutre)","Plutôt pas d'accord","Plutôt pas d'accord","Pas du tout d'accord","Plutôt d’accord","Tout à fait d’accord","Pas du tout d'accord","Pas du tout d'accord","Pas du tout d'accord","Pas du tout d'accord","Pas du tout d'accord","Ni d’accord ni pas d’accord (neutre)","Plutôt d’accord","Plutôt d’accord","Ni d’accord ni pas d’accord (neutre)","Ni d’accord ni pas d’accord (neutre)","Ni d’accord ni pas d’accord (neutre)","J’y suis sensible, mais je n’agis pas beaucoup","Basés sur le goût;Basés sur le prix;Basés sur la qualité nutritionnelle;Basés sur la facilité d’accès","Soutenir les producteurs;Manger plus sainement","Un effort","Le prix;Le manque d’information claire;Le manque d’habitude","Meilleure signalétique des produits locaux;Aides financières (chèques alimentation, épiceries solidaires…)"
"2025/05/25 12:34:11 PM UTC+3","Pays de la Loire","Plutôt d’accord","Ni d’accord ni pas d’accord (neutre)","Tout à fait d’accord","Tout à fait d’accord","Plutôt pas d'accord","Tout à fait d’accord","Plutôt pas d'accord","Plutôt pas d'accord","Pas du tout d'accord","Plutôt d’accord","Pas du tout d'accord","Pas du tout d'accord","Plutôt pas d'accord","Plutôt pas d'accord","Pas du tout d'accord","Plutôt d’accord","Plutôt d’accord","Tout à fait d’accord","Tout à fait d’accord","Plutôt pas d'accord","Ni d’accord ni pas d’accord (neutre)","Plutôt d’accord","Ni d’accord ni pas d’accord (neutre)","Plutôt d’accord","Plutôt d’accord","Plutôt d’accord","Tout à fait d’accord","Tout à fait d’accord","Ni d’accord ni pas d’accord (neutre)","Plutôt d’accord","Plutôt pas d'accord","Plutôt d’accord","Ni d’accord ni pas d’accord (neutre)","Plutôt pas d'accord","Pas du tout d'accord","Plutôt d’accord","Plutôt d’accord","Pas du tout d'accord","Pas du tout d'accord","Plutôt d’accord","Pas du tout d'accord","Pas du tout d'accord","Tout à fait d’accord","Ni d’accord ni pas d’accord (neutre)","Tout à fait d’accord","Pas du tout d'accord","Plutôt d’accord","Plutôt d’accord","C’est important, mais ce n’est pas toujours simple","Basés sur le goût;Basés sur le prix;Basés sur la proximité géographique","Soutenir les producteurs;Limiter son empreinte écologique;S’ancrer dans un territoire;Réduire les intermédiaires","Un effort","Le prix","Meilleure signalétique des produits locaux;Plus d’offres en ligne / en livraison"
"2025/05/25 12:35:09 PM UTC+3","Hauts-de-France","Plutôt d’accord","Plutôt d’accord","Ni d’accord ni pas d’accord (neutre)","Plutôt pas d'accord","Ni d’accord ni pas d’accord (neutre)","Plutôt d’accord","Plutôt pas d'accord","Plutôt d’accord","Plutôt d’accord","Plutôt d’accord","Pas du tout d'accord","Ni d’accord ni pas d’accord (neutre)","Plutôt pas d'accord","Plutôt d’accord","Plutôt pas d'accord","Plutôt pas d'accord","Plutôt pas d'accord","Ni d’accord ni pas d’accord (neutre)","Plutôt pas d'accord","Plutôt pas d'accord","Plutôt pas d'accord","Plutôt d’accord","Plutôt d’accord","Plutôt pas d'accord","Plutôt pas d'accord","Plutôt d’accord","Tout à fait d’accord","Plutôt pas d'accord","Tout à fait d’accord","Tout à fait d’accord","Tout à fait d’accord","Tout à fait d’accord","Ni d’accord ni pas d’accord (neutre)","Ni d’accord ni pas d’accord (neutre)","Ni d’accord ni pas d’accord (neutre)","Tout à fait d’accord","Ni d’accord ni pas d’accord (neutre)","Plutôt d’accord","Plutôt d’accord","Tout à fait d’accord","Plutôt pas d'accord","Plutôt pas d'accord","Tout à fait d’accord","Tout à fait d’accord","Tout à fait d’accord","Ni d’accord ni pas d’accord (neutre)","Ni d’accord ni pas d’accord (neutre)","Tout à fait d’accord","C’est important, mais ce n’est pas toujours simple","Basés sur le goût;Basés sur le prix;Basés sur la proximité géographique;Basés sur l’impact environnemental;Basés sur la facilité d’accès","Soutenir les producteurs;Limiter son empreinte écologique;Réduire les intermédiaires","Un réflexe","Le prix;Le manque d’habitude","Plus d’événements ou d’animations sur l’alimentation locale"
"2025/05/25 12:43:31 PM UTC+3","Auvergne-Rhône-Alpes","Plutôt pas d'accord","Pas du tout d'accord","Ni d’accord ni pas d’accord (neutre)","Plutôt pas d'accord","Plutôt pas d'accord","Plutôt pas d'accord","Tout à fait d’accord","Plutôt d’accord","Pas du tout d'accord","Ni d’accord ni pas d’accord (neutre)","Pas du tout d'accord","Pas du tout d'accord","Pas du tout d'accord","Pas du tout d'accord","Pas du tout d'accord","Pas du tout d'accord","Plutôt d’accord","Plutôt d’accord","Ni d’accord ni pas d’accord (neutre)","Plutôt pas d'accord","Ni d’accord ni pas d’accord (neutre)","Plutôt d’accord","Plutôt pas d'accord","Pas du tout d'accord","Plutôt d’accord","Ni d’accord ni pas d’accord (neutre)","Ni d’accord ni pas d’accord (neutre)","Pas du tout d'accord","Ni d’accord ni pas d’accord (neutre)","Plutôt d’accord","Plutôt d’accord","Tout à fait d’accord","Plutôt pas d'accord","Plutôt pas d'accord","Pas du tout d'accord","Ni d’accord ni pas d’accord (neutre)","Plutôt d’accord","Pas du tout d'accord","Pas du tout d'accord","Pas du tout d'accord","Pas du tout d'accord","Pas du tout d'accord","Plutôt pas d'accord","Pas du tout d'accord","Plutôt d’accord","Plutôt pas d'accord","Ni d’accord ni pas d’accord (neutre)","Plutôt d’accord","J’y suis sensible, mais je n’agis pas beaucoup","Basés sur le prix;Basés sur l’impact environnemental;Basés sur la facilité d’accès","Soutenir les producteurs;Réduire les intermédiaires","Un effort;Une démarche que j’admire sans suivre","Le prix;Le manque d’information claire;Le manque de temps;Le manque d’habitude","Meilleure signalétique des produits locaux;Aides financières (chèques alimentation, épiceries solidaires…)"
"2025/05/25 12:45:42 PM UTC+3","Nouvelle-Aquitaine","Plutôt pas d'accord","Plutôt pas d'accord","Plutôt pas d'accord","Plutôt pas d'accord","Plutôt pas d'accord","Plutôt pas d'accord","Plutôt pas d'accord","Plutôt pas d'accord","Plutôt pas d'accord","Plutôt pas d'accord","Plutôt pas d'accord","Plutôt pas d'accord","Plutôt pas d'accord","Plutôt pas d'accord","Plutôt pas d'accord","Plutôt pas d'accord","Plutôt pas d'accord","Plutôt pas d'accord","Plutôt pas d'accord","Plutôt pas d'accord","Plutôt pas d'accord","Plutôt pas d'accord","Plutôt pas d'accord","Plutôt pas d'accord","Plutôt pas d'accord","Plutôt pas d'accord","Plutôt pas d'accord","Plutôt pas d'accord","Plutôt pas d'accord","Plutôt pas d'accord","Plutôt pas d'accord","Plutôt pas d'accord","Plutôt pas d'accord","Plutôt pas d'accord","Ni d’accord ni pas d’accord (neutre)","Plutôt pas d'accord","Plutôt pas d'accord","Ni d’accord ni pas d’accord (neutre)","Plutôt pas d'accord","Plutôt pas d'accord","Ni d’accord ni pas d’accord (neutre)","Ni d’accord ni pas d’accord (neutre)","Plutôt pas d'accord","Plutôt pas d'accord","Plutôt pas d'accord","Plutôt pas d'accord","Plutôt pas d'accord","Plutôt pas d'accord","C’est central pour moi, je fais beaucoup d’efforts","Basés sur la proximité géographique;Basés sur la qualité nutritionnelle;Basés sur l’impact environnemental","Soutenir les producteurs;Manger plus sainement;Limiter son empreinte écologique;S’ancrer dans un territoire;Réduire les intermédiaires;Faire un acte politique","Un réflexe","Aucun obstacle particulier","Rien de tout cela / je ne souhaite pas changer"
"2025/05/25 12:45:55 PM UTC+3","Auvergne-Rhône-Alpes","Plutôt d’accord","Ni d’accord ni pas d’accord (neutre)","Plutôt d’accord","Plutôt d’accord","Plutôt d’accord","Plutôt d’accord","Ni d’accord ni pas d’accord (neutre)","Plutôt d’accord","Tout à fait d’accord","Tout à fait d’accord","Ni d’accord ni pas d’accord (neutre)","Tout à fait d’accord","Tout à fait d’accord","Tout à fait d’accord","Plutôt d’accord","Plutôt d’accord","Tout à fait d’accord","Plutôt d’accord","Plutôt d’accord","Ni d’accord ni pas d’accord (neutre)","Plutôt d’accord","Plutôt d’accord","Tout à fait d’accord","Plutôt d’accord","Tout à fait d’accord","Tout à fait d’accord","Tout à fait d’accord","Plutôt d’accord","Plutôt d’accord","Tout à fait d’accord","Plutôt d’accord","Plutôt d’accord","Tout à fait d’accord","Plutôt d’accord","Plutôt d’accord","Tout à fait d’accord","Plutôt d’accord","Ni d’accord ni pas d’accord (neutre)","Plutôt d’accord","Ni d’accord ni pas d’accord (neutre)","Ni d’accord ni pas d’accord (neutre)","Ni d’accord ni pas d’accord (neutre)","Plutôt d’accord","Plutôt d’accord","Plutôt d’accord","Plutôt d’accord","Plutôt d’accord","Tout à fait d’accord","C’est central pour moi, je fais beaucoup d’efforts","Basés sur le goût;Basés sur la proximité géographique;Basés sur la qualité nutritionnelle;Basés sur la facilité d’accès","Soutenir les producteurs;Manger plus sainement;Limiter son empreinte écologique;S’ancrer dans un territoire;Réduire les intermédiaires;Faire un acte politique","Un réflexe","Aucun obstacle particulier","Rien de tout cela / je ne souhaite pas changer"
"2025/05/25 12:46:29 PM UTC+3","Pays de la Loire","Plutôt d’accord","Plutôt d’accord","Tout à fait d’accord","Plutôt d’accord","Plutôt d’accord","Tout à fait d’accord","Plutôt d’accord","Plutôt d’accord","Ni d’accord ni pas d’accord (neutre)","Tout à fait d’accord","Ni d’accord ni pas d’accord (neutre)","Plutôt d’accord","Tout à fait d’accord","Tout à fait d’accord","Plutôt d’accord","Plutôt d’accord","Plutôt d’accord","Plutôt d’accord","Tout à fait d’accord","Tout à fait d’accord","Tout à fait d’accord","Tout à fait d’accord","Tout à fait d’accord","Tout à fait d’accord","Tout à fait d’accord","Tout à fait d’accord","Plutôt d’accord","Plutôt d’accord","Tout à fait d’accord","Tout à fait d’accord","Tout à fait d’accord","Tout à fait d’accord","Plutôt d’accord","Tout à fait d’accord","Plutôt pas d'accord","Plutôt d’accord","Plutôt d’accord","Plutôt pas d'accord","Plutôt d’accord","Plutôt d’accord","Plutôt d’accord","Ni d’accord ni pas d’accord (neutre)","Plutôt d’accord","Plutôt d’accord","Tout à fait d’accord","Ni d’accord ni pas d’accord (neutre)","Tout à fait d’accord","Tout à fait d’accord","C’est important, mais ce n’est pas toujours simple","Basés sur la proximité géographique;Basés sur l’impact environnemental","Soutenir les producteurs;Manger plus sainement;Limiter son empreinte écologique;Réduire les intermédiaires","Un réflexe","Le manque de temps","Meilleure signalétique des produits locaux"
"2025/05/25 12:49:26 PM UTC+3","Île-de-France","Plutôt pas d'accord","Plutôt d’accord","Tout à fait d’accord","Plutôt pas d'accord","Plutôt pas d'accord","Ni d’accord ni pas d’accord (neutre)","Tout à fait d’accord","Plutôt d’accord","Pas du tout d'accord","Plutôt d’accord","Pas du tout d'accord","Plutôt pas d'accord","Plutôt d’accord","Ni d’accord ni pas d’accord (neutre)","Plutôt pas d'accord","Pas du tout d'accord","Plutôt pas d'accord","Plutôt d’accord","Plutôt d’accord","Ni d’accord ni pas d’accord (neutre)","Plutôt pas d'accord","Tout à fait d’accord","Pas du tout d'accord","Pas du tout d'accord","Tout à fait d’accord","Tout à fait d’accord","Tout à fait d’accord","Plutôt d’accord","Plutôt d’accord","Plutôt d’accord","Plutôt d’accord","Plutôt d’accord","Pas du tout d'accord","Pas du tout d'accord","Plutôt pas d'accord","Pas du tout d'accord","Plutôt d’accord","Pas du tout d'accord","Tout à fait d’accord","Tout à fait d’accord","Plutôt d’accord","Plutôt d’accord","Tout à fait d’accord","Plutôt d’accord","Tout à fait d’accord","Tout à fait d’accord","Tout à fait d’accord","Tout à fait d’accord","C’est important, mais ce n’est pas toujours simple","Basés sur le prix;Basés sur l’impact environnemental;Basés sur la facilité d’accès","Soutenir les producteurs;Limiter son empreinte écologique","Un effort;Une démarche que j’admire sans suivre","Le prix;Le manque d’offre proche;Le manque d’information claire;Le manque de temps;Le manque d’habitude;Je ne sais pas où chercher","Aides financières (chèques alimentation, épiceries solidaires…)"
"2025/05/25 12:51:06 PM UTC+3","Bretagne","Tout à fait d’accord","Ni d’accord ni pas d’accord (neutre)","Plutôt d’accord","Plutôt pas d'accord","Ni d’accord ni pas d’accord (neutre)","Plutôt d’accord","Plutôt d’accord","Plutôt pas d'accord","Pas du tout d'accord","Plutôt d’accord","Pas du tout d'accord","Plutôt pas d'accord","Pas du tout d'accord","Plutôt pas d'accord","Plutôt pas d'accord","Pas du tout d'accord","Plutôt pas d'accord","Plutôt d’accord","Plutôt d’accord","Ni d’accord ni pas d’accord (neutre)","Plutôt d’accord","Plutôt d’accord","Ni d’accord ni pas d’accord (neutre)","Ni d’accord ni pas d’accord (neutre)","Ni d’accord ni pas d’accord (neutre)","Plutôt d’accord","Plutôt d’accord","Plutôt pas d'accord","Ni d’accord ni pas d’accord (neutre)","Ni d’accord ni pas d’accord (neutre)","Tout à fait d’accord","Plutôt d’accord","Plutôt pas d'accord","Ni d’accord ni pas d’accord (neutre)","Plutôt pas d'accord","Plutôt d’accord","Plutôt d’accord","Plutôt pas d'accord","Plutôt pas d'accord","Ni d’accord ni pas d’accord (neutre)","Plutôt pas d'accord","Plutôt pas d'accord","Plutôt d’accord","Ni d’accord ni pas d’accord (neutre)","Plutôt d’accord","Plutôt d’accord","Plutôt d’accord","Plutôt d’accord","C’est important, mais ce n’est pas toujours simple","Basés sur le goût;Basés sur le prix;Basés sur la proximité géographique","Soutenir les producteurs;Manger plus sainement;Limiter son empreinte écologique","Un effort","Le prix;Le manque d’offre proche;Le manque de temps","Aides financières (chèques alimentation, épiceries solidaires…);Plus d’événements ou d’animations sur l’alimentation locale;Plus de liens avec les producteurs (visites, témoignages…)"
"2025/05/25 12:51:43 PM UTC+3","Nouvelle-Aquitaine","Plutôt d’accord","Tout à fait d’accord","Tout à fait d’accord","Tout à fait d’accord","Plutôt d’accord","Plutôt d’accord","Plutôt d’accord","Plutôt d’accord","Ni d’accord ni pas d’accord (neutre)","Plutôt d’accord","Pas du tout d'accord","Ni d’accord ni pas d’accord (neutre)","Ni d’accord ni pas d’accord (neutre)","Plutôt d’accord","Plutôt d’accord","Plutôt d’accord","Plutôt d’accord","Plutôt d’accord","Plutôt d’accord","Plutôt d’accord","Tout à fait d’accord","Plutôt d’accord","Tout à fait d’accord","Tout à fait d’accord","Plutôt d’accord","Plutôt d’accord","Ni d’accord ni pas d’accord (neutre)","Ni d’accord ni pas d’accord (neutre)","Plutôt d’accord","Tout à fait d’accord","Plutôt d’accord","Plutôt d’accord","Plutôt d’accord","Plutôt d’accord","Plutôt d’accord","Ni d’accord ni pas d’accord (neutre)","Plutôt d’accord","Plutôt d’accord","Pas du tout d'accord","Ni d’accord ni pas d’accord (neutre)","Plutôt d’accord","Ni d’accord ni pas d’accord (neutre)","Plutôt d’accord","Plutôt d’accord","Plutôt d’accord","Plutôt d’accord","Plutôt d’accord","Plutôt d’accord","C’est important, mais ce n’est pas toujours simple","Basés sur le prix;Basés sur la proximité géographique;Basés sur la qualité nutritionnelle;Basés sur l’impact environnemental;Basés sur la facilité d’accès","Soutenir les producteurs;Manger plus sainement;Limiter son empreinte écologique","Un effort","Le prix;Le manque d’offre proche","Plus d’événements ou d’animations sur l’alimentation locale"
"2025/05/25 12:53:23 PM UTC+3","Occitanie","Tout à fait d’accord","Tout à fait d’accord","Plutôt d’accord","Tout à fait d’accord","Tout à fait d’accord","Tout à fait d’accord","Tout à fait d’accord","Tout à fait d’accord","Pas du tout d'accord","Plutôt d’accord","Pas du tout d'accord","Plutôt pas d'accord","Tout à fait d’accord","Tout à fait d’accord","Tout à fait d’accord","Tout à fait d’accord","Tout à fait d’accord","Tout à fait d’accord","Tout à fait d’accord","Tout à fait d’accord","Tout à fait d’accord","Tout à fait d’accord","Tout à fait d’accord","Tout à fait d’accord","Tout à fait d’accord","Tout à fait d’accord","Tout à fait d’accord","Tout à fait d’accord","Tout à fait d’accord","Tout à fait d’accord","Tout à fait d’accord","Tout à fait d’accord","Tout à fait d’accord","Tout à fait d’accord","Tout à fait d’accord","Tout à fait d’accord","Tout à fait d’accord","Tout à fait d’accord","Pas du tout d'accord","Tout à fait d’accord","Tout à fait d’accord","Tout à fait d’accord","Tout à fait d’accord","Tout à fait d’accord","Tout à fait d’accord","Tout à fait d’accord","Tout à fait d’accord","Tout à fait d’accord","C’est central pour moi, je fais beaucoup d’efforts","Basés sur la proximité géographique;Basés sur la qualité nutritionnelle;Basés sur la facilité d’accès","Soutenir les producteurs;Manger plus sainement;Limiter son empreinte écologique;S’ancrer dans un territoire;Réduire les intermédiaires;Faire un acte politique","Un réflexe","Aucun obstacle particulier","Plus d’événements ou d’animations sur l’alimentation locale;Plus de liens avec les producteurs (visites, témoignages…)"
"2025/05/25 12:55:04 PM UTC+3","Occitanie","Plutôt d’accord","Tout à fait d’accord","Pas du tout d'accord","Plutôt pas d'accord","Plutôt d’accord","Tout à fait d’accord","Tout à fait d’accord","Plutôt pas d'accord","Pas du tout d'accord","Pas du tout d'accord","Pas du tout d'accord","Pas du tout d'accord","Pas du tout d'accord","Pas du tout d'accord","Pas du tout d'accord","Pas du tout d'accord","Pas du tout d'accord","Pas du tout d'accord","Pas du tout d'accord","Pas du tout d'accord","Pas du tout d'accord","Plutôt d’accord","Plutôt d’accord","Pas du tout d'accord","Plutôt d’accord","Tout à fait d’accord","Tout à fait d’accord","Pas du tout d'accord","Tout à fait d’accord","Tout à fait d’accord","Tout à fait d’accord","Tout à fait d’accord","Plutôt d’accord","Plutôt d’accord","Ni d’accord ni pas d’accord (neutre)","Plutôt d’accord","Plutôt d’accord","Ni d’accord ni pas d’accord (neutre)","Plutôt pas d'accord","Pas du tout d'accord","Pas du tout d'accord","Pas du tout d'accord","Plutôt d’accord","Plutôt pas d'accord","Pas du tout d'accord","Pas du tout d'accord","Ni d’accord ni pas d’accord (neutre)","Ni d’accord ni pas d’accord (neutre)","C’est important, mais ce n’est pas toujours simple","Basés sur le goût;Basés sur le prix;Basés sur la proximité géographique","Soutenir les producteurs;Limiter son empreinte écologique","Un effort","Le prix;Le manque d’offre proche","Meilleure signalétique des produits locaux"
"2025/05/25 12:59:00 PM UTC+3","Bretagne","Plutôt d’accord","Ni d’accord ni pas d’accord (neutre)","Tout à fait d’accord","Ni d’accord ni pas d’accord (neutre)","Ni d’accord ni pas d’accord (neutre)","Plutôt pas d'accord","Plutôt d’accord","Ni d’accord ni pas d’accord (neutre)","Pas du tout d'accord","Plutôt d’accord","Pas du tout d'accord","Plutôt pas d'accord","Plutôt pas d'accord","Plutôt pas d'accord","Plutôt pas d'accord","Ni d’accord ni pas d’accord (neutre)","Plutôt d’accord","Tout à fait d’accord","Plutôt d’accord","Plutôt pas d'accord","Plutôt pas d'accord","Plutôt pas d'accord","Plutôt d’accord","Ni d’accord ni pas d’accord (neutre)","Plutôt d’accord","Plutôt d’accord","Tout à fait d’accord","Plutôt pas d'accord","Plutôt d’accord","Plutôt d’accord","Plutôt pas d'accord","Ni d’accord ni pas d’accord (neutre)","Plutôt pas d'accord","Plutôt pas d'accord","Plutôt d’accord","Ni d’accord ni pas d’accord (neutre)","Tout à fait d’accord","Plutôt pas d'accord","Tout à fait d’accord","Pas du tout d'accord","Plutôt d’accord","Plutôt pas d'accord","Tout à fait d’accord","Plutôt d’accord","Tout à fait d’accord","Ni d’accord ni pas d’accord (neutre)","Plutôt d’accord","Plutôt d’accord","J’y suis sensible, mais je n’agis pas beaucoup","Basés sur le goût;Basés sur le prix;Basés sur la qualité nutritionnelle;Basés sur la facilité d’accès","Soutenir les producteurs;Limiter son empreinte écologique;Réduire les intermédiaires","Une démarche que j’admire sans suivre","Le prix;Le manque d’habitude","Meilleure signalétique des produits locaux;Aides financières (chèques alimentation, épiceries solidaires…)"
"2025/05/25 1:07:29 PM UTC+3","Bretagne","Plutôt d’accord","Plutôt d’accord","Plutôt d’accord","Tout à fait d’accord","Plutôt d’accord","Tout à fait d’accord","Ni d’accord ni pas d’accord (neutre)","Tout à fait d’accord","Tout à fait d’accord","Plutôt d’accord","Tout à fait d’accord","Plutôt d’accord","Tout à fait d’accord","Tout à fait d’accord","Tout à fait d’accord","Tout à fait d’accord","Tout à fait d’accord","Tout à fait d’accord","Tout à fait d’accord","Ni d’accord ni pas d’accord (neutre)","Tout à fait d’accord","Tout à fait d’accord","Tout à fait d’accord","Tout à fait d’accord","Plutôt d’accord","Plutôt d’accord","Plutôt d’accord","Ni d’accord ni pas d’accord (neutre)","Plutôt d’accord","Plutôt d’accord","Tout à fait d’accord","Plutôt d’accord","Tout à fait d’accord","Tout à fait d’accord","Ni d’accord ni pas d’accord (neutre)","Tout à fait d’accord","Plutôt pas d'accord","Ni d’accord ni pas d’accord (neutre)","Ni d’accord ni pas d’accord (neutre)","Ni d’accord ni pas d’accord (neutre)","Tout à fait d’accord","Plutôt pas d'accord","Tout à fait d’accord","Tout à fait d’accord","Tout à fait d’accord","Tout à fait d’accord","Tout à fait d’accord","Tout à fait d’accord","C’est important, mais ce n’est pas toujours simple","Basés sur la proximité géographique;Basés sur l’impact environnemental","Soutenir les producteurs;Manger plus sainement;Faire un acte politique","Un réflexe;Un effort","Aucun obstacle particulier","Meilleure signalétique des produits locaux"
"2025/05/25 1:09:33 PM UTC+3","Occitanie","Tout à fait d’accord","Ni d’accord ni pas d’accord (neutre)","Plutôt d’accord","Plutôt d’accord","Plutôt d’accord","Tout à fait d’accord","Tout à fait d’accord","Ni d’accord ni pas d’accord (neutre)","Ni d’accord ni pas d’accord (neutre)","Ni d’accord ni pas d’accord (neutre)","Ni d’accord ni pas d’accord (neutre)","Plutôt d’accord","Ni d’accord ni pas d’accord (neutre)","Plutôt d’accord","Ni d’accord ni pas d’accord (neutre)","Ni d’accord ni pas d’accord (neutre)","Plutôt d’accord","Plutôt d’accord","Plutôt d’accord","Ni d’accord ni pas d’accord (neutre)","Plutôt d’accord","Tout à fait d’accord","Ni d’accord ni pas d’accord (neutre)","Ni d’accord ni pas d’accord (neutre)","Tout à fait d’accord","Plutôt d’accord","Tout à fait d’accord","Tout à fait d’accord","Plutôt d’accord","Plutôt d’accord","Tout à fait d’accord","Tout à fait d’accord","Tout à fait d’accord","Plutôt d’accord","Tout à fait d’accord","Tout à fait d’accord","Plutôt d’accord","Plutôt d’accord","Tout à fait d’accord","Plutôt d’accord","Plutôt d’accord","Plutôt d’accord","Plutôt d’accord","Ni d’accord ni pas d’accord (neutre)","Plutôt d’accord","Tout à fait d’accord","Plutôt d’accord","Plutôt d’accord","C’est important, mais ce n’est pas toujours simple","Basés sur le goût;Basés sur la proximité géographique;Basés sur la qualité nutritionnelle;Basés sur l’impact environnemental","Soutenir les producteurs;Manger plus sainement;Limiter son empreinte écologique;Réduire les intermédiaires","Un réflexe;Un effort","Aucun obstacle particulier","Meilleure signalétique des produits locaux;Aides financières (chèques alimentation, épiceries solidaires…);Plus d’offres en ligne / en livraison"
"2025/05/25 1:14:34 PM UTC+3","Bretagne","Plutôt d’accord","Plutôt pas d'accord","Plutôt d’accord","Ni d’accord ni pas d’accord (neutre)","Pas du tout d'accord","Tout à fait d’accord","Tout à fait d’accord","Ni d’accord ni pas d’accord (neutre)","Pas du tout d'accord","Ni d’accord ni pas d’accord (neutre)","Pas du tout d'accord","Pas du tout d'accord","Pas du tout d'accord","Pas du tout d'accord","Pas du tout d'accord","Pas du tout d'accord","Plutôt d’accord","Ni d’accord ni pas d’accord (neutre)","Plutôt pas d'accord","Plutôt pas d'accord","Ni d’accord ni pas d’accord (neutre)","Ni d’accord ni pas d’accord (neutre)","Pas du tout d'accord","Ni d’accord ni pas d’accord (neutre)","Plutôt d’accord","Plutôt d’accord","Plutôt d’accord","Ni d’accord ni pas d’accord (neutre)","Plutôt d’accord","Tout à fait d’accord","Plutôt pas d'accord","Tout à fait d’accord","Ni d’accord ni pas d’accord (neutre)","Plutôt pas d'accord","Pas du tout d'accord","Ni d’accord ni pas d’accord (neutre)","Ni d’accord ni pas d’accord (neutre)","Pas du tout d'accord","Pas du tout d'accord","Pas du tout d'accord","Ni d’accord ni pas d’accord (neutre)","Pas du tout d'accord","Pas du tout d'accord","Pas du tout d'accord","Tout à fait d’accord","Pas du tout d'accord","Plutôt pas d'accord","Plutôt d’accord","J’y suis sensible, mais je n’agis pas beaucoup","Basés sur le prix;Basés sur la qualité nutritionnelle;Basés sur la facilité d’accès","Soutenir les producteurs;Manger plus sainement;Limiter son empreinte écologique","Une démarche que j’admire sans suivre","Le manque d’information claire;Je ne sais pas où chercher","Meilleure signalétique des produits locaux;Plus d’offres en ligne / en livraison"
"2025/05/25 1:14:40 PM UTC+3","Bretagne","Plutôt d’accord","Plutôt pas d'accord","Plutôt d’accord","Plutôt d’accord","Ni d’accord ni pas d’accord (neutre)","Plutôt d’accord","Tout à fait d’accord","Plutôt d’accord","Pas du tout d'accord","Pas du tout d'accord","Pas du tout d'accord","Pas du tout d'accord","Pas du tout d'accord","Pas du tout d'accord","Pas du tout d'accord","Pas du tout d'accord","Pas du tout d'accord","Plutôt d’accord","Plutôt pas d'accord","Pas du tout d'accord","Ni d’accord ni pas d’accord (neutre)","Pas du tout d'accord","Pas du tout d'accord","Tout à fait d’accord","Tout à fait d’accord","Tout à fait d’accord","Tout à fait d’accord","Tout à fait d’accord","Ni d’accord ni pas d’accord (neutre)","Plutôt d’accord","Pas du tout d'accord","Tout à fait d’accord","Plutôt pas d'accord","Plutôt d’accord","Pas du tout d'accord","Ni d’accord ni pas d’accord (neutre)","Tout à fait d’accord","Pas du tout d'accord","Pas du tout d'accord","Pas du tout d'accord","Pas du tout d'accord","Pas du tout d'accord","Tout à fait d’accord","Ni d’accord ni pas d’accord (neutre)","Tout à fait d’accord","Ni d’accord ni pas d’accord (neutre)","Plutôt d’accord","Plutôt d’accord","C’est important, mais ce n’est pas toujours simple","Basés sur le goût;Basés sur le prix;Basés sur la proximité géographique;Basés sur la qualité nutritionnelle","Soutenir les producteurs;Limiter son empreinte écologique","Un idéal inaccessible","Le prix","Aides financières (chèques alimentation, épiceries solidaires…);Plus de liens avec les producteurs (visites, témoignages…)"
"2025/05/25 1:19:23 PM UTC+3","Bretagne","Ni d’accord ni pas d’accord (neutre)","Plutôt pas d'accord","Plutôt d’accord","Tout à fait d’accord","Plutôt pas d'accord","Plutôt d’accord","Plutôt d’accord","Plutôt d’accord","Plutôt d’accord","Tout à fait d’accord","Plutôt d’accord","Ni d’accord ni pas d’accord (neutre)","Plutôt d’accord","Tout à fait d’accord","Ni d’accord ni pas d’accord (neutre)","Tout à fait d’accord","Tout à fait d’accord","Ni d’accord ni pas d’accord (neutre)","Plutôt d’accord","Plutôt d’accord","Ni d’accord ni pas d’accord (neutre)","Tout à fait d’accord","Tout à fait d’accord","Tout à fait d’accord","Ni d’accord ni pas d’accord (neutre)","Plutôt d’accord","Plutôt d’accord","Plutôt d’accord","Plutôt d’accord","Tout à fait d’accord","Tout à fait d’accord","Plutôt d’accord","Plutôt d’accord","Plutôt pas d'accord","Ni d’accord ni pas d’accord (neutre)","Plutôt d’accord","Plutôt d’accord","Plutôt pas d'accord","Plutôt d’accord","Plutôt pas d'accord","Plutôt d’accord","Ni d’accord ni pas d’accord (neutre)","Tout à fait d’accord","Tout à fait d’accord","Tout à fait d’accord","Plutôt d’accord","Tout à fait d’accord","Tout à fait d’accord","J’y suis sensible, mais je n’agis pas beaucoup","Basés sur le goût;Basés sur le prix;Basés sur la qualité nutritionnelle;Basés sur l’impact environnemental","Soutenir les producteurs;Manger plus sainement;Réduire les intermédiaires","Un idéal inaccessible;Une contrainte","Le prix;Le manque d’offre proche","Aides financières (chèques alimentation, épiceries solidaires…);Plus d’offres en ligne / en livraison;Plus de liens avec les producteurs (visites, témoignages…)"
"2025/05/25 1:20:50 PM UTC+3","Bretagne","Tout à fait d’accord","Tout à fait d’accord","Tout à fait d’accord","Tout à fait d’accord","Tout à fait d’accord","Tout à fait d’accord","Ni d’accord ni pas d’accord (neutre)","Plutôt d’accord","Tout à fait d’accord","Plutôt d’accord","Plutôt d’accord","Tout à fait d’accord","Tout à fait d’accord","Tout à fait d’accord","Tout à fait d’accord","Tout à fait d’accord","Tout à fait d’accord","Tout à fait d’accord","Tout à fait d’accord","Plutôt pas d'accord","Tout à fait d’accord","Tout à fait d’accord","Tout à fait d’accord","Pas du tout d'accord","Tout à fait d’accord","Tout à fait d’accord","Tout à fait d’accord","Tout à fait d’accord","Tout à fait d’accord","Plutôt d’accord","Tout à fait d’accord","Tout à fait d’accord","Plutôt d’accord","Plutôt d’accord","Ni d’accord ni pas d’accord (neutre)","Tout à fait d’accord","Plutôt d’accord","Tout à fait d’accord","Plutôt pas d'accord","Plutôt pas d'accord","Ni d’accord ni pas d’accord (neutre)","Ni d’accord ni pas d’accord (neutre)","Plutôt d’accord","Plutôt d’accord","Tout à fait d’accord","Plutôt d’accord","Tout à fait d’accord","Tout à fait d’accord","C’est important, mais ce n’est pas toujours simple","Basés sur le goût;Basés sur la proximité géographique;Basés sur la qualité nutritionnelle;Basés sur l’impact environnemental;Basés sur la facilité d’accès","Soutenir les producteurs;Manger plus sainement;Limiter son empreinte écologique;S’ancrer dans un territoire;Réduire les intermédiaires","Un réflexe","Aucun obstacle particulier","Rien de tout cela / je ne souhaite pas changer"
"2025/05/25 1:22:39 PM UTC+3","Normandie","Plutôt pas d'accord","Pas du tout d'accord","Pas du tout d'accord","Pas du tout d'accord","Pas du tout d'accord","Pas du tout d'accord","Plutôt pas d'accord","Pas du tout d'accord","Pas du tout d'accord","Plutôt pas d'accord","Pas du tout d'accord","Pas du tout d'accord","Pas du tout d'accord","Pas du tout d'accord","Pas du tout d'accord","Pas du tout d'accord","Plutôt pas d'accord","Plutôt pas d'accord","Pas du tout d'accord","Pas du tout d'accord","Pas du tout d'accord","Pas du tout d'accord","Pas du tout d'accord","Pas du tout d'accord","Plutôt pas d'accord","Plutôt pas d'accord","Plutôt pas d'accord","Pas du tout d'accord","Plutôt pas d'accord","Plutôt pas d'accord","Pas du tout d'accord","Plutôt pas d'accord","Pas du tout d'accord","Pas du tout d'accord","Pas du tout d'accord","Plutôt pas d'accord","Plutôt pas d'accord","Pas du tout d'accord","Pas du tout d'accord","Pas du tout d'accord","Pas du tout d'accord","Pas du tout d'accord","Pas du tout d'accord","Pas du tout d'accord","Plutôt pas d'accord","Pas du tout d'accord","Pas du tout d'accord","Tout à fait d’accord","J’y suis sensible, mais je n’agis pas beaucoup","Basés sur le prix;Basés sur la facilité d’accès","Soutenir les producteurs;Limiter son empreinte écologique;Faire un acte politique","Une contrainte;Une démarche que j’admire sans suivre","Le prix;Le manque d’information claire;Je ne sais pas où chercher","Meilleure signalétique des produits locaux;Aides financières (chèques alimentation, épiceries solidaires…)"
"2025/05/25 1:29:56 PM UTC+3","Occitanie","Plutôt d’accord","Plutôt d’accord","Tout à fait d’accord","Tout à fait d’accord","Ni d’accord ni pas d’accord (neutre)","Plutôt d’accord","Plutôt pas d'accord","Tout à fait d’accord","Plutôt pas d'accord","Tout à fait d’accord","Plutôt d’accord","Tout à fait d’accord","Tout à fait d’accord","Tout à fait d’accord","Pas du tout d'accord","Pas du tout d'accord","Pas du tout d'accord","Pas du tout d'accord","Plutôt d’accord","Pas du tout d'accord","Pas du tout d'accord","Plutôt d’accord","Tout à fait d’accord","Pas du tout d'accord","Tout à fait d’accord","Plutôt d’accord","Plutôt pas d'accord","Pas du tout d'accord","Pas du tout d'accord","Pas du tout d'accord","Pas du tout d'accord","Tout à fait d’accord","Plutôt pas d'accord","Pas du tout d'accord","Pas du tout d'accord","Tout à fait d’accord","Tout à fait d’accord","Pas du tout d'accord","Pas du tout d'accord","Pas du tout d'accord","Pas du tout d'accord","Pas du tout d'accord","Ni d’accord ni pas d’accord (neutre)","Ni d’accord ni pas d’accord (neutre)","Plutôt d’accord","Ni d’accord ni pas d’accord (neutre)","Ni d’accord ni pas d’accord (neutre)","Ni d’accord ni pas d’accord (neutre)","C’est important, mais ce n’est pas toujours simple","Basés sur le goût;Basés sur le prix","Manger plus sainement;Réduire les intermédiaires","Un idéal inaccessible","Le prix;Le manque de temps","Aides financières (chèques alimentation, épiceries solidaires…)"
"2025/05/25 1:40:15 PM UTC+3","Occitanie","Plutôt pas d'accord","Ni d’accord ni pas d’accord (neutre)","Plutôt d’accord","Tout à fait d’accord","Ni d’accord ni pas d’accord (neutre)","Plutôt pas d'accord","Pas du tout d'accord","Plutôt pas d'accord","Pas du tout d'accord","Pas du tout d'accord","Pas du tout d'accord","Pas du tout d'accord","Plutôt pas d'accord","Plutôt d’accord","Pas du tout d'accord","Pas du tout d'accord","Ni d’accord ni pas d’accord (neutre)","Plutôt d’accord","Plutôt d’accord","Plutôt pas d'accord","Ni d’accord ni pas d’accord (neutre)","Plutôt pas d'accord","Ni d’accord ni pas d’accord (neutre)","Pas du tout d'accord","Tout à fait d’accord","Ni d’accord ni pas d’accord (neutre)","Pas du tout d'accord","Plutôt pas d'accord","Plutôt pas d'accord","Ni d’accord ni pas d’accord (neutre)","Plutôt pas d'accord","Pas du tout d'accord","Plutôt pas d'accord","Pas du tout d'accord","Plutôt pas d'accord","Plutôt d’accord","Tout à fait d’accord","Ni d’accord ni pas d’accord (neutre)","Tout à fait d’accord","Tout à fait d’accord","Ni d’accord ni pas d’accord (neutre)","Plutôt pas d'accord","Pas du tout d'accord","Plutôt pas d'accord","Tout à fait d’accord","Tout à fait d’accord","Plutôt d’accord","Tout à fait d’accord","J’y suis sensible, mais je n’agis pas beaucoup","Basés sur le prix;Basés sur la qualité nutritionnelle;Basés sur la facilité d’accès","Soutenir les producteurs;Manger plus sainement;Limiter son empreinte écologique;Réduire les intermédiaires","Un idéal inaccessible;Une contrainte;Une démarche que j’admire sans suivre","Le prix;Le manque d’information claire;Le manque de temps;Le manque d’habitude","Aides financières (chèques alimentation, épiceries solidaires…);Plus d’événements ou d’animations sur l’alimentation locale;Plus de liens avec les producteurs (visites, témoignages…)"
"2025/05/25 1:43:41 PM UTC+3","Occitanie","Plutôt d’accord","Plutôt d’accord","Plutôt pas d'accord","Plutôt pas d'accord","Plutôt pas d'accord","Plutôt d’accord","Ni d’accord ni pas d’accord (neutre)","Plutôt d’accord","Pas du tout d'accord","Plutôt d’accord","Ni d’accord ni pas d’accord (neutre)","Ni d’accord ni pas d’accord (neutre)","Pas du tout d'accord","Plutôt d’accord","Plutôt pas d'accord","Ni d’accord ni pas d’accord (neutre)","Plutôt d’accord","Ni d’accord ni pas d’accord (neutre)","Plutôt pas d'accord","Plutôt pas d'accord","Plutôt d’accord","Plutôt d’accord","Plutôt d’accord","Ni d’accord ni pas d’accord (neutre)","Plutôt d’accord","Plutôt d’accord","Plutôt d’accord","Plutôt d’accord","Plutôt d’accord","Plutôt d’accord","Plutôt pas d'accord","Ni d’accord ni pas d’accord (neutre)","Plutôt d’accord","Ni d’accord ni pas d’accord (neutre)","Plutôt pas d'accord","Plutôt d’accord","Plutôt d’accord","Plutôt pas d'accord","Pas du tout d'accord","Pas du tout d'accord","Pas du tout d'accord","Pas du tout d'accord","Plutôt d’accord","Ni d’accord ni pas d’accord (neutre)","Ni d’accord ni pas d’accord (neutre)","Plutôt d’accord","Ni d’accord ni pas d’accord (neutre)","Plutôt d’accord","J’y suis sensible, mais je n’agis pas beaucoup","Basés sur le goût;Basés sur le prix;Basés sur la proximité géographique","Soutenir les producteurs;Manger plus sainement;Limiter son empreinte écologique;S’ancrer dans un territoire","Un effort","Le prix;Je ne sais pas où chercher","Meilleure signalétique des produits locaux;Plus d’offres en ligne / en livraison"
"2025/05/25 1:52:03 PM UTC+3","Bretagne","Plutôt d’accord","Pas du tout d'accord","Tout à fait d’accord","Tout à fait d’accord","Plutôt pas d'accord","Plutôt d’accord","Tout à fait d’accord","Pas du tout d'accord","Pas du tout d'accord","Pas du tout d'accord","Pas du tout d'accord","Pas du tout d'accord","Pas du tout d'accord","Pas du tout d'accord","Pas du tout d'accord","Pas du tout d'accord","Plutôt d’accord","Tout à fait d’accord","Tout à fait d’accord","Ni d’accord ni pas d’accord (neutre)","Plutôt pas d'accord","Pas du tout d'accord","Pas du tout d'accord","Pas du tout d'accord","Tout à fait d’accord","Tout à fait d’accord","Tout à fait d’accord","Plutôt pas d'accord","Plutôt pas d'accord","Tout à fait d’accord","Plutôt d’accord","Plutôt d’accord","Pas du tout d'accord","Pas du tout d'accord","Pas du tout d'accord","Plutôt d’accord","Ni d’accord ni pas d’accord (neutre)","Pas du tout d'accord","Pas du tout d'accord","Pas du tout d'accord","Plutôt d’accord","Pas du tout d'accord","Ni d’accord ni pas d’accord (neutre)","Pas du tout d'accord","Tout à fait d’accord","Pas du tout d'accord","Plutôt d’accord","Ni d’accord ni pas d’accord (neutre)","J’y suis sensible, mais je n’agis pas beaucoup","Basés sur le goût;Basés sur le prix;Basés sur la qualité nutritionnelle;Basés sur la facilité d’accès","Soutenir les producteurs;Limiter son empreinte écologique;Réduire les intermédiaires","Un effort;Une démarche que j’admire sans suivre","Le prix;Le manque d’offre proche;Le manque de temps;Je ne sais pas où chercher","Meilleure signalétique des produits locaux;Aides financières (chèques alimentation, épiceries solidaires…);Plus d’offres en ligne / en livraison"
"2025/05/25 1:53:08 PM UTC+3","Occitanie","Tout à fait d’accord","Tout à fait d’accord","Ni d’accord ni pas d’accord (neutre)","Plutôt d’accord","Tout à fait d’accord","Tout à fait d’accord","Plutôt d’accord","Plutôt d’accord","Pas du tout d'accord","Tout à fait d’accord","Pas du tout d'accord","Plutôt d’accord","Tout à fait d’accord","Tout à fait d’accord","Plutôt d’accord","Ni d’accord ni pas d’accord (neutre)","Plutôt pas d'accord","Plutôt pas d'accord","Plutôt pas d'accord","Plutôt pas d'accord","Ni d’accord ni pas d’accord (neutre)","Plutôt d’accord","Plutôt d’accord","Ni d’accord ni pas d’accord (neutre)","Tout à fait d’accord","Tout à fait d’accord","Tout à fait d’accord","Plutôt d’accord","Tout à fait d’accord","Ni d’accord ni pas d’accord (neutre)","Ni d’accord ni pas d’accord (neutre)","Tout à fait d’accord","Plutôt d’accord","Plutôt d’accord","Plutôt pas d'accord","Plutôt d’accord","Plutôt d’accord","Pas du tout d'accord","Plutôt pas d'accord","Tout à fait d’accord","Ni d’accord ni pas d’accord (neutre)","Plutôt pas d'accord","Ni d’accord ni pas d’accord (neutre)","Plutôt d’accord","Plutôt d’accord","Ni d’accord ni pas d’accord (neutre)","Plutôt d’accord","Plutôt d’accord","C’est important, mais ce n’est pas toujours simple","Basés sur le goût;Basés sur le prix;Basés sur la qualité nutritionnelle;Basés sur l’impact environnemental","Soutenir les producteurs","Un idéal inaccessible","Le manque d’offre proche;Le manque d’information claire","Meilleure signalétique des produits locaux"
"2025/05/25 1:53:13 PM UTC+3","Bretagne","Tout à fait d’accord","Ni d’accord ni pas d’accord (neutre)","Tout à fait d’accord","Tout à fait d’accord","Tout à fait d’accord","Tout à fait d’accord","Tout à fait d’accord","Tout à fait d’accord","Pas du tout d'accord","Plutôt d’accord","Pas du tout d'accord","Ni d’accord ni pas d’accord (neutre)","Plutôt d’accord","Plutôt d’accord","Plutôt pas d'accord","Plutôt pas d'accord","Plutôt pas d'accord","Plutôt d’accord","Plutôt d’accord","Plutôt pas d'accord","Plutôt pas d'accord","Plutôt d’accord","Plutôt pas d'accord","Pas du tout d'accord","Tout à fait d’accord","Tout à fait d’accord","Tout à fait d’accord","Tout à fait d’accord","Tout à fait d’accord","Tout à fait d’accord","Tout à fait d’accord","Tout à fait d’accord","Tout à fait d’accord","Ni d’accord ni pas d’accord (neutre)","Pas du tout d'accord","Plutôt d’accord","Ni d’accord ni pas d’accord (neutre)","Pas du tout d'accord","Pas du tout d'accord","Pas du tout d'accord","Pas du tout d'accord","Pas du tout d'accord","Tout à fait d’accord","Pas du tout d'accord","Tout à fait d’accord","Ni d’accord ni pas d’accord (neutre)","Tout à fait d’accord","Tout à fait d’accord","C’est important, mais ce n’est pas toujours simple","Basés sur le prix;Basés sur la proximité géographique;Basés sur la qualité nutritionnelle;Basés sur la facilité d’accès","Soutenir les producteurs;Manger plus sainement;Limiter son empreinte écologique","Une démarche que j’admire sans suivre","Le manque de temps;Le manque d’habitude","Plus d’offres en ligne / en livraison"
"2025/05/25 1:54:03 PM UTC+3","Île-de-France","Tout à fait d’accord","Tout à fait d’accord","Plutôt d’accord","Ni d’accord ni pas d’accord (neutre)","Plutôt d’accord","Plutôt d’accord","Plutôt d’accord","Tout à fait d’accord","Pas du tout d'accord","Tout à fait d’accord","Pas du tout d'accord","Pas du tout d'accord","Pas du tout d'accord","Pas du tout d'accord","Pas du tout d'accord","Pas du tout d'accord","Pas du tout d'accord","Plutôt pas d'accord","Plutôt d’accord","Pas du tout d'accord","Tout à fait d’accord","Tout à fait d’accord","Pas du tout d'accord","Pas du tout d'accord","Plutôt d’accord","Plutôt d’accord","Tout à fait d’accord","Plutôt d’accord","Tout à fait d’accord","Tout à fait d’accord","Tout à fait d’accord","Tout à fait d’accord","Ni d’accord ni pas d’accord (neutre)","Ni d’accord ni pas d’accord (neutre)","Pas du tout d'accord","Plutôt pas d'accord","Ni d’accord ni pas d’accord (neutre)","Pas du tout d'accord","Pas du tout d'accord","Plutôt d’accord","Pas du tout d'accord","Pas du tout d'accord","Plutôt d’accord","Pas du tout d'accord","Tout à fait d’accord","Plutôt d’accord","Tout à fait d’accord","Tout à fait d’accord","C’est important, mais ce n’est pas toujours simple","Basés sur la proximité géographique;Basés sur l’impact environnemental;Basés sur la facilité d’accès","Soutenir les producteurs;Limiter son empreinte écologique;Réduire les intermédiaires","Un idéal inaccessible","Le prix;Le manque d’offre proche","Meilleure signalétique des produits locaux;Aides financières (chèques alimentation, épiceries solidaires…)"
"2025/05/25 2:01:18 PM UTC+3","Hauts-de-France","Plutôt d’accord","Plutôt d’accord","Plutôt d’accord","Tout à fait d’accord","Tout à fait d’accord","Tout à fait d’accord","Plutôt d’accord","Tout à fait d’accord","Tout à fait d’accord","Tout à fait d’accord","Plutôt d’accord","Tout à fait d’accord","Plutôt d’accord","Tout à fait d’accord","Plutôt d’accord","Plutôt d’accord","Tout à fait d’accord","Tout à fait d’accord","Tout à fait d’accord","Plutôt d’accord","Tout à fait d’accord","Plutôt d’accord","Plutôt d’accord","Plutôt d’accord","Tout à fait d’accord","Tout à fait d’accord","Tout à fait d’accord","Plutôt d’accord","Plutôt d’accord","Ni d’accord ni pas d’accord (neutre)","Ni d’accord ni pas d’accord (neutre)","Plutôt pas d'accord","Tout à fait d’accord","Plutôt d’accord","Plutôt d’accord","Tout à fait d’accord","Tout à fait d’accord","Tout à fait d’accord","Plutôt d’accord","Ni d’accord ni pas d’accord (neutre)","Ni d’accord ni pas d’accord (neutre)","Ni d’accord ni pas d’accord (neutre)","Tout à fait d’accord","Tout à fait d’accord","Tout à fait d’accord","Tout à fait d’accord","Tout à fait d’accord","Tout à fait d’accord","C’est central pour moi, je fais beaucoup d’efforts","Basés sur le goût","Soutenir les producteurs","Un réflexe","Aucun obstacle particulier","Plus de liens avec les producteurs (visites, témoignages…)"
"2025/05/25 2:03:34 PM UTC+3","Bourgogne-Franche-Comté","Plutôt d’accord","Plutôt pas d'accord","Pas du tout d'accord","Plutôt d’accord","Plutôt d’accord","Plutôt d’accord","Plutôt d’accord","Plutôt d’accord","Plutôt d’accord","Plutôt d’accord","Pas du tout d'accord","Plutôt d’accord","Pas du tout d'accord","Plutôt d’accord","Plutôt pas d'accord","Plutôt pas d'accord","Plutôt d’accord","Tout à fait d’accord","Ni d’accord ni pas d’accord (neutre)","Pas du tout d'accord","Ni d’accord ni pas d’accord (neutre)","Plutôt d’accord","Ni d’accord ni pas d’accord (neutre)","Pas du tout d'accord","Plutôt d’accord","Plutôt d’accord","Plutôt d’accord","Plutôt d’accord","Plutôt d’accord","Plutôt d’accord","Tout à fait d’accord","Plutôt d’accord","Plutôt d’accord","Plutôt d’accord","Plutôt d’accord","Plutôt d’accord","Plutôt d’accord","Plutôt pas d'accord","Pas du tout d'accord","Pas du tout d'accord","Pas du tout d'accord","Pas du tout d'accord","Plutôt pas d'accord","Plutôt d’accord","Plutôt d’accord","Pas du tout d'accord","Ni d’accord ni pas d’accord (neutre)","Plutôt d’accord","C’est important, mais ce n’est pas toujours simple","Basés sur le goût;Basés sur la proximité géographique;Basés sur la qualité nutritionnelle;Basés sur l’impact environnemental","Soutenir les producteurs;Manger plus sainement;Limiter son empreinte écologique;S’ancrer dans un territoire","Un réflexe","Le manque d’offre proche","Meilleure signalétique des produits locaux;Plus de liens avec les producteurs (visites, témoignages…)"
"2025/05/25 2:04:31 PM UTC+3","Grand Est","Pas du tout d'accord","Pas du tout d'accord","Tout à fait d’accord","Tout à fait d’accord","Pas du tout d'accord","Tout à fait d’accord","Plutôt pas d'accord","Tout à fait d’accord","Pas du tout d'accord","Plutôt pas d'accord","Pas du tout d'accord","Pas du tout d'accord","Pas du tout d'accord","Pas du tout d'accord","Plutôt pas d'accord","Pas du tout d'accord","Tout à fait d’accord","Tout à fait d’accord","Pas du tout d'accord","Pas du tout d'accord","Pas du tout d'accord","Pas du tout d'accord","Pas du tout d'accord","Pas du tout d'accord","Tout à fait d’accord","Tout à fait d’accord","Tout à fait d’accord","Tout à fait d’accord","Plutôt pas d'accord","Tout à fait d’accord","Pas du tout d'accord","Ni d’accord ni pas d’accord (neutre)","Pas du tout d'accord","Pas du tout d'accord","Pas du tout d'accord","Tout à fait d’accord","Pas du tout d'accord","Pas du tout d'accord","Pas du tout d'accord","Pas du tout d'accord","Plutôt d’accord","Pas du tout d'accord","Pas du tout d'accord","Pas du tout d'accord","Tout à fait d’accord","Pas du tout d'accord","Tout à fait d’accord","Tout à fait d’accord","J’y suis sensible, mais je n’agis pas beaucoup","Basés sur le goût;Basés sur la facilité d’accès","Soutenir les producteurs","Une démarche que j’admire sans suivre","Le manque d’habitude","Rien de tout cela / je ne souhaite pas changer"
"2025/05/25 2:06:44 PM UTC+3","Provence-Alpes-Côte d’Azur","Plutôt d’accord","Plutôt d’accord","Plutôt d’accord","Plutôt d’accord","Plutôt pas d'accord","Plutôt d’accord","Plutôt d’accord","Plutôt d’accord","Pas du tout d'accord","Ni d’accord ni pas d’accord (neutre)","Plutôt d’accord","Plutôt d’accord","Ni d’accord ni pas d’accord (neutre)","Plutôt d’accord","Pas du tout d'accord","Pas du tout d'accord","Ni d’accord ni pas d’accord (neutre)","Plutôt d’accord","Pas du tout d'accord","Pas du tout d'accord","Ni d’accord ni pas d’accord (neutre)","Plutôt d’accord","Ni d’accord ni pas d’accord (neutre)","Pas du tout d'accord","Plutôt d’accord","Plutôt d’accord","Ni d’accord ni pas d’accord (neutre)","Ni d’accord ni pas d’accord (neutre)","Pas du tout d'accord","Pas du tout d'accord","Pas du tout d'accord","Pas du tout d'accord","Ni d’accord ni pas d’accord (neutre)","Pas du tout d'accord","Pas du tout d'accord","Tout à fait d’accord","Ni d’accord ni pas d’accord (neutre)","Pas du tout d'accord","Pas du tout d'accord","Pas du tout d'accord","Pas du tout d'accord","Pas du tout d'accord","Ni d’accord ni pas d’accord (neutre)","Ni d’accord ni pas d’accord (neutre)","Ni d’accord ni pas d’accord (neutre)","Pas du tout d'accord","Pas du tout d'accord","Tout à fait d’accord","J’y suis sensible, mais je n’agis pas beaucoup","Basés sur le goût;Basés sur le prix;Basés sur la proximité géographique;Basés sur la qualité nutritionnelle","Soutenir les producteurs;Manger plus sainement","Un effort;Une démarche que j’admire sans suivre","Le prix;Le manque d’offre proche;Le manque d’information claire;Le manque de temps;Le manque d’habitude","Meilleure signalétique des produits locaux;Aides financières (chèques alimentation, épiceries solidaires…);Plus d’offres en ligne / en livraison"
"2025/05/25 2:08:27 PM UTC+3","Bretagne","Plutôt pas d'accord","Pas du tout d'accord","Tout à fait d’accord","Tout à fait d’accord","Plutôt pas d'accord","Plutôt d’accord","Plutôt pas d'accord","Plutôt pas d'accord","Pas du tout d'accord","Ni d’accord ni pas d’accord (neutre)","Pas du tout d'accord","Plutôt pas d'accord","Pas du tout d'accord","Plutôt pas d'accord","Pas du tout d'accord","Pas du tout d'accord","Plutôt pas d'accord","Plutôt d’accord","Pas du tout d'accord","Pas du tout d'accord","Plutôt pas d'accord","Plutôt pas d'accord","Plutôt pas d'accord","Pas du tout d'accord","Plutôt d’accord","Plutôt d’accord","Plutôt d’accord","Pas du tout d'accord","Plutôt pas d'accord","Plutôt d’accord","Ni d’accord ni pas d’accord (neutre)","Tout à fait d’accord","Pas du tout d'accord","Plutôt pas d'accord","Pas du tout d'accord","Plutôt pas d'accord","Tout à fait d’accord","Plutôt pas d'accord","Pas du tout d'accord","Pas du tout d'accord","Pas du tout d'accord","Pas du tout d'accord","Plutôt pas d'accord","Pas du tout d'accord","Tout à fait d’accord","Plutôt pas d'accord","Ni d’accord ni pas d’accord (neutre)","Ni d’accord ni pas d’accord (neutre)","J’y suis sensible, mais je n’agis pas beaucoup","Basés sur le goût;Basés sur le prix;Basés sur la facilité d’accès","Soutenir les producteurs;Limiter son empreinte écologique","Un effort;Une démarche que j’admire sans suivre","Le prix;Le manque d’information claire;Je ne sais pas où chercher","Meilleure signalétique des produits locaux;Aides financières (chèques alimentation, épiceries solidaires…);Plus d’événements ou d’animations sur l’alimentation locale"
"2025/05/25 2:10:34 PM UTC+3","Centre-Val de Loire","Plutôt d’accord","Plutôt d’accord","Plutôt d’accord","Plutôt d’accord","Plutôt pas d'accord","Plutôt d’accord","Pas du tout d'accord","Tout à fait d’accord","Pas du tout d'accord","Tout à fait d’accord","Pas du tout d'accord","Ni d’accord ni pas d’accord (neutre)","Pas du tout d'accord","Ni d’accord ni pas d’accord (neutre)","Plutôt pas d'accord","Ni d’accord ni pas d’accord (neutre)","Ni d’accord ni pas d’accord (neutre)","Plutôt d’accord","Plutôt d’accord","Pas du tout d'accord","Plutôt d’accord","Plutôt d’accord","Ni d’accord ni pas d’accord (neutre)","Tout à fait d’accord","Pas du tout d'accord","Ni d’accord ni pas d’accord (neutre)","Plutôt pas d'accord","Pas du tout d'accord","Plutôt d’accord","Plutôt d’accord","Plutôt d’accord","Plutôt pas d'accord","Ni d’accord ni pas d’accord (neutre)","Ni d’accord ni pas d’accord (neutre)","Ni d’accord ni pas d’accord (neutre)","Plutôt d’accord","Ni d’accord ni pas d’accord (neutre)","Pas du tout d'accord","Ni d’accord ni pas d’accord (neutre)","Plutôt d’accord","Plutôt pas d'accord","Plutôt pas d'accord","Ni d’accord ni pas d’accord (neutre)","Ni d’accord ni pas d’accord (neutre)","Plutôt d’accord","Plutôt pas d'accord","Ni d’accord ni pas d’accord (neutre)","Ni d’accord ni pas d’accord (neutre)","J’y suis sensible, mais je n’agis pas beaucoup","Basés sur le goût;Basés sur le prix","Soutenir les producteurs;Limiter son empreinte écologique;S’ancrer dans un territoire;Faire un acte politique","Une démarche que j’admire sans suivre","Le manque de temps;Le manque d’habitude","Meilleure signalétique des produits locaux;Aides financières (chèques alimentation, épiceries solidaires…);Plus d’événements ou d’animations sur l’alimentation locale"
"2025/05/25 2:15:55 PM UTC+3","Bretagne","Ni d’accord ni pas d’accord (neutre)","Plutôt pas d'accord","Ni d’accord ni pas d’accord (neutre)","Pas du tout d'accord","Tout à fait d’accord","Tout à fait d’accord","Tout à fait d’accord","Tout à fait d’accord","Pas du tout d'accord","Plutôt d’accord","Pas du tout d'accord","Tout à fait d’accord","Pas du tout d'accord","Tout à fait d’accord","Tout à fait d’accord","Ni d’accord ni pas d’accord (neutre)","Ni d’accord ni pas d’accord (neutre)","Pas du tout d'accord","Pas du tout d'accord","Pas du tout d'accord","Plutôt d’accord","Tout à fait d’accord","Tout à fait d’accord","Ni d’accord ni pas d’accord (neutre)","Plutôt pas d'accord","Plutôt pas d'accord","Plutôt d’accord","Pas du tout d'accord","Ni d’accord ni pas d’accord (neutre)","Tout à fait d’accord","Tout à fait d’accord","Tout à fait d’accord","Plutôt d’accord","Plutôt d’accord","Ni d’accord ni pas d’accord (neutre)","Tout à fait d’accord","Pas du tout d'accord","Ni d’accord ni pas d’accord (neutre)","Plutôt pas d'accord","Pas du tout d'accord","Plutôt d’accord","Ni d’accord ni pas d’accord (neutre)","Plutôt d’accord","Plutôt d’accord","Tout à fait d’accord","Ni d’accord ni pas d’accord (neutre)","Tout à fait d’accord","Tout à fait d’accord","C’est important, mais ce n’est pas toujours simple","Basés sur le goût;Basés sur le prix;Basés sur la proximité géographique;Basés sur la facilité d’accès","Soutenir les producteurs;Manger plus sainement;Limiter son empreinte écologique;S’ancrer dans un territoire","Un effort;Une démarche que j’admire sans suivre","Le manque d’information claire;Le manque de temps;Le manque d’habitude;Je ne sais pas où chercher","Meilleure signalétique des produits locaux;Aides financières (chèques alimentation, épiceries solidaires…);Plus d’offres en ligne / en livraison;Plus de liens avec les producteurs (visites, témoignages…)"
"2025/05/25 2:16:05 PM UTC+3","Bretagne","Plutôt pas d'accord","Ni d’accord ni pas d’accord (neutre)","Pas du tout d'accord","Pas du tout d'accord","Ni d’accord ni pas d’accord (neutre)","Ni d’accord ni pas d’accord (neutre)","Plutôt d’accord","Ni d’accord ni pas d’accord (neutre)","Pas du tout d'accord","Ni d’accord ni pas d’accord (neutre)","Pas du tout d'accord","Plutôt pas d'accord","Pas du tout d'accord","Pas du tout d'accord","Plutôt pas d'accord","Ni d’accord ni pas d’accord (neutre)","Ni d’accord ni pas d’accord (neutre)","Plutôt d’accord","Ni d’accord ni pas d’accord (neutre)","Ni d’accord ni pas d’accord (neutre)","Ni d’accord ni pas d’accord (neutre)","Plutôt d’accord","Plutôt pas d'accord","Pas du tout d'accord","Plutôt d’accord","Plutôt d’accord","Plutôt d’accord","Ni d’accord ni pas d’accord (neutre)","Ni d’accord ni pas d’accord (neutre)","Plutôt d’accord","Ni d’accord ni pas d’accord (neutre)","Tout à fait d’accord","Ni d’accord ni pas d’accord (neutre)","Ni d’accord ni pas d’accord (neutre)","Pas du tout d'accord","Ni d’accord ni pas d’accord (neutre)","Plutôt d’accord","Pas du tout d'accord","Pas du tout d'accord","Ni d’accord ni pas d’accord (neutre)","Pas du tout d'accord","Pas du tout d'accord","Plutôt d’accord","Pas du tout d'accord","Plutôt d’accord","Pas du tout d'accord","Ni d’accord ni pas d’accord (neutre)","Ni d’accord ni pas d’accord (neutre)","J’y suis sensible, mais je n’agis pas beaucoup","Basés sur le prix;Basés sur la qualité nutritionnelle;Basés sur l’impact environnemental","Manger plus sainement;Limiter son empreinte écologique;Réduire les intermédiaires","Un effort;Une démarche que j’admire sans suivre","Le prix;Le manque d’offre proche;Je ne sais pas où chercher","Meilleure signalétique des produits locaux;Aides financières (chèques alimentation, épiceries solidaires…)"
"2025/05/25 2:16:07 PM UTC+3","Bretagne","Ni d’accord ni pas d’accord (neutre)","Pas du tout d'accord","Pas du tout d'accord","Pas du tout d'accord","Pas du tout d'accord","Ni d’accord ni pas d’accord (neutre)","Plutôt d’accord","Pas du tout d'accord","Pas du tout d'accord","Ni d’accord ni pas d’accord (neutre)","Pas du tout d'accord","Pas du tout d'accord","Pas du tout d'accord","Pas du tout d'accord","Pas du tout d'accord","Pas du tout d'accord","Ni d’accord ni pas d’accord (neutre)","Pas du tout d'accord","Pas du tout d'accord","Pas du tout d'accord","Pas du tout d'accord","Pas du tout d'accord","Pas du tout d'accord","Pas du tout d'accord","Ni d’accord ni pas d’accord (neutre)","Plutôt pas d'accord","Ni d’accord ni pas d’accord (neutre)","Pas du tout d'accord","Ni d’accord ni pas d’accord (neutre)","Plutôt pas d'accord","Ni d’accord ni pas d’accord (neutre)","Ni d’accord ni pas d’accord (neutre)","Pas du tout d'accord","Pas du tout d'accord","Pas du tout d'accord","Ni d’accord ni pas d’accord (neutre)","Ni d’accord ni pas d’accord (neutre)","Pas du tout d'accord","Pas du tout d'accord","Pas du tout d'accord","Pas du tout d'accord","Pas du tout d'accord","Pas du tout d'accord","Pas du tout d'accord","Ni d’accord ni pas d’accord (neutre)","Ni d’accord ni pas d’accord (neutre)","Ni d’accord ni pas d’accord (neutre)","Ni d’accord ni pas d’accord (neutre)","Je m’y intéresse peu ou pas","Basés sur le goût;Basés sur le prix;Basés sur la facilité d’accès","Soutenir les producteurs;Manger plus sainement;Limiter son empreinte écologique","Un effort;Une démarche que j’admire sans suivre","Le prix;Le manque d’habitude","Rien de tout cela / je ne souhaite pas changer"
"2025/05/25 2:16:59 PM UTC+3","Bretagne","Tout à fait d’accord","Tout à fait d’accord","Ni d’accord ni pas d’accord (neutre)","Plutôt pas d'accord","Tout à fait d’accord","Tout à fait d’accord","Plutôt d’accord","Plutôt d’accord","Plutôt d’accord","Plutôt d’accord","Ni d’accord ni pas d’accord (neutre)","Tout à fait d’accord","Plutôt d’accord","Plutôt d’accord","Plutôt d’accord","Plutôt d’accord","Ni d’accord ni pas d’accord (neutre)","Ni d’accord ni pas d’accord (neutre)","Ni d’accord ni pas d’accord (neutre)","Pas du tout d'accord","Plutôt pas d'accord","Ni d’accord ni pas d’accord (neutre)","Pas du tout d'accord","Pas du tout d'accord","Plutôt d’accord","Plutôt d’accord","Plutôt d’accord","Ni d’accord ni pas d’accord (neutre)","Ni d’accord ni pas d’accord (neutre)","Ni d’accord ni pas d’accord (neutre)","Ni d’accord ni pas d’accord (neutre)","Ni d’accord ni pas d’accord (neutre)","Ni d’accord ni pas d’accord (neutre)","Plutôt d’accord","Ni d’accord ni pas d’accord (neutre)","Tout à fait d’accord","Tout à fait d’accord","Pas du tout d'accord","Pas du tout d'accord","Pas du tout d'accord","Pas du tout d'accord","Pas du tout d'accord","Ni d’accord ni pas d’accord (neutre)","Ni d’accord ni pas d’accord (neutre)","Tout à fait d’accord","Ni d’accord ni pas d’accord (neutre)","Plutôt d’accord","Tout à fait d’accord","C’est important, mais ce n’est pas toujours simple","Basés sur le prix;Basés sur la proximité géographique;Basés sur la qualité nutritionnelle","Soutenir les producteurs;Manger plus sainement;S’ancrer dans un territoire;Réduire les intermédiaires","Un réflexe","Le manque d’offre proche;Je ne sais pas où chercher","Meilleure signalétique des produits locaux;Plus d’événements ou d’animations sur l’alimentation locale;Plus de liens avec les producteurs (visites, témoignages…)"
"2025/05/25 2:18:51 PM UTC+3","Bretagne","Plutôt d’accord","Pas du tout d'accord","Tout à fait d’accord","Tout à fait d’accord","Ni d’accord ni pas d’accord (neutre)","Tout à fait d’accord","Plutôt d’accord","Ni d’accord ni pas d’accord (neutre)","Pas du tout d'accord","Ni d’accord ni pas d’accord (neutre)","Pas du tout d'accord","Pas du tout d'accord","Pas du tout d'accord","Pas du tout d'accord","Pas du tout d'accord","Ni d’accord ni pas d’accord (neutre)","Ni d’accord ni pas d’accord (neutre)","Tout à fait d’accord","Pas du tout d'accord","Pas du tout d'accord","Pas du tout d'accord","Pas du tout d'accord","Ni d’accord ni pas d’accord (neutre)","Plutôt d’accord","Tout à fait d’accord","Tout à fait d’accord","Tout à fait d’accord","Ni d’accord ni pas d’accord (neutre)","Pas du tout d'accord","Tout à fait d’accord","Plutôt d’accord","Tout à fait d’accord","Pas du tout d'accord","Pas du tout d'accord","Ni d’accord ni pas d’accord (neutre)","Ni d’accord ni pas d’accord (neutre)","Tout à fait d’accord","Pas du tout d'accord","Pas du tout d'accord","Pas du tout d'accord","Ni d’accord ni pas d’accord (neutre)","Pas du tout d'accord","Plutôt d’accord","Ni d’accord ni pas d’accord (neutre)","Ni d’accord ni pas d’accord (neutre)","Ni d’accord ni pas d’accord (neutre)","Ni d’accord ni pas d’accord (neutre)","Ni d’accord ni pas d’accord (neutre)","J’y suis sensible, mais je n’agis pas beaucoup","Basés sur le prix;Basés sur la facilité d’accès","Soutenir les producteurs;Manger plus sainement;Limiter son empreinte écologique;Réduire les intermédiaires","Un effort;Une démarche que j’admire sans suivre","Le prix;Le manque de temps","Aides financières (chèques alimentation, épiceries solidaires…);Plus d’événements ou d’animations sur l’alimentation locale;Plus d’offres en ligne / en livraison"
"2025/05/25 2:24:54 PM UTC+3","Provence-Alpes-Côte d’Azur","Plutôt pas d'accord","Plutôt d’accord","Plutôt pas d'accord","Plutôt pas d'accord","Plutôt pas d'accord","Plutôt d’accord","Plutôt d’accord","Plutôt pas d'accord","Plutôt pas d'accord","Plutôt d’accord","Pas du tout d'accord","Plutôt pas d'accord","Plutôt pas d'accord","Plutôt pas d'accord","Plutôt pas d'accord","Pas du tout d'accord","Plutôt pas d'accord","Pas du tout d'accord","Ni d’accord ni pas d’accord (neutre)","Plutôt d’accord","Plutôt pas d'accord","Ni d’accord ni pas d’accord (neutre)","Plutôt pas d'accord","Pas du tout d'accord","Plutôt d’accord","Plutôt d’accord","Plutôt d’accord","Plutôt pas d'accord","Plutôt d’accord","Plutôt pas d'accord","Plutôt pas d'accord","Plutôt d’accord","Plutôt d’accord","Plutôt pas d'accord","Plutôt pas d'accord","Plutôt d’accord","Ni d’accord ni pas d’accord (neutre)","Plutôt pas d'accord","Pas du tout d'accord","Pas du tout d'accord","Plutôt pas d'accord","Pas du tout d'accord","Ni d’accord ni pas d’accord (neutre)","Ni d’accord ni pas d’accord (neutre)","Plutôt d’accord","Plutôt d’accord","Plutôt d’accord","Plutôt d’accord","J’y suis sensible, mais je n’agis pas beaucoup","Basés sur le goût;Basés sur le prix;Basés sur la qualité nutritionnelle;Basés sur la facilité d’accès","Soutenir les producteurs;Manger plus sainement;Limiter son empreinte écologique;S’ancrer dans un territoire;Réduire les intermédiaires;Faire un acte politique","Une démarche que j’admire sans suivre","Le manque d’offre proche;Le manque de temps;Le manque d’habitude","Meilleure signalétique des produits locaux;Plus d’offres en ligne / en livraison"
"2025/05/25 2:26:06 PM UTC+3","Bretagne","Plutôt pas d'accord","Plutôt pas d'accord","Pas du tout d'accord","Pas du tout d'accord","Plutôt pas d'accord","Plutôt pas d'accord","Tout à fait d’accord","Plutôt pas d'accord","Pas du tout d'accord","Pas du tout d'accord","Pas du tout d'accord","Plutôt d’accord","Pas du tout d'accord","Plutôt pas d'accord","Pas du tout d'accord","Pas du tout d'accord","Pas du tout d'accord","Pas du tout d'accord","Pas du tout d'accord","Pas du tout d'accord","Pas du tout d'accord","Plutôt d’accord","Pas du tout d'accord","Pas du tout d'accord","Plutôt d’accord","Plutôt d’accord","Tout à fait d’accord","Plutôt d’accord","Tout à fait d’accord","Tout à fait d’accord","Plutôt pas d'accord","Tout à fait d’accord","Plutôt pas d'accord","Pas du tout d'accord","Pas du tout d'accord","Pas du tout d'accord","Plutôt d’accord","Pas du tout d'accord","Pas du tout d'accord","Pas du tout d'accord","Pas du tout d'accord","Pas du tout d'accord","Pas du tout d'accord","Pas du tout d'accord","Tout à fait d’accord","Pas du tout d'accord","Plutôt pas d'accord","Plutôt d’accord","J’y suis sensible, mais je n’agis pas beaucoup","Basés sur le goût;Basés sur le prix;Basés sur la qualité nutritionnelle;Basés sur l’impact environnemental;Basés sur la facilité d’accès","Soutenir les producteurs;Limiter son empreinte écologique","Une démarche que j’admire sans suivre","Le manque d’information claire;Le manque d’habitude;Je ne sais pas où chercher","Meilleure signalétique des produits locaux;Aides financières (chèques alimentation, épiceries solidaires…);Plus d’offres en ligne / en livraison;Plus de liens avec les producteurs (visites, témoignages…)"
"2025/05/25 2:28:13 PM UTC+3","Grand Est","Plutôt pas d'accord","Pas du tout d'accord","Tout à fait d’accord","Tout à fait d’accord","Plutôt pas d'accord","Plutôt pas d'accord","Plutôt pas d'accord","Plutôt pas d'accord","Pas du tout d'accord","Ni d’accord ni pas d’accord (neutre)","Pas du tout d'accord","Pas du tout d'accord","Pas du tout d'accord","Pas du tout d'accord","Pas du tout d'accord","Pas du tout d'accord","Ni d’accord ni pas d’accord (neutre)","Plutôt d’accord","Plutôt d’accord","Plutôt pas d'accord","Plutôt pas d'accord","Pas du tout d'accord","Plutôt pas d'accord","Pas du tout d'accord","Plutôt pas d'accord","Plutôt pas d'accord","Plutôt pas d'accord","Pas du tout d'accord","Plutôt pas d'accord","Plutôt d’accord","Pas du tout d'accord","Plutôt pas d'accord","Pas du tout d'accord","Pas du tout d'accord","Pas du tout d'accord","Plutôt d’accord","Tout à fait d’accord","Plutôt pas d'accord","Pas du tout d'accord","Pas du tout d'accord","Pas du tout d'accord","Pas du tout d'accord","Plutôt d’accord","Plutôt pas d'accord","Tout à fait d’accord","Ni d’accord ni pas d’accord (neutre)","Plutôt d’accord","Tout à fait d’accord","J’y suis sensible, mais je n’agis pas beaucoup","Basés sur le goût;Basés sur le prix;Basés sur la facilité d’accès","Soutenir les producteurs;S’ancrer dans un territoire;Réduire les intermédiaires","Une démarche que j’admire sans suivre","Le prix;Le manque d’information claire;Je ne sais pas où chercher","Meilleure signalétique des produits locaux;Aides financières (chèques alimentation, épiceries solidaires…);Plus de liens avec les producteurs (visites, témoignages…)"
"2025/05/25 2:39:38 PM UTC+3","Grand Est","Plutôt pas d'accord","Pas du tout d'accord","Tout à fait d’accord","Pas du tout d'accord","Pas du tout d'accord","Tout à fait d’accord","Tout à fait d’accord","Tout à fait d’accord","Pas du tout d'accord","Plutôt d’accord","Pas du tout d'accord","Pas du tout d'accord","Pas du tout d'accord","Tout à fait d’accord","Pas du tout d'accord","Pas du tout d'accord","Tout à fait d’accord","Plutôt d’accord","Tout à fait d’accord","Pas du tout d'accord","Plutôt d’accord","Plutôt d’accord","Plutôt d’accord","Pas du tout d'accord","Tout à fait d’accord","Tout à fait d’accord","Tout à fait d’accord","Pas du tout d'accord","Tout à fait d’accord","Tout à fait d’accord","Pas du tout d'accord","Pas du tout d'accord","Pas du tout d'accord","Pas du tout d'accord","Plutôt pas d'accord","Plutôt d’accord","Tout à fait d’accord","Pas du tout d'accord","Pas du tout d'accord","Pas du tout d'accord","Pas du tout d'accord","Pas du tout d'accord","Tout à fait d’accord","Pas du tout d'accord","Tout à fait d’accord","Pas du tout d'accord","Tout à fait d’accord","Tout à fait d’accord","J’y suis sensible, mais je n’agis pas beaucoup","Basés sur la facilité d’accès","Soutenir les producteurs","Un idéal inaccessible","Le prix","Plus de liens avec les producteurs (visites, témoignages…)"
"2025/05/25 2:40:52 PM UTC+3","Grand Est","Plutôt d’accord","Tout à fait d’accord","Plutôt d’accord","Plutôt d’accord","Plutôt d’accord","Plutôt d’accord","Tout à fait d’accord","Tout à fait d’accord","Plutôt d’accord","Tout à fait d’accord","Ni d’accord ni pas d’accord (neutre)","Tout à fait d’accord","Ni d’accord ni pas d’accord (neutre)","Tout à fait d’accord","Plutôt d’accord","Ni d’accord ni pas d’accord (neutre)","Plutôt d’accord","Plutôt d’accord","Ni d’accord ni pas d’accord (neutre)","Ni d’accord ni pas d’accord (neutre)","Plutôt d’accord","Tout à fait d’accord","Tout à fait d’accord","Tout à fait d’accord","Tout à fait d’accord","Tout à fait d’accord","Tout à fait d’accord","Ni d’accord ni pas d’accord (neutre)","Tout à fait d’accord","Tout à fait d’accord","Ni d’accord ni pas d’accord (neutre)","Tout à fait d’accord","Tout à fait d’accord","Tout à fait d’accord","Tout à fait d’accord","Tout à fait d’accord","Tout à fait d’accord","Plutôt d’accord","Ni d’accord ni pas d’accord (neutre)","Ni d’accord ni pas d’accord (neutre)","Ni d’accord ni pas d’accord (neutre)","Ni d’accord ni pas d’accord (neutre)","Tout à fait d’accord","Tout à fait d’accord","Plutôt d’accord","Plutôt d’accord","Plutôt d’accord","Tout à fait d’accord","C’est important, mais ce n’est pas toujours simple","Basés sur le goût;Basés sur le prix;Basés sur la proximité géographique;Basés sur la facilité d’accès","Soutenir les producteurs;Manger plus sainement;Limiter son empreinte écologique;S’ancrer dans un territoire;Réduire les intermédiaires","Un réflexe","Le prix","Plus de liens avec les producteurs (visites, témoignages…)"
"2025/05/25 2:52:30 PM UTC+3","Grand Est","Plutôt d’accord","Plutôt d’accord","Tout à fait d’accord","Plutôt d’accord","Pas du tout d'accord","Tout à fait d’accord","Pas du tout d'accord","Tout à fait d’accord","Pas du tout d'accord","Ni d’accord ni pas d’accord (neutre)","Pas du tout d'accord","Pas du tout d'accord","Pas du tout d'accord","Pas du tout d'accord","Pas du tout d'accord","Pas du tout d'accord","Pas du tout d'accord","Tout à fait d’accord","Pas du tout d'accord","Pas du tout d'accord","Pas du tout d'accord","Pas du tout d'accord","Pas du tout d'accord","Pas du tout d'accord","Tout à fait d’accord","Tout à fait d’accord","Ni d’accord ni pas d’accord (neutre)","Pas du tout d'accord","Pas du tout d'accord","Tout à fait d’accord","Pas du tout d'accord","Plutôt pas d'accord","Pas du tout d'accord","Pas du tout d'accord","Pas du tout d'accord","Pas du tout d'accord","Plutôt d’accord","Pas du tout d'accord","Pas du tout d'accord","Pas du tout d'accord","Pas du tout d'accord","Pas du tout d'accord","Pas du tout d'accord","Pas du tout d'accord","Ni d’accord ni pas d’accord (neutre)","Pas du tout d'accord","Pas du tout d'accord","Pas du tout d'accord","J’y suis sensible, mais je n’agis pas beaucoup","Basés sur le prix;Basés sur la qualité nutritionnelle","Soutenir les producteurs","Un idéal inaccessible","Le prix","Meilleure signalétique des produits locaux;Plus de liens avec les producteurs (visites, témoignages…)"
"2025/05/25 2:52:30 PM UTC+3","Normandie","Tout à fait d’accord","Tout à fait d’accord","Ni d’accord ni pas d’accord (neutre)","Ni d’accord ni pas d’accord (neutre)","Plutôt d’accord","Plutôt d’accord","Plutôt d’accord","Plutôt d’accord","Pas du tout d'accord","Ni d’accord ni pas d’accord (neutre)","Pas du tout d'accord","Tout à fait d’accord","Ni d’accord ni pas d’accord (neutre)","Tout à fait d’accord","Plutôt d’accord","Ni d’accord ni pas d’accord (neutre)","Plutôt pas d'accord","Plutôt pas d'accord","Plutôt pas d'accord","Plutôt pas d'accord","Plutôt d’accord","Plutôt d’accord","Plutôt d’accord","Ni d’accord ni pas d’accord (neutre)","Tout à fait d’accord","Tout à fait d’accord","Tout à fait d’accord","Ni d’accord ni pas d’accord (neutre)","Ni d’accord ni pas d’accord (neutre)","Ni d’accord ni pas d’accord (neutre)","Plutôt d’accord","Tout à fait d’accord","Ni d’accord ni pas d’accord (neutre)","Ni d’accord ni pas d’accord (neutre)","Ni d’accord ni pas d’accord (neutre)","Ni d’accord ni pas d’accord (neutre)","Plutôt d’accord","Ni d’accord ni pas d’accord (neutre)","Ni d’accord ni pas d’accord (neutre)","Ni d’accord ni pas d’accord (neutre)","Plutôt pas d'accord","Plutôt pas d'accord","Plutôt pas d'accord","Plutôt pas d'accord","Plutôt pas d'accord","Plutôt pas d'accord","Ni d’accord ni pas d’accord (neutre)","Ni d’accord ni pas d’accord (neutre)","C’est important, mais ce n’est pas toujours simple","Basés sur le goût;Basés sur la proximité géographique","Soutenir les producteurs;Manger plus sainement;Réduire les intermédiaires","Un réflexe;Un effort","Le manque d’offre proche;Le manque d’information claire","Meilleure signalétique des produits locaux;Plus d’offres en ligne / en livraison;Plus de liens avec les producteurs (visites, témoignages…)"
"2025/05/25 2:55:33 PM UTC+3","Bretagne","Tout à fait d’accord","Tout à fait d’accord","Tout à fait d’accord","Tout à fait d’accord","Tout à fait d’accord","Tout à fait d’accord","Tout à fait d’accord","Tout à fait d’accord","Ni d’accord ni pas d’accord (neutre)","Plutôt d’accord","Pas du tout d'accord","Tout à fait d’accord","Tout à fait d’accord","Tout à fait d’accord","Plutôt pas d'accord","Tout à fait d’accord","Ni d’accord ni pas d’accord (neutre)","Plutôt d’accord","Ni d’accord ni pas d’accord (neutre)","Pas du tout d'accord","Ni d’accord ni pas d’accord (neutre)","Tout à fait d’accord","Plutôt d’accord","Ni d’accord ni pas d’accord (neutre)","Tout à fait d’accord","Tout à fait d’accord","Tout à fait d’accord","Plutôt d’accord","Tout à fait d’accord","Tout à fait d’accord","Tout à fait d’accord","Tout à fait d’accord","Plutôt d’accord","Plutôt d’accord","Plutôt pas d'accord","Tout à fait d’accord","Tout à fait d’accord","Pas du tout d'accord","Pas du tout d'accord","Tout à fait d’accord","Pas du tout d'accord","Pas du tout d'accord","Tout à fait d’accord","Plutôt d’accord","Ni d’accord ni pas d’accord (neutre)","Plutôt d’accord","Tout à fait d’accord","Plutôt d’accord","C’est central pour moi, je fais beaucoup d’efforts","Basés sur la proximité géographique;Basés sur la qualité nutritionnelle;Agriculture biologique","Soutenir les producteurs;Manger plus sainement;Limiter son empreinte écologique","Un réflexe","Aucun obstacle particulier","Meilleure signalétique des produits locaux;Plus de liens avec les producteurs (visites, témoignages…)"
"2025/05/25 2:56:55 PM UTC+3","Bretagne","Tout à fait d’accord","Tout à fait d’accord","Plutôt d’accord","Plutôt d’accord","Plutôt d’accord","Tout à fait d’accord","Tout à fait d’accord","Tout à fait d’accord","Plutôt d’accord","Plutôt d’accord","Tout à fait d’accord","Tout à fait d’accord","Tout à fait d’accord","Tout à fait d’accord","Tout à fait d’accord","Tout à fait d’accord","Plutôt d’accord","Tout à fait d’accord","Tout à fait d’accord","Tout à fait d’accord","Tout à fait d’accord","Tout à fait d’accord","Plutôt d’accord","Ni d’accord ni pas d’accord (neutre)","Ni d’accord ni pas d’accord (neutre)","Ni d’accord ni pas d’accord (neutre)","Ni d’accord ni pas d’accord (neutre)","Pas du tout d'accord","Pas du tout d'accord","Pas du tout d'accord","Pas du tout d'accord","Plutôt pas d'accord","Plutôt d’accord","Plutôt d’accord","Plutôt d’accord","Plutôt d’accord","Tout à fait d’accord","Plutôt d’accord","Ni d’accord ni pas d’accord (neutre)","Ni d’accord ni pas d’accord (neutre)","Plutôt d’accord","Plutôt d’accord","Plutôt d’accord","Plutôt d’accord","Plutôt d’accord","Plutôt d’accord","Plutôt d’accord","Plutôt d’accord","C’est important, mais ce n’est pas toujours simple","Basés sur le goût;Basés sur la proximité géographique","Soutenir les producteurs;Manger plus sainement;Limiter son empreinte écologique","Un réflexe;Un effort","Le manque d’offre proche;Le manque d’habitude","Meilleure signalétique des produits locaux;Plus d’événements ou d’animations sur l’alimentation locale;Plus de liens avec les producteurs (visites, témoignages…)"
"2025/05/25 2:57:15 PM UTC+3","Bretagne","Tout à fait d’accord","Tout à fait d’accord","Plutôt d’accord","Tout à fait d’accord","Tout à fait d’accord","Tout à fait d’accord","Plutôt d’accord","Tout à fait d’accord","Plutôt pas d'accord","Plutôt pas d'accord","Pas du tout d'accord","Pas du tout d'accord","Pas du tout d'accord","Pas du tout d'accord","Pas du tout d'accord","Pas du tout d'accord","Pas du tout d'accord","Pas du tout d'accord","Pas du tout d'accord","Pas du tout d'accord","Pas du tout d'accord","Pas du tout d'accord","Pas du tout d'accord","Plutôt d’accord","Pas du tout d'accord","Pas du tout d'accord","Pas du tout d'accord","Plutôt pas d'accord","Pas du tout d'accord","Plutôt pas d'accord","Plutôt pas d'accord","Pas du tout d'accord","Pas du tout d'accord","Pas du tout d'accord","Pas du tout d'accord","Pas du tout d'accord","Pas du tout d'accord","Plutôt pas d'accord","Tout à fait d’accord","Pas du tout d'accord","Pas du tout d'accord","Pas du tout d'accord","Pas du tout d'accord","Pas du tout d'accord","Pas du tout d'accord","Pas du tout d'accord","Pas du tout d'accord","Pas du tout d'accord","C’est important, mais ce n’est pas toujours simple","Basés sur le goût;Basés sur le prix;Basés sur la proximité géographique","Soutenir les producteurs;Manger plus sainement;Réduire les intermédiaires","Un réflexe;Une démarche que j’admire sans suivre","Le manque d’offre proche;Aucun obstacle particulier","Meilleure signalétique des produits locaux;Aides financières (chèques alimentation, épiceries solidaires…);Plus d’offres en ligne / en livraison;Plus de liens avec les producteurs (visites, témoignages…)"
"2025/05/25 3:08:12 PM UTC+3","Grand Est","Plutôt d’accord","Plutôt d’accord","Tout à fait d’accord","Pas du tout d'accord","Pas du tout d'accord","Tout à fait d’accord","Pas du tout d'accord","Tout à fait d’accord","Plutôt d’accord","Plutôt d’accord","Pas du tout d'accord","Pas du tout d'accord","Plutôt d’accord","Tout à fait d’accord","Pas du tout d'accord","Tout à fait d’accord","Tout à fait d’accord","Tout à fait d’accord","Pas du tout d'accord","Pas du tout d'accord","Pas du tout d'accord","Tout à fait d’accord","Tout à fait d’accord","Pas du tout d'accord","Tout à fait d’accord","Tout à fait d’accord","Plutôt pas d'accord","Pas du tout d'accord","Tout à fait d’accord","Tout à fait d’accord","Plutôt pas d'accord","Plutôt d’accord","Tout à fait d’accord","Pas du tout d'accord","Pas du tout d'accord","Pas du tout d'accord","Tout à fait d’accord","Pas du tout d'accord","Tout à fait d’accord","Pas du tout d'accord","Pas du tout d'accord","Pas du tout d'accord","Plutôt pas d'accord","Plutôt pas d'accord","Tout à fait d’accord","Plutôt pas d'accord","Tout à fait d’accord","Tout à fait d’accord","J’y suis sensible, mais je n’agis pas beaucoup","Basés sur le prix","Soutenir les producteurs","Un idéal inaccessible","Le prix","Meilleure signalétique des produits locaux;Plus de liens avec les producteurs (visites, témoignages…)"
"2025/05/25 3:11:36 PM UTC+3","Île-de-France","Ni d’accord ni pas d’accord (neutre)","Plutôt d’accord","Plutôt d’accord","Ni d’accord ni pas d’accord (neutre)","Tout à fait d’accord","Plutôt pas d'accord","Ni d’accord ni pas d’accord (neutre)","Plutôt d’accord","Plutôt pas d'accord","Ni d’accord ni pas d’accord (neutre)","Pas du tout d'accord","Pas du tout d'accord","Pas du tout d'accord","Ni d’accord ni pas d’accord (neutre)","Pas du tout d'accord","Pas du tout d'accord","Pas du tout d'accord","Plutôt pas d'accord","Pas du tout d'accord","Pas du tout d'accord","Pas du tout d'accord","Plutôt d’accord","Pas du tout d'accord","Plutôt pas d'accord","Plutôt pas d'accord","Ni d’accord ni pas d’accord (neutre)","Tout à fait d’accord","Tout à fait d’accord","Ni d’accord ni pas d’accord (neutre)","Plutôt d’accord","Plutôt d’accord","Tout à fait d’accord","Ni d’accord ni pas d’accord (neutre)","Ni d’accord ni pas d’accord (neutre)","Ni d’accord ni pas d’accord (neutre)","Ni d’accord ni pas d’accord (neutre)","Ni d’accord ni pas d’accord (neutre)","Ni d’accord ni pas d’accord (neutre)","Ni d’accord ni pas d’accord (neutre)","Ni d’accord ni pas d’accord (neutre)","Plutôt d’accord","Plutôt d’accord","Plutôt d’accord","Ni d’accord ni pas d’accord (neutre)","Plutôt d’accord","Plutôt d’accord","Plutôt d’accord","Ni d’accord ni pas d’accord (neutre)","J’y suis sensible, mais je n’agis pas beaucoup","Basés sur le goût","Soutenir les producteurs;Limiter son empreinte écologique","Un idéal inaccessible","Le prix","Aides financières (chèques alimentation, épiceries solidaires…)"
"2025/05/25 3:30:06 PM UTC+3","Grand Est","Tout à fait d’accord","Tout à fait d’accord","Plutôt d’accord","Plutôt d’accord","Plutôt pas d'accord","Tout à fait d’accord","Plutôt d’accord","Tout à fait d’accord","Pas du tout d'accord","Pas du tout d'accord","Pas du tout d'accord","Pas du tout d'accord","Pas du tout d'accord","Tout à fait d’accord","Plutôt d’accord","Tout à fait d’accord","Tout à fait d’accord","Tout à fait d’accord","Pas du tout d'accord","Pas du tout d'accord","Pas du tout d'accord","Tout à fait d’accord","Pas du tout d'accord","Pas du tout d'accord","Tout à fait d’accord","Plutôt d’accord","Tout à fait d’accord","Tout à fait d’accord","Plutôt d’accord","Tout à fait d’accord","Plutôt d’accord","Tout à fait d’accord","Tout à fait d’accord","Pas du tout d'accord","Pas du tout d'accord","Plutôt pas d'accord","Plutôt pas d'accord","Pas du tout d'accord","Pas du tout d'accord","Pas du tout d'accord","Pas du tout d'accord","Pas du tout d'accord","Plutôt d’accord","Pas du tout d'accord","Tout à fait d’accord","Pas du tout d'accord","Tout à fait d’accord","Plutôt pas d'accord","J’y suis sensible, mais je n’agis pas beaucoup","Basés sur le prix;Basés sur la proximité géographique","Soutenir les producteurs","Un idéal inaccessible","Le manque d’offre proche;Le manque d’information claire","Meilleure signalétique des produits locaux"
"2025/05/25 3:30:54 PM UTC+3","Pays de la Loire","Plutôt pas d'accord","Plutôt d’accord","Tout à fait d’accord","Plutôt pas d'accord","Plutôt pas d'accord","Plutôt d’accord","Tout à fait d’accord","Plutôt d’accord","Pas du tout d'accord","Ni d’accord ni pas d’accord (neutre)","Pas du tout d'accord","Plutôt pas d'accord","Pas du tout d'accord","Plutôt pas d'accord","Pas du tout d'accord","Pas du tout d'accord","Plutôt d’accord","Tout à fait d’accord","Tout à fait d’accord","Tout à fait d’accord","Plutôt pas d'accord","Plutôt d’accord","Pas du tout d'accord","Tout à fait d’accord","Tout à fait d’accord","Tout à fait d’accord","Tout à fait d’accord","Tout à fait d’accord","Tout à fait d’accord","Tout à fait d’accord","Plutôt d’accord","Tout à fait d’accord","Plutôt pas d'accord","Plutôt pas d'accord","Pas du tout d'accord","Plutôt pas d'accord","Plutôt d’accord","Pas du tout d'accord","Plutôt d’accord","Pas du tout d'accord","Tout à fait d’accord","Pas du tout d'accord","Plutôt pas d'accord","Pas du tout d'accord","Tout à fait d’accord","Tout à fait d’accord","Tout à fait d’accord","Tout à fait d’accord","C’est important, mais ce n’est pas toujours simple","Basés sur le prix;Basés sur la qualité nutritionnelle;Basés sur l’impact environnemental;Basés sur la facilité d’accès","Soutenir les producteurs;Manger plus sainement;Limiter son empreinte écologique;Faire un acte politique","Un idéal inaccessible;Une contrainte;Une démarche que j’admire sans suivre","Le prix;Le manque d’offre proche;Le manque d’information claire;Le manque de temps;Je ne sais pas où chercher","Meilleure signalétique des produits locaux;Aides financières (chèques alimentation, épiceries solidaires…);Plus d’événements ou d’animations sur l’alimentation locale;Plus d’offres en ligne / en livraison;Plus de liens avec les producteurs (visites, témoignages…)"
"2025/05/25 3:33:51 PM UTC+3","Bretagne","Plutôt d’accord","Ni d’accord ni pas d’accord (neutre)","Plutôt d’accord","Plutôt pas d'accord","Plutôt pas d'accord","Plutôt d’accord","Pas du tout d'accord","Tout à fait d’accord","Ni d’accord ni pas d’accord (neutre)","Plutôt d’accord","Plutôt pas d'accord","Plutôt pas d'accord","Plutôt pas d'accord","Plutôt d’accord","Plutôt d’accord","Plutôt pas d'accord","Plutôt d’accord","Ni d’accord ni pas d’accord (neutre)","Plutôt pas d'accord","Plutôt pas d'accord","Plutôt d’accord","Plutôt d’accord","Plutôt pas d'accord","Plutôt d’accord","Plutôt pas d'accord","Plutôt pas d'accord","Plutôt pas d'accord","Plutôt pas d'accord","Plutôt pas d'accord","Plutôt d’accord","Plutôt d’accord","Tout à fait d’accord","Tout à fait d’accord","Plutôt d’accord","Plutôt d’accord","Ni d’accord ni pas d’accord (neutre)","Plutôt d’accord","Ni d’accord ni pas d’accord (neutre)","Ni d’accord ni pas d’accord (neutre)","Ni d’accord ni pas d’accord (neutre)","Ni d’accord ni pas d’accord (neutre)","Plutôt pas d'accord","Plutôt d’accord","Ni d’accord ni pas d’accord (neutre)","Plutôt d’accord","Plutôt d’accord","Plutôt d’accord","Plutôt d’accord","C’est central pour moi, je fais beaucoup d’efforts","Basés sur le goût;Basés sur le prix;Basés sur la qualité nutritionnelle","Soutenir les producteurs;Manger plus sainement","Un effort","Le manque d’offre proche;Le manque d’habitude","Meilleure signalétique des produits locaux;Plus d’événements ou d’animations sur l’alimentation locale"
"2025/05/25 3:35:16 PM UTC+3","Bretagne","Tout à fait d’accord","Plutôt pas d'accord","Ni d’accord ni pas d’accord (neutre)","Tout à fait d’accord","Plutôt d’accord","Tout à fait d’accord","Tout à fait d’accord","Plutôt d’accord","Plutôt pas d'accord","Plutôt d’accord","Pas du tout d'accord","Pas du tout d'accord","Tout à fait d’accord","Ni d’accord ni pas d’accord (neutre)","Pas du tout d'accord","Pas du tout d'accord","Tout à fait d’accord","Tout à fait d’accord","Pas du tout d'accord","Tout à fait d’accord","Ni d’accord ni pas d’accord (neutre)","Pas du tout d'accord","Tout à fait d’accord","Pas du tout d'accord","Tout à fait d’accord","Tout à fait d’accord","Tout à fait d’accord","Pas du tout d'accord","Pas du tout d'accord","Tout à fait d’accord","Tout à fait d’accord","Plutôt d’accord","Plutôt pas d'accord","Plutôt pas d'accord","Pas du tout d'accord","Pas du tout d'accord","Tout à fait d’accord","Pas du tout d'accord","Pas du tout d'accord","Pas du tout d'accord","Tout à fait d’accord","Pas du tout d'accord","Ni d’accord ni pas d’accord (neutre)","Pas du tout d'accord","Plutôt d’accord","Pas du tout d'accord","Ni d’accord ni pas d’accord (neutre)","Ni d’accord ni pas d’accord (neutre)","C’est important, mais ce n’est pas toujours simple","Basés sur le prix;Basés sur la proximité géographique;Basés sur la qualité nutritionnelle","Soutenir les producteurs;Manger plus sainement;Limiter son empreinte écologique;Réduire les intermédiaires","Un effort","Le prix;Le manque d’offre proche;Le manque d’information claire;Le manque de temps","Meilleure signalétique des produits locaux;Aides financières (chèques alimentation, épiceries solidaires…);Plus d’offres en ligne / en livraison"
"2025/05/25 3:36:19 PM UTC+3","Normandie","Plutôt d’accord","Plutôt d’accord","Tout à fait d’accord","Tout à fait d’accord","Tout à fait d’accord","Tout à fait d’accord","Plutôt d’accord","Tout à fait d’accord","Plutôt pas d'accord","Ni d’accord ni pas d’accord (neutre)","Pas du tout d'accord","Tout à fait d’accord","Ni d’accord ni pas d’accord (neutre)","Tout à fait d’accord","Tout à fait d’accord","Tout à fait d’accord","Tout à fait d’accord","Tout à fait d’accord","Tout à fait d’accord","Pas du tout d'accord","Tout à fait d’accord","Tout à fait d’accord","Tout à fait d’accord","Plutôt pas d'accord","Plutôt pas d'accord","Plutôt d’accord","Plutôt d’accord","Pas du tout d'accord","Plutôt d’accord","Plutôt d’accord","Pas du tout d'accord","Pas du tout d'accord","Tout à fait d’accord","Plutôt d’accord","Plutôt d’accord","Tout à fait d’accord","Plutôt d’accord","Pas du tout d'accord","Pas du tout d'accord","Pas du tout d'accord","Plutôt pas d'accord","Pas du tout d'accord","Tout à fait d’accord","Tout à fait d’accord","Tout à fait d’accord","Tout à fait d’accord","Tout à fait d’accord","Tout à fait d’accord","C’est central pour moi, je fais beaucoup d’efforts","Basés sur le goût;Basés sur le prix;Basés sur la proximité géographique","Soutenir les producteurs;Manger plus sainement;S’ancrer dans un territoire;Réduire les intermédiaires;Faire un acte politique","Un réflexe","Le prix;Le manque d’information claire;Le manque de temps","Meilleure signalétique des produits locaux;Plus d’événements ou d’animations sur l’alimentation locale"
"2025/05/25 3:37:13 PM UTC+3","Nouvelle-Aquitaine","Ni d’accord ni pas d’accord (neutre)","Ni d’accord ni pas d’accord (neutre)","Ni d’accord ni pas d’accord (neutre)","Ni d’accord ni pas d’accord (neutre)","Ni d’accord ni pas d’accord (neutre)","Ni d’accord ni pas d’accord (neutre)","Ni d’accord ni pas d’accord (neutre)","Ni d’accord ni pas d’accord (neutre)","Ni d’accord ni pas d’accord (neutre)","Ni d’accord ni pas d’accord (neutre)","Ni d’accord ni pas d’accord (neutre)","Ni d’accord ni pas d’accord (neutre)","Ni d’accord ni pas d’accord (neutre)","Ni d’accord ni pas d’accord (neutre)","Plutôt pas d'accord","Ni d’accord ni pas d’accord (neutre)","Ni d’accord ni pas d’accord (neutre)","Ni d’accord ni pas d’accord (neutre)","Ni d’accord ni pas d’accord (neutre)","Ni d’accord ni pas d’accord (neutre)","Ni d’accord ni pas d’accord (neutre)","Ni d’accord ni pas d’accord (neutre)","Ni d’accord ni pas d’accord (neutre)","Ni d’accord ni pas d’accord (neutre)","Tout à fait d’accord","Plutôt d’accord","Tout à fait d’accord","Plutôt d’accord","Ni d’accord ni pas d’accord (neutre)","Ni d’accord ni pas d’accord (neutre)","Plutôt pas d'accord","Plutôt pas d'accord","Ni d’accord ni pas d’accord (neutre)","Ni d’accord ni pas d’accord (neutre)","Ni d’accord ni pas d’accord (neutre)","Ni d’accord ni pas d’accord (neutre)","Ni d’accord ni pas d’accord (neutre)","Ni d’accord ni pas d’accord (neutre)","Ni d’accord ni pas d’accord (neutre)","Ni d’accord ni pas d’accord (neutre)","Ni d’accord ni pas d’accord (neutre)","Ni d’accord ni pas d’accord (neutre)","Ni d’accord ni pas d’accord (neutre)","Plutôt pas d'accord","Ni d’accord ni pas d’accord (neutre)","Plutôt pas d'accord","Plutôt pas d'accord","Plutôt pas d'accord","J’y suis sensible, mais je n’agis pas beaucoup","Basés sur le goût;Basés sur la facilité d’accès","Soutenir les producteurs","Une démarche que j’admire sans suivre","Le manque d’offre proche;Le manque d’habitude;Je ne sais pas où chercher","Meilleure signalétique des produits locaux;Aides financières (chèques alimentation, épiceries solidaires…)"
"2025/05/25 3:38:40 PM UTC+3","Bretagne","Plutôt d’accord","Pas du tout d'accord","Ni d’accord ni pas d’accord (neutre)","Tout à fait d’accord","Plutôt d’accord","Pas du tout d'accord","Plutôt d’accord","Tout à fait d’accord","Plutôt pas d'accord","Ni d’accord ni pas d’accord (neutre)","Pas du tout d'accord","Pas du tout d'accord","Tout à fait d’accord","Pas du tout d'accord","Pas du tout d'accord","Plutôt d’accord","Pas du tout d'accord","Ni d’accord ni pas d’accord (neutre)","Pas du tout d'accord","Pas du tout d'accord","Pas du tout d'accord","Tout à fait d’accord","Pas du tout d'accord","Ni d’accord ni pas d’accord (neutre)","Plutôt d’accord","Tout à fait d’accord","Tout à fait d’accord","Ni d’accord ni pas d’accord (neutre)","Pas du tout d'accord","Plutôt d’accord","Pas du tout d'accord","Pas du tout d'accord","Ni d’accord ni pas d’accord (neutre)","Pas du tout d'accord","Pas du tout d'accord","Ni d’accord ni pas d’accord (neutre)","Tout à fait d’accord","Pas du tout d'accord","Tout à fait d’accord","Ni d’accord ni pas d’accord (neutre)","Pas du tout d'accord","Pas du tout d'accord","Tout à fait d’accord","Pas du tout d'accord","Plutôt d’accord","Tout à fait d’accord","Tout à fait d’accord","Tout à fait d’accord","Je m’y intéresse peu ou pas","Basés sur le goût;Basés sur le prix;Basés sur la proximité géographique;Basés sur la qualité nutritionnelle","Soutenir les producteurs;Manger plus sainement;Limiter son empreinte écologique;S’ancrer dans un territoire","Un effort","Le manque d’information claire;Le manque de temps;Je ne sais pas où chercher","Plus de liens avec les producteurs (visites, témoignages…)"
"2025/05/25 3:44:38 PM UTC+3","Bretagne","Plutôt pas d'accord","Plutôt pas d'accord","Plutôt pas d'accord","Plutôt pas d'accord","Pas du tout d'accord","Tout à fait d’accord","Tout à fait d’accord","Plutôt d’accord","Pas du tout d'accord","Pas du tout d'accord","Pas du tout d'accord","Pas du tout d'accord","Pas du tout d'accord","Pas du tout d'accord","Pas du tout d'accord","Pas du tout d'accord","Plutôt pas d'accord","Plutôt pas d'accord","Ni d’accord ni pas d’accord (neutre)","Plutôt pas d'accord","Pas du tout d'accord","Plutôt pas d'accord","Pas du tout d'accord","Pas du tout d'accord","Plutôt d’accord","Plutôt d’accord","Plutôt d’accord","Plutôt d’accord","Ni d’accord ni pas d’accord (neutre)","Plutôt d’accord","Pas du tout d'accord","Pas du tout d'accord","Pas du tout d'accord","Pas du tout d'accord","Plutôt pas d'accord","Plutôt d’accord","Tout à fait d’accord","Pas du tout d'accord","Pas du tout d'accord","Pas du tout d'accord","Plutôt d’accord","Pas du tout d'accord","Ni d’accord ni pas d’accord (neutre)","Pas du tout d'accord","Plutôt d’accord","Plutôt pas d'accord","Plutôt pas d'accord","Ni d’accord ni pas d’accord (neutre)","J’y suis sensible, mais je n’agis pas beaucoup","Basés sur le goût;Basés sur le prix","Soutenir les producteurs;S’ancrer dans un territoire;Faire un acte politique","Une démarche que j’admire sans suivre","Le prix","Aides financières (chèques alimentation, épiceries solidaires…)"
"2025/05/25 3:46:38 PM UTC+3","Bretagne","Pas du tout d'accord","Plutôt d’accord","Plutôt d’accord","Ni d’accord ni pas d’accord (neutre)","Pas du tout d'accord","Pas du tout d'accord","Pas du tout d'accord","Ni d’accord ni pas d’accord (neutre)","Plutôt pas d'accord","Plutôt d’accord","Pas du tout d'accord","Plutôt pas d'accord","Pas du tout d'accord","Plutôt pas d'accord","Plutôt pas d'accord","Ni d’accord ni pas d’accord (neutre)","Plutôt d’accord","Plutôt d’accord","Ni d’accord ni pas d’accord (neutre)","Ni d’accord ni pas d’accord (neutre)","Ni d’accord ni pas d’accord (neutre)","Tout à fait d’accord","Plutôt d’accord","Plutôt pas d'accord","Plutôt d’accord","Plutôt d’accord","Plutôt pas d'accord","Pas du tout d'accord","Plutôt pas d'accord","Plutôt pas d'accord","Plutôt d’accord","Ni d’accord ni pas d’accord (neutre)","Plutôt pas d'accord","Plutôt pas d'accord","Plutôt pas d'accord","Pas du tout d'accord","Plutôt d’accord","Plutôt pas d'accord","Pas du tout d'accord","Pas du tout d'accord","Plutôt pas d'accord","Pas du tout d'accord","Ni d’accord ni pas d’accord (neutre)","Pas du tout d'accord","Tout à fait d’accord","Pas du tout d'accord","Plutôt d’accord","Plutôt d’accord","C’est important, mais ce n’est pas toujours simple","Basés sur le goût;Basés sur le prix;Basés sur la qualité nutritionnelle","Soutenir les producteurs;Manger plus sainement","Un réflexe;Un effort;Une contrainte","Le prix;Le manque d’offre proche;Le manque d’information claire;Le manque de temps;Le manque d’habitude","Meilleure signalétique des produits locaux;Aides financières (chèques alimentation, épiceries solidaires…);Plus d’événements ou d’animations sur l’alimentation locale;Plus d’offres en ligne / en livraison;Plus de liens avec les producteurs (visites, témoignages…)"
"2025/05/25 3:53:45 PM UTC+3","Bretagne","Plutôt d’accord","Tout à fait d’accord","Ni d’accord ni pas d’accord (neutre)","Plutôt d’accord","Tout à fait d’accord","Tout à fait d’accord","Tout à fait d’accord","Plutôt d’accord","Plutôt pas d'accord","Plutôt d’accord","Pas du tout d'accord","Plutôt pas d'accord","Pas du tout d'accord","Plutôt d’accord","Ni d’accord ni pas d’accord (neutre)","Pas du tout d'accord","Plutôt pas d'accord","Tout à fait d’accord","Plutôt d’accord","Pas du tout d'accord","Ni d’accord ni pas d’accord (neutre)","Plutôt d’accord","Ni d’accord ni pas d’accord (neutre)","Pas du tout d'accord","Tout à fait d’accord","Plutôt d’accord","Plutôt d’accord","Pas du tout d'accord","Plutôt d’accord","Plutôt d’accord","Tout à fait d’accord","Plutôt d’accord","Tout à fait d’accord","Plutôt d’accord","Ni d’accord ni pas d’accord (neutre)","Tout à fait d’accord","Ni d’accord ni pas d’accord (neutre)","Ni d’accord ni pas d’accord (neutre)","Pas du tout d'accord","Pas du tout d'accord","Plutôt d’accord","Pas du tout d'accord","Tout à fait d’accord","Pas du tout d'accord","Plutôt d’accord","Tout à fait d’accord","Tout à fait d’accord","Tout à fait d’accord","C’est important, mais ce n’est pas toujours simple","Basés sur le goût;Basés sur la proximité géographique;Basés sur la qualité nutritionnelle;Basés sur l’impact environnemental","Soutenir les producteurs;Manger plus sainement;S’ancrer dans un territoire","Un effort","Je ne sais pas où chercher","Plus de liens avec les producteurs (visites, témoignages…)"
"2025/05/25 4:06:03 PM UTC+3","Bretagne","Plutôt d’accord","Plutôt d’accord","Plutôt d’accord","Plutôt pas d'accord","Ni d’accord ni pas d’accord (neutre)","Ni d’accord ni pas d’accord (neutre)","Plutôt pas d'accord","Ni d’accord ni pas d’accord (neutre)","Pas du tout d'accord","Ni d’accord ni pas d’accord (neutre)","Pas du tout d'accord","Pas du tout d'accord","Pas du tout d'accord","Pas du tout d'accord","Pas du tout d'accord","Pas du tout d'accord","Plutôt pas d'accord","Plutôt d’accord","Plutôt pas d'accord","Plutôt pas d'accord","Ni d’accord ni pas d’accord (neutre)","Ni d’accord ni pas d’accord (neutre)","Pas du tout d'accord","Pas du tout d'accord","Plutôt pas d'accord","Plutôt d’accord","Plutôt d’accord","Plutôt pas d'accord","Ni d’accord ni pas d’accord (neutre)","Plutôt pas d'accord","Plutôt pas d'accord","Ni d’accord ni pas d’accord (neutre)","Ni d’accord ni pas d’accord (neutre)","Ni d’accord ni pas d’accord (neutre)","Ni d’accord ni pas d’accord (neutre)","Ni d’accord ni pas d’accord (neutre)","Plutôt d’accord","Plutôt pas d'accord","Plutôt pas d'accord","Plutôt pas d'accord","Pas du tout d'accord","Pas du tout d'accord","Pas du tout d'accord","Pas du tout d'accord","Plutôt d’accord","Pas du tout d'accord","Plutôt d’accord","Plutôt d’accord","J’y suis sensible, mais je n’agis pas beaucoup","Basés sur le goût;Basés sur le prix;Basés sur la proximité géographique;Basés sur la facilité d’accès","Soutenir les producteurs;Manger plus sainement;S’ancrer dans un territoire;Réduire les intermédiaires","Une démarche que j’admire sans suivre","Le prix;Le manque d’offre proche;Le manque d’information claire;Je ne sais pas où chercher","Meilleure signalétique des produits locaux;Plus de liens avec les producteurs (visites, témoignages…)"
"2025/05/25 4:09:07 PM UTC+3","Bretagne","Tout à fait d’accord","Ni d’accord ni pas d’accord (neutre)","Tout à fait d’accord","Plutôt d’accord","Tout à fait d’accord","Tout à fait d’accord","Tout à fait d’accord","Tout à fait d’accord","Pas du tout d'accord","Tout à fait d’accord","Pas du tout d'accord","Tout à fait d’accord","Tout à fait d’accord","Plutôt d’accord","Plutôt d’accord","Tout à fait d’accord","Tout à fait d’accord","Plutôt d’accord","Plutôt d’accord","Ni d’accord ni pas d’accord (neutre)","Plutôt d’accord","Tout à fait d’accord","Tout à fait d’accord","Plutôt pas d'accord","Tout à fait d’accord","Plutôt d’accord","Tout à fait d’accord","Tout à fait d’accord","Tout à fait d’accord","Tout à fait d’accord","Tout à fait d’accord","Tout à fait d’accord","Plutôt d’accord","Tout à fait d’accord","Plutôt pas d'accord","Tout à fait d’accord","Tout à fait d’accord","Pas du tout d'accord","Plutôt pas d'accord","Pas du tout d'accord","Pas du tout d'accord","Pas du tout d'accord","Tout à fait d’accord","Tout à fait d’accord","Tout à fait d’accord","Tout à fait d’accord","Tout à fait d’accord","Tout à fait d’accord","C’est important, mais ce n’est pas toujours simple","Basés sur la proximité géographique","Soutenir les producteurs;Limiter son empreinte écologique;Réduire les intermédiaires;Faire un acte politique","Un réflexe;Un effort","Le prix","Aides financières (chèques alimentation, épiceries solidaires…)"
"2025/05/25 4:15:36 PM UTC+3","Auvergne-Rhône-Alpes","Plutôt d’accord","Plutôt pas d'accord","Ni d’accord ni pas d’accord (neutre)","Plutôt pas d'accord","Plutôt d’accord","Plutôt d’accord","Tout à fait d’accord","Pas du tout d'accord","Plutôt pas d'accord","Ni d’accord ni pas d’accord (neutre)","Pas du tout d'accord","Plutôt d’accord","Plutôt pas d'accord","Ni d’accord ni pas d’accord (neutre)","Ni d’accord ni pas d’accord (neutre)","Pas du tout d'accord","Pas du tout d'accord","Plutôt pas d'accord","Pas du tout d'accord","Pas du tout d'accord","Plutôt pas d'accord","Plutôt d’accord","Ni d’accord ni pas d’accord (neutre)","Pas du tout d'accord","Plutôt d’accord","Plutôt d’accord","Tout à fait d’accord","Plutôt d’accord","Plutôt d’accord","Ni d’accord ni pas d’accord (neutre)","Plutôt pas d'accord","Plutôt d’accord","Ni d’accord ni pas d’accord (neutre)","Ni d’accord ni pas d’accord (neutre)","Ni d’accord ni pas d’accord (neutre)","Plutôt d’accord","Plutôt d’accord","Plutôt pas d'accord","Pas du tout d'accord","Ni d’accord ni pas d’accord (neutre)","Pas du tout d'accord","Pas du tout d'accord","Ni d’accord ni pas d’accord (neutre)","Pas du tout d'accord","Plutôt d’accord","Ni d’accord ni pas d’accord (neutre)","Ni d’accord ni pas d’accord (neutre)","Ni d’accord ni pas d’accord (neutre)","J’y suis sensible, mais je n’agis pas beaucoup","Basés sur le goût;Basés sur la facilité d’accès","Soutenir les producteurs;Manger plus sainement;Limiter son empreinte écologique","Un effort","Le prix;Le manque d’habitude","Plus d’offres en ligne / en livraison"
"2025/05/25 4:15:46 PM UTC+3","Normandie","Plutôt d’accord","Ni d’accord ni pas d’accord (neutre)","Tout à fait d’accord","Plutôt d’accord","Plutôt d’accord","Ni d’accord ni pas d’accord (neutre)","Tout à fait d’accord","Ni d’accord ni pas d’accord (neutre)","Pas du tout d'accord","Plutôt d’accord","Pas du tout d'accord","Ni d’accord ni pas d’accord (neutre)","Pas du tout d'accord","Ni d’accord ni pas d’accord (neutre)","Pas du tout d'accord","Ni d’accord ni pas d’accord (neutre)","Plutôt d’accord","Ni d’accord ni pas d’accord (neutre)","Plutôt pas d'accord","Pas du tout d'accord","Pas du tout d'accord","Plutôt d’accord","Plutôt d’accord","Plutôt d’accord","Plutôt d’accord","Plutôt d’accord","Plutôt d’accord","Pas du tout d'accord","Ni d’accord ni pas d’accord (neutre)","Plutôt pas d'accord","Pas du tout d'accord","Ni d’accord ni pas d’accord (neutre)","Plutôt d’accord","Pas du tout d'accord","Pas du tout d'accord","Ni d’accord ni pas d’accord (neutre)","Plutôt d’accord","Pas du tout d'accord","Pas du tout d'accord","Pas du tout d'accord","Tout à fait d’accord","Pas du tout d'accord","Plutôt d’accord","Ni d’accord ni pas d’accord (neutre)","Plutôt d’accord","Pas du tout d'accord","Ni d’accord ni pas d’accord (neutre)","Plutôt d’accord","J’y suis sensible, mais je n’agis pas beaucoup","Basés sur le goût;Basés sur le prix;Basés sur la facilité d’accès","Soutenir les producteurs;Réduire les intermédiaires","Une démarche que j’admire sans suivre","Aucun obstacle particulier","Meilleure signalétique des produits locaux;Plus d’événements ou d’animations sur l’alimentation locale"
"2025/05/25 4:16:01 PM UTC+3","Bretagne","Plutôt d’accord","Pas du tout d'accord","Pas du tout d'accord","Ni d’accord ni pas d’accord (neutre)","Plutôt pas d'accord","Plutôt d’accord","Plutôt d’accord","Pas du tout d'accord","Ni d’accord ni pas d’accord (neutre)","Ni d’accord ni pas d’accord (neutre)","Ni d’accord ni pas d’accord (neutre)","Plutôt pas d'accord","Ni d’accord ni pas d’accord (neutre)","Plutôt pas d'accord","Pas du tout d'accord","Plutôt pas d'accord","Tout à fait d’accord","Plutôt d’accord","Plutôt pas d'accord","Pas du tout d'accord","Pas du tout d'accord","Plutôt pas d'accord","Ni d’accord ni pas d’accord (neutre)","Pas du tout d'accord","Plutôt d’accord","Plutôt d’accord","Plutôt d’accord","Tout à fait d’accord","Ni d’accord ni pas d’accord (neutre)","Pas du tout d'accord","Pas du tout d'accord","Pas du tout d'accord","Ni d’accord ni pas d’accord (neutre)","Pas du tout d'accord","Pas du tout d'accord","Plutôt d’accord","Tout à fait d’accord","Pas du tout d'accord","Pas du tout d'accord","Pas du tout d'accord","Pas du tout d'accord","Pas du tout d'accord","Plutôt d’accord","Pas du tout d'accord","Ni d’accord ni pas d’accord (neutre)","Pas du tout d'accord","Pas du tout d'accord","Plutôt d’accord","J’y suis sensible, mais je n’agis pas beaucoup","Basés sur le prix;Basés sur la facilité d’accès","Soutenir les producteurs;Manger plus sainement;Limiter son empreinte écologique;Réduire les intermédiaires","Un effort;Un idéal inaccessible;Une démarche que j’admire sans suivre","Le prix;Le manque d’offre proche;Le manque d’information claire;Le manque de temps;Le manque d’habitude;Je ne sais pas où chercher","Meilleure signalétique des produits locaux;Aides financières (chèques alimentation, épiceries solidaires…)"
"2025/05/25 4:19:36 PM UTC+3","Occitanie","Tout à fait d’accord","Plutôt d’accord","Plutôt d’accord","Ni d’accord ni pas d’accord (neutre)","Plutôt d’accord","Tout à fait d’accord","Tout à fait d’accord","Plutôt d’accord","Ni d’accord ni pas d’accord (neutre)","Tout à fait d’accord","Plutôt d’accord","Ni d’accord ni pas d’accord (neutre)","Ni d’accord ni pas d’accord (neutre)","Ni d’accord ni pas d’accord (neutre)","Ni d’accord ni pas d’accord (neutre)","Plutôt d’accord","Tout à fait d’accord","Ni d’accord ni pas d’accord (neutre)","Plutôt d’accord","Plutôt d’accord","Plutôt d’accord","Plutôt d’accord","Plutôt d’accord","Plutôt d’accord","Tout à fait d’accord","Tout à fait d’accord","Tout à fait d’accord","Tout à fait d’accord","Tout à fait d’accord","Tout à fait d’accord","Tout à fait d’accord","Plutôt d’accord","Ni d’accord ni pas d’accord (neutre)","Plutôt d’accord","Ni d’accord ni pas d’accord (neutre)","Plutôt pas d'accord","Ni d’accord ni pas d’accord (neutre)","Ni d’accord ni pas d’accord (neutre)","Ni d’accord ni pas d’accord (neutre)","Tout à fait d’accord","Tout à fait d’accord","Tout à fait d’accord","Tout à fait d’accord","Tout à fait d’accord","Tout à fait d’accord","Tout à fait d’accord","Tout à fait d’accord","Tout à fait d’accord","C’est important, mais ce n’est pas toujours simple","Basés sur le goût;Basés sur le prix;Basés sur la proximité géographique;Basés sur la qualité nutritionnelle;Basés sur l’impact environnemental;Basés sur la facilité d’accès","Soutenir les producteurs;Manger plus sainement;Limiter son empreinte écologique;S’ancrer dans un territoire;Réduire les intermédiaires;Faire un acte politique","Un réflexe;Un effort","Le prix;Le manque d’offre proche","Meilleure signalétique des produits locaux;Plus d’événements ou d’animations sur l’alimentation locale;Plus de liens avec les producteurs (visites, témoignages…)"
"2025/05/25 4:21:49 PM UTC+3","Bretagne","Plutôt d’accord","Plutôt d’accord","Plutôt d’accord","Plutôt d’accord","Plutôt d’accord","Plutôt d’accord","Plutôt d’accord","Plutôt d’accord","Plutôt d’accord","Tout à fait d’accord","Ni d’accord ni pas d’accord (neutre)","Tout à fait d’accord","Tout à fait d’accord","Tout à fait d’accord","Plutôt d’accord","Tout à fait d’accord","Plutôt d’accord","Plutôt d’accord","Tout à fait d’accord","Ni d’accord ni pas d’accord (neutre)","Plutôt d’accord","Plutôt d’accord","Plutôt d’accord","Pas du tout d'accord","Tout à fait d’accord","Tout à fait d’accord","Tout à fait d’accord","Tout à fait d’accord","Plutôt d’accord","Plutôt d’accord","Plutôt d’accord","Tout à fait d’accord","Ni d’accord ni pas d’accord (neutre)","Ni d’accord ni pas d’accord (neutre)","Plutôt pas d'accord","Plutôt d’accord","Tout à fait d’accord","Plutôt pas d'accord","Plutôt pas d'accord","Plutôt pas d'accord","Plutôt d’accord","Pas du tout d'accord","Ni d’accord ni pas d’accord (neutre)","Plutôt d’accord","Tout à fait d’accord","Plutôt d’accord","Plutôt d’accord","Plutôt d’accord","C’est important, mais ce n’est pas toujours simple","Basés sur le goût;Basés sur le prix;Basés sur la proximité géographique;Basés sur la qualité nutritionnelle;Basés sur l’impact environnemental;Basés sur la facilité d’accès","Manger plus sainement;S’ancrer dans un territoire;Faire un acte politique","Un effort","Le prix;Le manque d’information claire;Le manque de temps","Meilleure signalétique des produits locaux;Plus d’événements ou d’animations sur l’alimentation locale"
"2025/05/25 4:22:32 PM UTC+3","Bretagne","Plutôt d’accord","Ni d’accord ni pas d’accord (neutre)","Plutôt d’accord","Ni d’accord ni pas d’accord (neutre)","Ni d’accord ni pas d’accord (neutre)","Plutôt d’accord","Plutôt d’accord","Plutôt d’accord","Ni d’accord ni pas d’accord (neutre)","Plutôt d’accord","Pas du tout d'accord","Plutôt d’accord","Plutôt d’accord","Plutôt d’accord","Ni d’accord ni pas d’accord (neutre)","Pas du tout d'accord","Plutôt d’accord","Plutôt d’accord","Plutôt d’accord","Ni d’accord ni pas d’accord (neutre)","Plutôt d’accord","Plutôt d’accord","Plutôt d’accord","Tout à fait d’accord","Plutôt d’accord","Plutôt d’accord","Plutôt d’accord","Ni d’accord ni pas d’accord (neutre)","Plutôt d’accord","Plutôt d’accord","Plutôt d’accord","Tout à fait d’accord","Tout à fait d’accord","Ni d’accord ni pas d’accord (neutre)","Ni d’accord ni pas d’accord (neutre)","Plutôt d’accord","Plutôt d’accord","Pas du tout d'accord","Pas du tout d'accord","Tout à fait d’accord","Tout à fait d’accord","Ni d’accord ni pas d’accord (neutre)","Plutôt d’accord","Ni d’accord ni pas d’accord (neutre)","Tout à fait d’accord","Tout à fait d’accord","Tout à fait d’accord","Tout à fait d’accord","C’est important, mais ce n’est pas toujours simple","Basés sur le goût;Basés sur le prix;Basés sur la proximité géographique;Basés sur la qualité nutritionnelle;Basés sur l’impact environnemental;Basés sur la facilité d’accès","Soutenir les producteurs;Manger plus sainement;Limiter son empreinte écologique;S’ancrer dans un territoire;Réduire les intermédiaires;Faire un acte politique","Un effort","Le prix;Le manque d’offre proche;Le manque d’information claire;Le manque de temps;Le manque d’habitude;Je ne sais pas où chercher","Meilleure signalétique des produits locaux;Aides financières (chèques alimentation, épiceries solidaires…);Plus d’événements ou d’animations sur l’alimentation locale;Plus d’offres en ligne / en livraison;Plus de liens avec les producteurs (visites, témoignages…)"
"2025/05/25 4:28:24 PM UTC+3","Pays de la Loire","Ni d’accord ni pas d’accord (neutre)","Plutôt pas d'accord","Ni d’accord ni pas d’accord (neutre)","Pas du tout d'accord","Plutôt pas d'accord","Plutôt d’accord","Plutôt pas d'accord","Plutôt d’accord","Pas du tout d'accord","Ni d’accord ni pas d’accord (neutre)","Pas du tout d'accord","Pas du tout d'accord","Pas du tout d'accord","Pas du tout d'accord","Pas du tout d'accord","Pas du tout d'accord","Pas du tout d'accord","Plutôt d’accord","Plutôt pas d'accord","Pas du tout d'accord","Pas du tout d'accord","Plutôt pas d'accord","Pas du tout d'accord","Pas du tout d'accord","Tout à fait d’accord","Plutôt d’accord","Plutôt pas d'accord","Pas du tout d'accord","Ni d’accord ni pas d’accord (neutre)","Plutôt d’accord","Pas du tout d'accord","Ni d’accord ni pas d’accord (neutre)","Pas du tout d'accord","Pas du tout d'accord","Pas du tout d'accord","Pas du tout d'accord","Tout à fait d’accord","Pas du tout d'accord","Pas du tout d'accord","Pas du tout d'accord","Pas du tout d'accord","Pas du tout d'accord","Pas du tout d'accord","Pas du tout d'accord","Tout à fait d’accord","Pas du tout d'accord","Pas du tout d'accord","Tout à fait d’accord","J’y suis sensible, mais je n’agis pas beaucoup","Basés sur le prix;Basés sur l’impact environnemental;Basés sur la facilité d’accès","Soutenir les producteurs;Limiter son empreinte écologique","Un effort","Le prix;Le manque d’information claire;Le manque de temps;Le manque d’habitude","Aides financières (chèques alimentation, épiceries solidaires…);Plus d’offres en ligne / en livraison;Plus de liens avec les producteurs (visites, témoignages…)"
"2025/05/25 4:33:04 PM UTC+3","Île-de-France","Tout à fait d’accord","Tout à fait d’accord","Tout à fait d’accord","Plutôt d’accord","Ni d’accord ni pas d’accord (neutre)","Tout à fait d’accord","Tout à fait d’accord","Tout à fait d’accord","Pas du tout d'accord","Plutôt d’accord","Pas du tout d'accord","Plutôt d’accord","Tout à fait d’accord","Ni d’accord ni pas d’accord (neutre)","Plutôt d’accord","Ni d’accord ni pas d’accord (neutre)","Pas du tout d'accord","Ni d’accord ni pas d’accord (neutre)","Ni d’accord ni pas d’accord (neutre)","Pas du tout d'accord","Tout à fait d’accord","Tout à fait d’accord","Plutôt d’accord","Tout à fait d’accord","Tout à fait d’accord","Tout à fait d’accord","Tout à fait d’accord","Plutôt d’accord","Tout à fait d’accord","Tout à fait d’accord","Tout à fait d’accord","Tout à fait d’accord","Ni d’accord ni pas d’accord (neutre)","Ni d’accord ni pas d’accord (neutre)","Plutôt pas d'accord","Plutôt pas d'accord","Tout à fait d’accord","Pas du tout d'accord","Pas du tout d'accord","Pas du tout d'accord","Pas du tout d'accord","Pas du tout d'accord","Tout à fait d’accord","Tout à fait d’accord","Tout à fait d’accord","Tout à fait d’accord","Tout à fait d’accord","Tout à fait d’accord","C’est central pour moi, je fais beaucoup d’efforts","Basés sur le prix;Basés sur la qualité nutritionnelle;Basés sur l’impact environnemental","Soutenir les producteurs;Manger plus sainement;Limiter son empreinte écologique;Réduire les intermédiaires","Un effort","Le prix;Le manque d’information claire;Le manque d’habitude;Je ne sais pas où chercher","Meilleure signalétique des produits locaux;Aides financières (chèques alimentation, épiceries solidaires…);Plus d’événements ou d’animations sur l’alimentation locale;Plus de liens avec les producteurs (visites, témoignages…)"
"2025/05/25 4:37:27 PM UTC+3","Île-de-France","Plutôt d’accord","Ni d’accord ni pas d’accord (neutre)","Plutôt pas d'accord","Plutôt d’accord","Plutôt d’accord","Plutôt d’accord","Tout à fait d’accord","Tout à fait d’accord","Tout à fait d’accord","Tout à fait d’accord","Tout à fait d’accord","Tout à fait d’accord","Ni d’accord ni pas d’accord (neutre)","Tout à fait d’accord","Plutôt d’accord","Ni d’accord ni pas d’accord (neutre)","Plutôt d’accord","Plutôt pas d'accord","Plutôt d’accord","Pas du tout d'accord","Plutôt d’accord","Tout à fait d’accord","Tout à fait d’accord","Tout à fait d’accord","Tout à fait d’accord","Tout à fait d’accord","Tout à fait d’accord","Ni d’accord ni pas d’accord (neutre)","Tout à fait d’accord","Tout à fait d’accord","Tout à fait d’accord","Tout à fait d’accord","Tout à fait d’accord","Tout à fait d’accord","Tout à fait d’accord","Pas du tout d'accord","Plutôt d’accord","Pas du tout d'accord","Tout à fait d’accord","Ni d’accord ni pas d’accord (neutre)","Plutôt d’accord","Ni d’accord ni pas d’accord (neutre)","Tout à fait d’accord","Tout à fait d’accord","Tout à fait d’accord","Plutôt d’accord","Tout à fait d’accord","Tout à fait d’accord","C’est central pour moi, je fais beaucoup d’efforts","Basés sur le goût;Basés sur le prix;Basés sur la proximité géographique;Basés sur l’impact environnemental","Soutenir les producteurs;Limiter son empreinte écologique","Un réflexe","Le manque d’offre proche;Le manque d’information claire;Le manque de temps","Aides financières (chèques alimentation, épiceries solidaires…);Plus d’événements ou d’animations sur l’alimentation locale;Plus d’offres en ligne / en livraison;Plus de liens avec les producteurs (visites, témoignages…)"
"2025/05/25 4:42:39 PM UTC+3","Pays de la Loire","Ni d’accord ni pas d’accord (neutre)","Ni d’accord ni pas d’accord (neutre)","Plutôt d’accord","Plutôt d’accord","Plutôt pas d'accord","Plutôt pas d'accord","Ni d’accord ni pas d’accord (neutre)","Ni d’accord ni pas d’accord (neutre)","Pas du tout d'accord","Plutôt pas d'accord","Ni d’accord ni pas d’accord (neutre)","Plutôt pas d'accord","Plutôt d’accord","Plutôt pas d'accord","Tout à fait d’accord","Plutôt pas d'accord","Plutôt d’accord","Tout à fait d’accord","Ni d’accord ni pas d’accord (neutre)","Pas du tout d'accord","Ni d’accord ni pas d’accord (neutre)","Plutôt d’accord","Tout à fait d’accord","Pas du tout d'accord","Tout à fait d’accord","Plutôt d’accord","Tout à fait d’accord","Plutôt d’accord","Plutôt d’accord","Tout à fait d’accord","Ni d’accord ni pas d’accord (neutre)","Plutôt pas d'accord","Ni d’accord ni pas d’accord (neutre)","Ni d’accord ni pas d’accord (neutre)","Ni d’accord ni pas d’accord (neutre)","Plutôt d’accord","Plutôt d’accord","Pas du tout d'accord","Ni d’accord ni pas d’accord (neutre)","Plutôt pas d'accord","Ni d’accord ni pas d’accord (neutre)","Plutôt pas d'accord","Plutôt d’accord","Ni d’accord ni pas d’accord (neutre)","Plutôt d’accord","Plutôt d’accord","Ni d’accord ni pas d’accord (neutre)","Ni d’accord ni pas d’accord (neutre)","J’y suis sensible, mais je n’agis pas beaucoup","Basés sur le goût;Basés sur le prix;Basés sur la qualité nutritionnelle;Basés sur l’impact environnemental;Basés sur la facilité d’accès","Soutenir les producteurs;Manger plus sainement;Limiter son empreinte écologique","Un effort;Un idéal inaccessible;Une démarche que j’admire sans suivre","Le prix;Le manque d’offre proche;Le manque de temps;Je ne sais pas où chercher","Plus d’événements ou d’animations sur l’alimentation locale;Plus d’offres en ligne / en livraison;Plus de liens avec les producteurs (visites, témoignages…)"
"2025/05/25 4:46:24 PM UTC+3","Grand Est","Plutôt pas d'accord","Pas du tout d'accord","Pas du tout d'accord","Plutôt pas d'accord","Pas du tout d'accord","Pas du tout d'accord","Plutôt pas d'accord","Ni d’accord ni pas d’accord (neutre)","Plutôt d’accord","Plutôt d’accord","Plutôt d’accord","Ni d’accord ni pas d’accord (neutre)","Plutôt pas d'accord","Ni d’accord ni pas d’accord (neutre)","Plutôt pas d'accord","Plutôt pas d'accord","Plutôt pas d'accord","Plutôt pas d'accord","Pas du tout d'accord","Pas du tout d'accord","Plutôt d’accord","Plutôt d’accord","Ni d’accord ni pas d’accord (neutre)","Ni d’accord ni pas d’accord (neutre)","Plutôt d’accord","Ni d’accord ni pas d’accord (neutre)","Pas du tout d'accord","Plutôt pas d'accord","Pas du tout d'accord","Pas du tout d'accord","Pas du tout d'accord","Plutôt pas d'accord","Ni d’accord ni pas d’accord (neutre)","Plutôt pas d'accord","Plutôt pas d'accord","Ni d’accord ni pas d’accord (neutre)","Plutôt pas d'accord","Plutôt pas d'accord","Plutôt pas d'accord","Plutôt pas d'accord","Pas du tout d'accord","Plutôt pas d'accord","Plutôt pas d'accord","Ni d’accord ni pas d’accord (neutre)","Plutôt d’accord","Plutôt d’accord","Ni d’accord ni pas d’accord (neutre)","Plutôt d’accord","C’est important, mais ce n’est pas toujours simple","Basés sur le prix;Basés sur la qualité nutritionnelle;Basés sur la facilité d’accès","Soutenir les producteurs;Manger plus sainement","Un réflexe","Aucun obstacle particulier","Meilleure signalétique des produits locaux"
"2025/05/25 4:46:41 PM UTC+3","Île-de-France","Plutôt pas d'accord","Pas du tout d'accord","Plutôt d’accord","Pas du tout d'accord","Plutôt d’accord","Tout à fait d’accord","Tout à fait d’accord","Tout à fait d’accord","Ni d’accord ni pas d’accord (neutre)","Tout à fait d’accord","Plutôt pas d'accord","Plutôt pas d'accord","Pas du tout d'accord","Pas du tout d'accord","Pas du tout d'accord","Pas du tout d'accord","Pas du tout d'accord","Ni d’accord ni pas d’accord (neutre)","Pas du tout d'accord","Pas du tout d'accord","Pas du tout d'accord","Tout à fait d’accord","Tout à fait d’accord","Pas du tout d'accord","Plutôt d’accord","Tout à fait d’accord","Tout à fait d’accord","Tout à fait d’accord","Tout à fait d’accord","Tout à fait d’accord","Tout à fait d’accord","Tout à fait d’accord","Plutôt d’accord","Plutôt pas d'accord","Pas du tout d'accord","Pas du tout d'accord","Pas du tout d'accord","Pas du tout d'accord","Pas du tout d'accord","Pas du tout d'accord","Pas du tout d'accord","Pas du tout d'accord","Ni d’accord ni pas d’accord (neutre)","Pas du tout d'accord","Tout à fait d’accord","Ni d’accord ni pas d’accord (neutre)","Tout à fait d’accord","Tout à fait d’accord","J’y suis sensible, mais je n’agis pas beaucoup","Basés sur le goût;Basés sur la proximité géographique;Basés sur la qualité nutritionnelle;Basés sur l’impact environnemental;Basés sur la facilité d’accès","Limiter son empreinte écologique","Un effort","Le manque d’information claire;Le manque de temps;Le manque d’habitude;Je ne sais pas où chercher","Meilleure signalétique des produits locaux"
"2025/05/25 4:48:22 PM UTC+3","Bretagne","Plutôt d’accord","Tout à fait d’accord","Plutôt d’accord","Ni d’accord ni pas d’accord (neutre)","Ni d’accord ni pas d’accord (neutre)","Tout à fait d’accord","Ni d’accord ni pas d’accord (neutre)","Tout à fait d’accord","Pas du tout d'accord","Ni d’accord ni pas d’accord (neutre)","Pas du tout d'accord","Ni d’accord ni pas d’accord (neutre)","Plutôt pas d'accord","Plutôt d’accord","Ni d’accord ni pas d’accord (neutre)","Ni d’accord ni pas d’accord (neutre)","Plutôt pas d'accord","Plutôt d’accord","Plutôt d’accord","Ni d’accord ni pas d’accord (neutre)","Ni d’accord ni pas d’accord (neutre)","Plutôt d’accord","Tout à fait d’accord","Plutôt pas d'accord","Ni d’accord ni pas d’accord (neutre)","Plutôt d’accord","Tout à fait d’accord","Ni d’accord ni pas d’accord (neutre)","Plutôt d’accord","Tout à fait d’accord","Ni d’accord ni pas d’accord (neutre)","Ni d’accord ni pas d’accord (neutre)","Ni d’accord ni pas d’accord (neutre)","Ni d’accord ni pas d’accord (neutre)","Ni d’accord ni pas d’accord (neutre)","Plutôt d’accord","Plutôt d’accord","Ni d’accord ni pas d’accord (neutre)","Plutôt pas d'accord","Plutôt pas d'accord","Ni d’accord ni pas d’accord (neutre)","Plutôt pas d'accord","Plutôt d’accord","Plutôt pas d'accord","Plutôt d’accord","Ni d’accord ni pas d’accord (neutre)","Ni d’accord ni pas d’accord (neutre)","Plutôt d’accord","J’y suis sensible, mais je n’agis pas beaucoup","Basés sur le goût;Basés sur le prix;Basés sur la facilité d’accès","Limiter son empreinte écologique;Réduire les intermédiaires","Un réflexe","Le prix;Le manque de temps;Le manque d’habitude","Aides financières (chèques alimentation, épiceries solidaires…)"
"2025/05/25 4:48:31 PM UTC+3","Grand Est","Tout à fait d’accord","Tout à fait d’accord","Tout à fait d’accord","Plutôt d’accord","Plutôt d’accord","Tout à fait d’accord","Plutôt d’accord","Tout à fait d’accord","Ni d’accord ni pas d’accord (neutre)","Ni d’accord ni pas d’accord (neutre)","Ni d’accord ni pas d’accord (neutre)","Plutôt pas d'accord","Ni d’accord ni pas d’accord (neutre)","Plutôt d’accord","Ni d’accord ni pas d’accord (neutre)","Ni d’accord ni pas d’accord (neutre)","Ni d’accord ni pas d’accord (neutre)","Plutôt d’accord","Ni d’accord ni pas d’accord (neutre)","Ni d’accord ni pas d’accord (neutre)","Plutôt d’accord","Ni d’accord ni pas d’accord (neutre)","Ni d’accord ni pas d’accord (neutre)","Ni d’accord ni pas d’accord (neutre)","Tout à fait d’accord","Plutôt d’accord","Tout à fait d’accord","Ni d’accord ni pas d’accord (neutre)","Plutôt d’accord","Tout à fait d’accord","Plutôt d’accord","Plutôt d’accord","Plutôt d’accord","Ni d’accord ni pas d’accord (neutre)","Plutôt d’accord","Ni d’accord ni pas d’accord (neutre)","Plutôt d’accord","Ni d’accord ni pas d’accord (neutre)","Ni d’accord ni pas d’accord (neutre)","Ni d’accord ni pas d’accord (neutre)","Ni d’accord ni pas d’accord (neutre)","Ni d’accord ni pas d’accord (neutre)","Ni d’accord ni pas d’accord (neutre)","Ni d’accord ni pas d’accord (neutre)","Tout à fait d’accord","Ni d’accord ni pas d’accord (neutre)","Ni d’accord ni pas d’accord (neutre)","Plutôt d’accord","C’est important, mais ce n’est pas toujours simple","Basés sur la proximité géographique;Basés sur la qualité nutritionnelle","Soutenir les producteurs;Limiter son empreinte écologique;Réduire les intermédiaires","Un effort","Le manque d’offre proche","Plus de liens avec les producteurs (visites, témoignages…)"
"2025/05/25 4:53:38 PM UTC+3","Grand Est","Plutôt d’accord","Ni d’accord ni pas d’accord (neutre)","Plutôt d’accord","Tout à fait d’accord","Plutôt d’accord","Plutôt d’accord","Tout à fait d’accord","Plutôt d’accord","Plutôt pas d'accord","Plutôt pas d'accord","Pas du tout d'accord","Plutôt pas d'accord","Pas du tout d'accord","Plutôt pas d'accord","Plutôt pas d'accord","Ni d’accord ni pas d’accord (neutre)","Plutôt d’accord","Ni d’accord ni pas d’accord (neutre)","Plutôt pas d'accord","Pas du tout d'accord","Plutôt pas d'accord","Plutôt d’accord","Ni d’accord ni pas d’accord (neutre)","Ni d’accord ni pas d’accord (neutre)","Plutôt d’accord","Ni d’accord ni pas d’accord (neutre)","Plutôt pas d'accord","Pas du tout d'accord","Plutôt pas d'accord","Plutôt d’accord","Plutôt d’accord","Ni d’accord ni pas d’accord (neutre)","Plutôt d’accord","Ni d’accord ni pas d’accord (neutre)","Plutôt pas d'accord","Plutôt d’accord","Plutôt d’accord","Pas du tout d'accord","Pas du tout d'accord","Plutôt d’accord","Pas du tout d'accord","Pas du tout d'accord","Pas du tout d'accord","Plutôt pas d'accord","Ni d’accord ni pas d’accord (neutre)","Pas du tout d'accord","Ni d’accord ni pas d’accord (neutre)","Ni d’accord ni pas d’accord (neutre)","J’y suis sensible, mais je n’agis pas beaucoup","Basés sur la facilité d’accès","Soutenir les producteurs;Manger plus sainement","Un effort;Une démarche que j’admire sans suivre","Le manque de temps","Meilleure signalétique des produits locaux"
"2025/05/25 4:54:48 PM UTC+3","Grand Est","Ni d’accord ni pas d’accord (neutre)","Plutôt d’accord","Tout à fait d’accord","Plutôt d’accord","Plutôt pas d'accord","Plutôt pas d'accord","Plutôt pas d'accord","Plutôt pas d'accord","Pas du tout d'accord","Pas du tout d'accord","Pas du tout d'accord","Pas du tout d'accord","Pas du tout d'accord","Pas du tout d'accord","Pas du tout d'accord","Pas du tout d'accord","Plutôt d’accord","Plutôt d’accord","Pas du tout d'accord","Pas du tout d'accord","Pas du tout d'accord","Ni d’accord ni pas d’accord (neutre)","Pas du tout d'accord","Pas du tout d'accord","Plutôt d’accord","Plutôt d’accord","Ni d’accord ni pas d’accord (neutre)","Plutôt pas d'accord","Plutôt pas d'accord","Tout à fait d’accord","Ni d’accord ni pas d’accord (neutre)","Ni d’accord ni pas d’accord (neutre)","Plutôt pas d'accord","Pas du tout d'accord","Pas du tout d'accord","Tout à fait d’accord","Tout à fait d’accord","Pas du tout d'accord","Pas du tout d'accord","Tout à fait d’accord","Pas du tout d'accord","Pas du tout d'accord","Plutôt pas d'accord","Pas du tout d'accord","Plutôt d’accord","Ni d’accord ni pas d’accord (neutre)","Ni d’accord ni pas d’accord (neutre)","Ni d’accord ni pas d’accord (neutre)","J’y suis sensible, mais je n’agis pas beaucoup","Basés sur le goût;Basés sur le prix;Basés sur la qualité nutritionnelle;Basés sur la facilité d’accès","Soutenir les producteurs;Limiter son empreinte écologique;Réduire les intermédiaires","Un effort;Une démarche que j’admire sans suivre","Le prix","Aides financières (chèques alimentation, épiceries solidaires…)"
"2025/05/25 4:55:13 PM UTC+3","Centre-Val de Loire","Plutôt d’accord","Pas du tout d'accord","Tout à fait d’accord","Tout à fait d’accord","Tout à fait d’accord","Tout à fait d’accord","Tout à fait d’accord","Tout à fait d’accord","Plutôt d’accord","Tout à fait d’accord","Plutôt d’accord","Plutôt d’accord","Plutôt d’accord","Plutôt d’accord","Plutôt d’accord","Plutôt d’accord","Plutôt d’accord","Plutôt d’accord","Ni d’accord ni pas d’accord (neutre)","Ni d’accord ni pas d’accord (neutre)","Plutôt d’accord","Plutôt d’accord","Plutôt d’accord","Tout à fait d’accord","Plutôt d’accord","Plutôt d’accord","Plutôt d’accord","Plutôt d’accord","Plutôt d’accord","Plutôt d’accord","Plutôt d’accord","Ni d’accord ni pas d’accord (neutre)","Plutôt d’accord","Plutôt d’accord","Plutôt d’accord","Plutôt d’accord","Plutôt d’accord","Pas du tout d'accord","Plutôt d’accord","Plutôt d’accord","Pas du tout d'accord","Pas du tout d'accord","Plutôt d’accord","Plutôt d’accord","Plutôt d’accord","Ni d’accord ni pas d’accord (neutre)","Ni d’accord ni pas d’accord (neutre)","Plutôt d’accord","C’est important, mais ce n’est pas toujours simple","Basés sur le goût;Basés sur la proximité géographique;Basés sur la qualité nutritionnelle;Basés sur la facilité d’accès","Soutenir les producteurs;Manger plus sainement;Limiter son empreinte écologique;Réduire les intermédiaires","Un réflexe;Un effort","Le manque d’offre proche","Meilleure signalétique des produits locaux;Plus de liens avec les producteurs (visites, témoignages…)"
"2025/05/25 4:57:40 PM UTC+3","Bretagne","Pas du tout d'accord","Pas du tout d'accord","Plutôt d’accord","Pas du tout d'accord","Pas du tout d'accord","Pas du tout d'accord","Ni d’accord ni pas d’accord (neutre)","Pas du tout d'accord","Pas du tout d'accord","Plutôt d’accord","Pas du tout d'accord","Ni d’accord ni pas d’accord (neutre)","Pas du tout d'accord","Ni d’accord ni pas d’accord (neutre)","Pas du tout d'accord","Pas du tout d'accord","Pas du tout d'accord","Pas du tout d'accord","Pas du tout d'accord","Pas du tout d'accord","Pas du tout d'accord","Pas du tout d'accord","Pas du tout d'accord","Pas du tout d'accord","Pas du tout d'accord","Pas du tout d'accord","Pas du tout d'accord","Pas du tout d'accord","Pas du tout d'accord","Pas du tout d'accord","Pas du tout d'accord","Pas du tout d'accord","Ni d’accord ni pas d’accord (neutre)","Pas du tout d'accord","Plutôt d’accord","Ni d’accord ni pas d’accord (neutre)","Ni d’accord ni pas d’accord (neutre)","Pas du tout d'accord","Plutôt d’accord","Plutôt d’accord","Pas du tout d'accord","Pas du tout d'accord","Pas du tout d'accord","Pas du tout d'accord","Ni d’accord ni pas d’accord (neutre)","Ni d’accord ni pas d’accord (neutre)","Ni d’accord ni pas d’accord (neutre)","Plutôt d’accord","Je m’y intéresse peu ou pas","Basés sur le prix;Basés sur la qualité nutritionnelle","Manger plus sainement","Un effort;Un idéal inaccessible;Une démarche que j’admire sans suivre","Le prix","Meilleure signalétique des produits locaux;Aides financières (chèques alimentation, épiceries solidaires…);Plus d’offres en ligne / en livraison"
"2025/05/25 5:02:16 PM UTC+3","Bretagne","Plutôt pas d'accord","Plutôt pas d'accord","Plutôt d’accord","Plutôt pas d'accord","Plutôt pas d'accord","Plutôt pas d'accord","Ni d’accord ni pas d’accord (neutre)","Ni d’accord ni pas d’accord (neutre)","Pas du tout d'accord","Plutôt pas d'accord","Pas du tout d'accord","Pas du tout d'accord","Pas du tout d'accord","Pas du tout d'accord","Pas du tout d'accord","Pas du tout d'accord","Pas du tout d'accord","Plutôt d’accord","Plutôt d’accord","Plutôt d’accord","Pas du tout d'accord","Plutôt pas d'accord","Pas du tout d'accord","Pas du tout d'accord","Plutôt d’accord","Plutôt d’accord","Plutôt d’accord","Pas du tout d'accord","Ni d’accord ni pas d’accord (neutre)","Plutôt d’accord","Pas du tout d'accord","Ni d’accord ni pas d’accord (neutre)","Pas du tout d'accord","Pas du tout d'accord","Plutôt pas d'accord","Plutôt pas d'accord","Plutôt d’accord","Plutôt pas d'accord","Pas du tout d'accord","Pas du tout d'accord","Pas du tout d'accord","Pas du tout d'accord","Pas du tout d'accord","Pas du tout d'accord","Plutôt pas d'accord","Ni d’accord ni pas d’accord (neutre)","Plutôt d’accord","Plutôt d’accord","Je m’y intéresse peu ou pas","Basés sur le prix","Soutenir les producteurs","Une démarche que j’admire sans suivre","Le prix","Meilleure signalétique des produits locaux;Aides financières (chèques alimentation, épiceries solidaires…)"
"2025/05/25 5:02:42 PM UTC+3","Bretagne","Ni d’accord ni pas d’accord (neutre)","Ni d’accord ni pas d’accord (neutre)","Plutôt d’accord","Plutôt pas d'accord","Pas du tout d'accord","Ni d’accord ni pas d’accord (neutre)","Ni d’accord ni pas d’accord (neutre)","Ni d’accord ni pas d’accord (neutre)","Pas du tout d'accord","Plutôt pas d'accord","Pas du tout d'accord","Pas du tout d'accord","Pas du tout d'accord","Plutôt pas d'accord","Pas du tout d'accord","Plutôt pas d'accord","Ni d’accord ni pas d’accord (neutre)","Plutôt d’accord","Plutôt d’accord","Pas du tout d'accord","Plutôt pas d'accord","Plutôt pas d'accord","Pas du tout d'accord","Pas du tout d'accord","Plutôt d’accord","Plutôt d’accord","Plutôt d’accord","Plutôt pas d'accord","Ni d’accord ni pas d’accord (neutre)","Ni d’accord ni pas d’accord (neutre)","Pas du tout d'accord","Ni d’accord ni pas d’accord (neutre)","Pas du tout d'accord","Pas du tout d'accord","Plutôt pas d'accord","Ni d’accord ni pas d’accord (neutre)","Plutôt d’accord","Pas du tout d'accord","Pas du tout d'accord","Pas du tout d'accord","Plutôt pas d'accord","Pas du tout d'accord","Plutôt pas d'accord","Pas du tout d'accord","Plutôt d’accord","Ni d’accord ni pas d’accord (neutre)","Plutôt d’accord","Plutôt d’accord","J’y suis sensible, mais je n’agis pas beaucoup","Basés sur le goût;Basés sur le prix;Basés sur la qualité nutritionnelle","Soutenir les producteurs;Limiter son empreinte écologique;Réduire les intermédiaires","Un effort;Un idéal inaccessible;Une démarche que j’admire sans suivre","Le prix;Le manque de temps;Je ne sais pas où chercher","Aides financières (chèques alimentation, épiceries solidaires…)"
"2025/05/25 5:02:45 PM UTC+3","Île-de-France","Plutôt d’accord","Ni d’accord ni pas d’accord (neutre)","Tout à fait d’accord","Plutôt d’accord","Ni d’accord ni pas d’accord (neutre)","Plutôt d’accord","Plutôt d’accord","Ni d’accord ni pas d’accord (neutre)","Pas du tout d'accord","Plutôt pas d'accord","Pas du tout d'accord","Pas du tout d'accord","Pas du tout d'accord","Plutôt pas d'accord","Pas du tout d'accord","Plutôt pas d'accord","Ni d’accord ni pas d’accord (neutre)","Plutôt d’accord","Plutôt pas d'accord","Ni d’accord ni pas d’accord (neutre)","Plutôt pas d'accord","Plutôt pas d'accord","Pas du tout d'accord","Pas du tout d'accord","Plutôt d’accord","Plutôt d’accord","Plutôt d’accord","Plutôt pas d'accord","Ni d’accord ni pas d’accord (neutre)","Ni d’accord ni pas d’accord (neutre)","Plutôt d’accord","Pas du tout d'accord","Plutôt pas d'accord","Pas du tout d'accord","Pas du tout d'accord","Ni d’accord ni pas d’accord (neutre)","Ni d’accord ni pas d’accord (neutre)","Pas du tout d'accord","Pas du tout d'accord","Pas du tout d'accord","Pas du tout d'accord","Pas du tout d'accord","Ni d’accord ni pas d’accord (neutre)","Pas du tout d'accord","Tout à fait d’accord","Plutôt d’accord","Plutôt d’accord","Plutôt d’accord","J’y suis sensible, mais je n’agis pas beaucoup","Basés sur le prix;Basés sur la qualité nutritionnelle","Soutenir les producteurs;Limiter son empreinte écologique;S’ancrer dans un territoire","Une démarche que j’admire sans suivre","Le prix;Le manque d’offre proche;Le manque d’habitude","Meilleure signalétique des produits locaux;Plus d’offres en ligne / en livraison;Plus de liens avec les producteurs (visites, témoignages…)"
"2025/05/25 5:03:11 PM UTC+3","Bretagne","Ni d’accord ni pas d’accord (neutre)","Plutôt d’accord","Tout à fait d’accord","Plutôt d’accord","Plutôt d’accord","Tout à fait d’accord","Tout à fait d’accord","Tout à fait d’accord","Pas du tout d'accord","Plutôt pas d'accord","Pas du tout d'accord","Ni d’accord ni pas d’accord (neutre)","Plutôt d’accord","Plutôt d’accord","Ni d’accord ni pas d’accord (neutre)","Ni d’accord ni pas d’accord (neutre)","Tout à fait d’accord","Tout à fait d’accord","Plutôt d’accord","Ni d’accord ni pas d’accord (neutre)","Plutôt d’accord","Tout à fait d’accord","Ni d’accord ni pas d’accord (neutre)","Plutôt pas d'accord","Plutôt d’accord","Plutôt d’accord","Tout à fait d’accord","Plutôt d’accord","Tout à fait d’accord","Ni d’accord ni pas d’accord (neutre)","Plutôt d’accord","Plutôt d’accord","Plutôt d’accord","Plutôt d’accord","Plutôt d’accord","Plutôt d’accord","Plutôt d’accord","Ni d’accord ni pas d’accord (neutre)","Pas du tout d'accord","Pas du tout d'accord","Plutôt d’accord","Pas du tout d'accord","Tout à fait d’accord","Plutôt d’accord","Tout à fait d’accord","Tout à fait d’accord","Tout à fait d’accord","Tout à fait d’accord","C’est important, mais ce n’est pas toujours simple","Basés sur le goût;Basés sur le prix;Basés sur la proximité géographique;Basés sur l’impact environnemental","Soutenir les producteurs;Limiter son empreinte écologique;S’ancrer dans un territoire;Réduire les intermédiaires;Faire un acte politique","Un effort","Le manque d’offre proche","Meilleure signalétique des produits locaux;Aides financières (chèques alimentation, épiceries solidaires…);Plus d’événements ou d’animations sur l’alimentation locale;Plus de liens avec les producteurs (visites, témoignages…)"
"2025/05/25 5:04:16 PM UTC+3","Normandie","Ni d’accord ni pas d’accord (neutre)","Ni d’accord ni pas d’accord (neutre)","Plutôt d’accord","Plutôt d’accord","Plutôt d’accord","Tout à fait d’accord","Tout à fait d’accord","Plutôt d’accord","Pas du tout d'accord","Plutôt d’accord","Pas du tout d'accord","Plutôt pas d'accord","Tout à fait d’accord","Ni d’accord ni pas d’accord (neutre)","Plutôt pas d'accord","Plutôt d’accord","Plutôt d’accord","Plutôt pas d'accord","Ni d’accord ni pas d’accord (neutre)","Plutôt pas d'accord","Ni d’accord ni pas d’accord (neutre)","Tout à fait d’accord","Tout à fait d’accord","Plutôt d’accord","Tout à fait d’accord","Tout à fait d’accord","Plutôt d’accord","Ni d’accord ni pas d’accord (neutre)","Plutôt d’accord","Tout à fait d’accord","Ni d’accord ni pas d’accord (neutre)","Plutôt d’accord","Plutôt d’accord","Plutôt pas d'accord","Plutôt d’accord","Plutôt d’accord","Plutôt d’accord","Plutôt pas d'accord","Plutôt pas d'accord","Plutôt pas d'accord","Pas du tout d'accord","Pas du tout d'accord","Ni d’accord ni pas d’accord (neutre)","Ni d’accord ni pas d’accord (neutre)","Plutôt d’accord","Plutôt pas d'accord","Plutôt d’accord","","C’est important, mais ce n’est pas toujours simple","Basés sur le goût;Basés sur le prix","Soutenir les producteurs;Réduire les intermédiaires","Un réflexe","Le prix;Le manque d’information claire","Aides financières (chèques alimentation, épiceries solidaires…);Plus d’événements ou d’animations sur l’alimentation locale"
"2025/05/25 5:09:48 PM UTC+3","Normandie","Plutôt d’accord","Tout à fait d’accord","Ni d’accord ni pas d’accord (neutre)","Plutôt d’accord","Plutôt d’accord","Plutôt d’accord","Tout à fait d’accord","Tout à fait d’accord","Plutôt pas d'accord","Plutôt d’accord","Pas du tout d'accord","Plutôt d’accord","Plutôt d’accord","Pas du tout d'accord","Ni d’accord ni pas d’accord (neutre)","Plutôt d’accord","Plutôt d’accord","Plutôt d’accord","Tout à fait d’accord","Ni d’accord ni pas d’accord (neutre)","Ni d’accord ni pas d’accord (neutre)","Plutôt d’accord","Plutôt d’accord","Ni d’accord ni pas d’accord (neutre)","Tout à fait d’accord","Tout à fait d’accord","Tout à fait d’accord","Ni d’accord ni pas d’accord (neutre)","Plutôt d’accord","Plutôt d’accord","Ni d’accord ni pas d’accord (neutre)","Plutôt d’accord","Ni d’accord ni pas d’accord (neutre)","Ni d’accord ni pas d’accord (neutre)","Plutôt pas d'accord","Ni d’accord ni pas d’accord (neutre)","Ni d’accord ni pas d’accord (neutre)","Plutôt d’accord","Ni d’accord ni pas d’accord (neutre)","Plutôt pas d'accord","Ni d’accord ni pas d’accord (neutre)","Plutôt pas d'accord","Plutôt d’accord","Plutôt d’accord","Plutôt d’accord","Pas du tout d'accord","Ni d’accord ni pas d’accord (neutre)","Plutôt d’accord","C’est important, mais ce n’est pas toujours simple","Basés sur le goût;Basés sur le prix;Basés sur la qualité nutritionnelle","Soutenir les producteurs;Limiter son empreinte écologique;Réduire les intermédiaires","Un réflexe","Le prix;Le manque d’offre proche","Meilleure signalétique des produits locaux"
"2025/05/25 5:11:23 PM UTC+3","Normandie","Ni d’accord ni pas d’accord (neutre)","Ni d’accord ni pas d’accord (neutre)","Plutôt pas d'accord","Plutôt pas d'accord","Ni d’accord ni pas d’accord (neutre)","Plutôt d’accord","Plutôt d’accord","Plutôt d’accord","Ni d’accord ni pas d’accord (neutre)","Ni d’accord ni pas d’accord (neutre)","Ni d’accord ni pas d’accord (neutre)","Ni d’accord ni pas d’accord (neutre)","Tout à fait d’accord","Ni d’accord ni pas d’accord (neutre)","Ni d’accord ni pas d’accord (neutre)","Ni d’accord ni pas d’accord (neutre)","Ni d’accord ni pas d’accord (neutre)","Ni d’accord ni pas d’accord (neutre)","Plutôt d’accord","Ni d’accord ni pas d’accord (neutre)","Ni d’accord ni pas d’accord (neutre)","Plutôt d’accord","Plutôt d’accord","Ni d’accord ni pas d’accord (neutre)","Ni d’accord ni pas d’accord (neutre)","Plutôt d’accord","Plutôt d’accord","Ni d’accord ni pas d’accord (neutre)","Ni d’accord ni pas d’accord (neutre)","Plutôt d’accord","Ni d’accord ni pas d’accord (neutre)","Ni d’accord ni pas d’accord (neutre)","Ni d’accord ni pas d’accord (neutre)","Ni d’accord ni pas d’accord (neutre)","Ni d’accord ni pas d’accord (neutre)","Plutôt d’accord","Tout à fait d’accord","Ni d’accord ni pas d’accord (neutre)","Ni d’accord ni pas d’accord (neutre)","Ni d’accord ni pas d’accord (neutre)","Ni d’accord ni pas d’accord (neutre)","Ni d’accord ni pas d’accord (neutre)","Plutôt d’accord","Plutôt d’accord","Ni d’accord ni pas d’accord (neutre)","Ni d’accord ni pas d’accord (neutre)","Ni d’accord ni pas d’accord (neutre)","Ni d’accord ni pas d’accord (neutre)","C’est important, mais ce n’est pas toujours simple","Basés sur le prix;","Manger plus sainement;Limiter son empreinte écologique","Un effort","Le prix;Le manque d’habitude","Meilleure signalétique des produits locaux"
"2025/05/25 5:12:49 PM UTC+3","Normandie","Plutôt d’accord","Tout à fait d’accord","Tout à fait d’accord","Tout à fait d’accord","Tout à fait d’accord","Tout à fait d’accord","Tout à fait d’accord","Plutôt pas d'accord","Tout à fait d’accord","Tout à fait d’accord","Pas du tout d'accord","Plutôt d’accord","Pas du tout d'accord","Pas du tout d'accord","Pas du tout d'accord","Ni d’accord ni pas d’accord (neutre)","Plutôt d’accord","Ni d’accord ni pas d’accord (neutre)","Ni d’accord ni pas d’accord (neutre)","Ni d’accord ni pas d’accord (neutre)","Ni d’accord ni pas d’accord (neutre)","Plutôt d’accord","Plutôt d’accord","Ni d’accord ni pas d’accord (neutre)","Plutôt d’accord","Plutôt d’accord","Tout à fait d’accord","Ni d’accord ni pas d’accord (neutre)","Plutôt pas d'accord","Ni d’accord ni pas d’accord (neutre)","Plutôt pas d'accord","Tout à fait d’accord","Plutôt d’accord","Plutôt d’accord","Plutôt d’accord","Plutôt pas d'accord","Plutôt pas d'accord","Pas du tout d'accord","Pas du tout d'accord","Pas du tout d'accord","Pas du tout d'accord","Ni d’accord ni pas d’accord (neutre)","Tout à fait d’accord","Ni d’accord ni pas d’accord (neutre)","Tout à fait d’accord","Ni d’accord ni pas d’accord (neutre)","Ni d’accord ni pas d’accord (neutre)","Tout à fait d’accord","C’est important, mais ce n’est pas toujours simple","Basés sur le goût;Basés sur le prix;Basés sur la qualité nutritionnelle;Basés sur l’impact environnemental;Raport qualite prix ","Soutenir les producteurs;Manger plus sainement;Limiter son empreinte écologique;Réduire les intermédiaires","Un réflexe","Le prix;Le manque d’offre proche;Le manque de temps;Le manque d’habitude","Aides financières (chèques alimentation, épiceries solidaires…);Plus d’événements ou d’animations sur l’alimentation locale;Plus d’offres en ligne / en livraison;Plus de liens avec les producteurs (visites, témoignages…)"
"2025/05/25 5:15:31 PM UTC+3","Normandie","Ni d’accord ni pas d’accord (neutre)","Plutôt d’accord","Ni d’accord ni pas d’accord (neutre)","Ni d’accord ni pas d’accord (neutre)","Plutôt d’accord","Tout à fait d’accord","Ni d’accord ni pas d’accord (neutre)","Plutôt d’accord","Plutôt d’accord","Ni d’accord ni pas d’accord (neutre)","Plutôt pas d'accord","Ni d’accord ni pas d’accord (neutre)","Pas du tout d'accord","Plutôt pas d'accord","Plutôt pas d'accord","Pas du tout d'accord","Plutôt pas d'accord","Plutôt d’accord","Ni d’accord ni pas d’accord (neutre)","Plutôt pas d'accord","Ni d’accord ni pas d’accord (neutre)","Plutôt pas d'accord","Ni d’accord ni pas d’accord (neutre)","Plutôt pas d'accord","Ni d’accord ni pas d’accord (neutre)","Plutôt d’accord","Plutôt d’accord","Ni d’accord ni pas d’accord (neutre)","Tout à fait d’accord","Plutôt d’accord","Plutôt d’accord","Plutôt d’accord","Plutôt d’accord","Plutôt d’accord","Plutôt d’accord","Ni d’accord ni pas d’accord (neutre)","Tout à fait d’accord","Plutôt d’accord","Ni d’accord ni pas d’accord (neutre)","Ni d’accord ni pas d’accord (neutre)","Pas du tout d'accord","Pas du tout d'accord","Ni d’accord ni pas d’accord (neutre)","Plutôt pas d'accord","Ni d’accord ni pas d’accord (neutre)","Pas du tout d'accord","Pas du tout d'accord","Ni d’accord ni pas d’accord (neutre)","J’y suis sensible, mais je n’agis pas beaucoup","Basés sur le goût;Basés sur le prix","Manger plus sainement","Un effort","Le manque de temps;Le manque d’habitude;Je ne sais pas où chercher","Meilleure signalétique des produits locaux;Aides financières (chèques alimentation, épiceries solidaires…)"
"2025/05/25 5:18:39 PM UTC+3","Île-de-France","Plutôt d’accord","Pas du tout d'accord","Tout à fait d’accord","Plutôt d’accord","Tout à fait d’accord","Tout à fait d’accord","Tout à fait d’accord","Tout à fait d’accord","Pas du tout d'accord","Ni d’accord ni pas d’accord (neutre)","Pas du tout d'accord","Tout à fait d’accord","Pas du tout d'accord","Tout à fait d’accord","Ni d’accord ni pas d’accord (neutre)","Ni d’accord ni pas d’accord (neutre)","Pas du tout d'accord","Pas du tout d'accord","Pas du tout d'accord","Pas du tout d'accord","Tout à fait d’accord","Tout à fait d’accord","Tout à fait d’accord","Tout à fait d’accord","Tout à fait d’accord","Tout à fait d’accord","Tout à fait d’accord","Tout à fait d’accord","Tout à fait d’accord","Tout à fait d’accord","Tout à fait d’accord","Tout à fait d’accord","Tout à fait d’accord","Tout à fait d’accord","Tout à fait d’accord","Plutôt d’accord","Tout à fait d’accord","Plutôt d’accord","Plutôt d’accord","Plutôt d’accord","Ni d’accord ni pas d’accord (neutre)","Pas du tout d'accord","Tout à fait d’accord","Tout à fait d’accord","Tout à fait d’accord","Tout à fait d’accord","Tout à fait d’accord","Tout à fait d’accord","C’est central pour moi, je fais beaucoup d’efforts","Basés sur le goût;Basés sur la proximité géographique;Basés sur la qualité nutritionnelle","Manger plus sainement","Un réflexe","Le manque d’offre proche","Plus d’événements ou d’animations sur l’alimentation locale;Plus de liens avec les producteurs (visites, témoignages…)"
"2025/05/25 5:19:02 PM UTC+3","Bretagne","Ni d’accord ni pas d’accord (neutre)","Pas du tout d'accord","Plutôt d’accord","Plutôt d’accord","Plutôt d’accord","Ni d’accord ni pas d’accord (neutre)","Pas du tout d'accord","Ni d’accord ni pas d’accord (neutre)","Pas du tout d'accord","Ni d’accord ni pas d’accord (neutre)","Pas du tout d'accord","Pas du tout d'accord","Pas du tout d'accord","Ni d’accord ni pas d’accord (neutre)","Pas du tout d'accord","Pas du tout d'accord","Plutôt d’accord","Tout à fait d’accord","Pas du tout d'accord","Pas du tout d'accord","Pas du tout d'accord","Pas du tout d'accord","Ni d’accord ni pas d’accord (neutre)","Tout à fait d’accord","Tout à fait d’accord","Plutôt d’accord","Plutôt pas d'accord","Pas du tout d'accord","Pas du tout d'accord","Pas du tout d'accord","Pas du tout d'accord","Ni d’accord ni pas d’accord (neutre)","Pas du tout d'accord","Pas du tout d'accord","Pas du tout d'accord","Pas du tout d'accord","Tout à fait d’accord","Pas du tout d'accord","Pas du tout d'accord","Pas du tout d'accord","Tout à fait d’accord","Pas du tout d'accord","Plutôt pas d'accord","Pas du tout d'accord","Pas du tout d'accord","Plutôt pas d'accord","Pas du tout d'accord","Pas du tout d'accord","J’y suis sensible, mais je n’agis pas beaucoup","Basés sur le goût;Basés sur le prix;Basés sur la facilité d’accès","Soutenir les producteurs;S’ancrer dans un territoire;Réduire les intermédiaires","Un effort;Un idéal inaccessible","Le prix;Le manque d’offre proche;Le manque de temps","Aides financières (chèques alimentation, épiceries solidaires…)"
"2025/05/25 5:19:13 PM UTC+3","Bretagne","Plutôt d’accord","Plutôt d’accord","Pas du tout d'accord","Plutôt pas d'accord","Pas du tout d'accord","Ni d’accord ni pas d’accord (neutre)","Plutôt pas d'accord","Plutôt d’accord","Pas du tout d'accord","Plutôt pas d'accord","Pas du tout d'accord","Pas du tout d'accord","Pas du tout d'accord","Pas du tout d'accord","Pas du tout d'accord","Pas du tout d'accord","Pas du tout d'accord","Pas du tout d'accord","Plutôt pas d'accord","Pas du tout d'accord","Plutôt d’accord","Plutôt pas d'accord","Pas du tout d'accord","Pas du tout d'accord","Plutôt pas d'accord","Ni d’accord ni pas d’accord (neutre)","Plutôt pas d'accord","Pas du tout d'accord","Pas du tout d'accord","Tout à fait d’accord","Plutôt pas d'accord","Pas du tout d'accord","Plutôt pas d'accord","Plutôt pas d'accord","Pas du tout d'accord","Plutôt d’accord","Tout à fait d’accord","Pas du tout d'accord","Pas du tout d'accord","Plutôt d’accord","Pas du tout d'accord","Pas du tout d'accord","Tout à fait d’accord","Pas du tout d'accord","Tout à fait d’accord","Ni d’accord ni pas d’accord (neutre)","Ni d’accord ni pas d’accord (neutre)","Plutôt d’accord","J’y suis sensible, mais je n’agis pas beaucoup","Basés sur le goût;Basés sur le prix;Basés sur la proximité géographique;Basés sur la qualité nutritionnelle","Soutenir les producteurs;Manger plus sainement","Un effort","Le prix;Le manque d’offre proche;Le manque d’habitude","Meilleure signalétique des produits locaux;Plus d’offres en ligne / en livraison"
"2025/05/25 5:23:41 PM UTC+3","Pays de la Loire","Plutôt pas d'accord","Pas du tout d'accord","Plutôt d’accord","Tout à fait d’accord","Plutôt d’accord","Tout à fait d’accord","Tout à fait d’accord","Tout à fait d’accord","Plutôt pas d'accord","Plutôt d’accord","Pas du tout d'accord","Plutôt pas d'accord","Pas du tout d'accord","Pas du tout d'accord","Pas du tout d'accord","Plutôt d’accord","Plutôt d’accord","Plutôt d’accord","Ni d’accord ni pas d’accord (neutre)","Plutôt d’accord","Ni d’accord ni pas d’accord (neutre)","Tout à fait d’accord","Tout à fait d’accord","Plutôt pas d'accord","Tout à fait d’accord","Plutôt d’accord","Plutôt d’accord","Plutôt pas d'accord","Ni d’accord ni pas d’accord (neutre)","Plutôt d’accord","Plutôt pas d'accord","Plutôt pas d'accord","Plutôt pas d'accord","Pas du tout d'accord","Pas du tout d'accord","Ni d’accord ni pas d’accord (neutre)","Plutôt d’accord","Pas du tout d'accord","Plutôt d’accord","Pas du tout d'accord","Pas du tout d'accord","Pas du tout d'accord","Ni d’accord ni pas d’accord (neutre)","Plutôt d’accord","Plutôt d’accord","Ni d’accord ni pas d’accord (neutre)","Ni d’accord ni pas d’accord (neutre)","Plutôt d’accord","C’est important, mais ce n’est pas toujours simple","Basés sur le goût;Basés sur le prix;Basés sur la proximité géographique","Soutenir les producteurs;Réduire les intermédiaires","Un effort;Un idéal inaccessible","Le manque de temps;Le manque d’habitude","Meilleure signalétique des produits locaux;Plus de liens avec les producteurs (visites, témoignages…)"
"2025/05/25 5:24:50 PM UTC+3","Bretagne","Plutôt d’accord","Plutôt d’accord","Tout à fait d’accord","Tout à fait d’accord","Plutôt pas d'accord","Tout à fait d’accord","Tout à fait d’accord","Tout à fait d’accord","Pas du tout d'accord","Pas du tout d'accord","Pas du tout d'accord","Pas du tout d'accord","Pas du tout d'accord","Pas du tout d'accord","Pas du tout d'accord","Pas du tout d'accord","Pas du tout d'accord","Plutôt d’accord","Ni d’accord ni pas d’accord (neutre)","Tout à fait d’accord","Plutôt d’accord","Plutôt d’accord","Plutôt d’accord","Plutôt d’accord","Plutôt d’accord","Plutôt d’accord","Plutôt d’accord","Plutôt d’accord","Tout à fait d’accord","Plutôt d’accord","Plutôt d’accord","Tout à fait d’accord","Plutôt pas d'accord","Plutôt d’accord","Plutôt pas d'accord","Ni d’accord ni pas d’accord (neutre)","Tout à fait d’accord","Plutôt pas d'accord","Plutôt d’accord","Plutôt d’accord","Tout à fait d’accord","Pas du tout d'accord","Tout à fait d’accord","Plutôt d’accord","Tout à fait d’accord","Tout à fait d’accord","Tout à fait d’accord","Tout à fait d’accord","C’est important, mais ce n’est pas toujours simple","Basés sur le goût;Basés sur le prix;Basés sur la qualité nutritionnelle;Basés sur l’impact environnemental","Manger plus sainement;Limiter son empreinte écologique;Réduire les intermédiaires","Un effort","Le prix;Le manque d’information claire","Meilleure signalétique des produits locaux;Aides financières (chèques alimentation, épiceries solidaires…)"
"2025/05/25 5:31:09 PM UTC+3","Normandie","Plutôt d’accord","Tout à fait d’accord","Plutôt d’accord","Plutôt d’accord","Plutôt pas d'accord","Plutôt d’accord","Plutôt pas d'accord","Ni d’accord ni pas d’accord (neutre)","Plutôt d’accord","Plutôt d’accord","Plutôt d’accord","Ni d’accord ni pas d’accord (neutre)","Plutôt d’accord","Ni d’accord ni pas d’accord (neutre)","Plutôt d’accord","Plutôt d’accord","Plutôt d’accord","Plutôt d’accord","Ni d’accord ni pas d’accord (neutre)","Ni d’accord ni pas d’accord (neutre)","Ni d’accord ni pas d’accord (neutre)","Plutôt d’accord","Plutôt d’accord","Ni d’accord ni pas d’accord (neutre)","Tout à fait d’accord","Plutôt d’accord","Tout à fait d’accord","Ni d’accord ni pas d’accord (neutre)","Ni d’accord ni pas d’accord (neutre)","Plutôt d’accord","Plutôt d’accord","Plutôt d’accord","Plutôt pas d'accord","Ni d’accord ni pas d’accord (neutre)","Ni d’accord ni pas d’accord (neutre)","Plutôt d’accord","Plutôt d’accord","Ni d’accord ni pas d’accord (neutre)","Plutôt pas d'accord","Ni d’accord ni pas d’accord (neutre)","Plutôt pas d'accord","Plutôt pas d'accord","Plutôt d’accord","Ni d’accord ni pas d’accord (neutre)","Plutôt d’accord","Ni d’accord ni pas d’accord (neutre)","Plutôt d’accord","Plutôt d’accord","C’est important, mais ce n’est pas toujours simple","Basés sur le prix;Basés sur la qualité nutritionnelle","Soutenir les producteurs;Manger plus sainement","Un idéal inaccessible","Le prix;Le manque de temps","Meilleure signalétique des produits locaux"
"2025/05/25 5:31:24 PM UTC+3","Pays de la Loire","Plutôt d’accord","Plutôt pas d'accord","Ni d’accord ni pas d’accord (neutre)","Plutôt pas d'accord","Plutôt pas d'accord","Plutôt d’accord","Tout à fait d’accord","Plutôt d’accord","Pas du tout d'accord","Tout à fait d’accord","Ni d’accord ni pas d’accord (neutre)","Plutôt pas d'accord","Pas du tout d'accord","Pas du tout d'accord","Plutôt pas d'accord","Plutôt pas d'accord","Plutôt d’accord","Plutôt d’accord","Pas du tout d'accord","Pas du tout d'accord","Plutôt pas d'accord","Plutôt d’accord","Ni d’accord ni pas d’accord (neutre)","Pas du tout d'accord","Plutôt d’accord","Plutôt d’accord","Ni d’accord ni pas d’accord (neutre)","Plutôt pas d'accord","Plutôt d’accord","Plutôt d’accord","Tout à fait d’accord","Tout à fait d’accord","Plutôt d’accord","Plutôt d’accord","Plutôt pas d'accord","Plutôt d’accord","Plutôt d’accord","Pas du tout d'accord","Pas du tout d'accord","Pas du tout d'accord","Pas du tout d'accord","Pas du tout d'accord","Plutôt pas d'accord","Plutôt pas d'accord","Tout à fait d’accord","Plutôt d’accord","Ni d’accord ni pas d’accord (neutre)","Tout à fait d’accord","C’est important, mais ce n’est pas toujours simple","Basés sur le goût;Basés sur le prix;Basés sur la proximité géographique;Basés sur la qualité nutritionnelle;Basés sur l’impact environnemental","Soutenir les producteurs;Limiter son empreinte écologique","Un effort","Le manque d’information claire;Le manque de temps;Je ne sais pas où chercher","Meilleure signalétique des produits locaux;Aides financières (chèques alimentation, épiceries solidaires…)"
"2025/05/25 5:43:59 PM UTC+3","Grand Est","Pas du tout d'accord","Plutôt pas d'accord","Plutôt d’accord","Plutôt d’accord","Pas du tout d'accord","Pas du tout d'accord","Plutôt d’accord","Plutôt pas d'accord","Plutôt pas d'accord","Plutôt pas d'accord","Pas du tout d'accord","Pas du tout d'accord","Plutôt pas d'accord","Pas du tout d'accord","Pas du tout d'accord","Plutôt pas d'accord","Plutôt d’accord","Plutôt d’accord","Plutôt pas d'accord","Pas du tout d'accord","Pas du tout d'accord","Ni d’accord ni pas d’accord (neutre)","Plutôt pas d'accord","Pas du tout d'accord","Plutôt pas d'accord","Plutôt pas d'accord","Plutôt pas d'accord","Pas du tout d'accord","Plutôt pas d'accord","Pas du tout d'accord","Pas du tout d'accord","Ni d’accord ni pas d’accord (neutre)","Ni d’accord ni pas d’accord (neutre)","Pas du tout d'accord","Pas du tout d'accord","Plutôt d’accord","Ni d’accord ni pas d’accord (neutre)","Pas du tout d'accord","Pas du tout d'accord","Pas du tout d'accord","Pas du tout d'accord","Pas du tout d'accord","Pas du tout d'accord","Plutôt pas d'accord","Tout à fait d’accord","Ni d’accord ni pas d’accord (neutre)","Plutôt d’accord","Tout à fait d’accord","J’y suis sensible, mais je n’agis pas beaucoup","Basés sur le goût;Basés sur la qualité nutritionnelle","Soutenir les producteurs;Manger plus sainement;Limiter son empreinte écologique","Une démarche que j’admire sans suivre","Le manque d’offre proche;Le manque de temps;Le manque d’habitude","Meilleure signalétique des produits locaux;Aides financières (chèques alimentation, épiceries solidaires…);Plus d’événements ou d’animations sur l’alimentation locale"
"2025/05/25 5:55:45 PM UTC+3","Grand Est","Plutôt pas d'accord","Plutôt d’accord","Tout à fait d’accord","Tout à fait d’accord","Ni d’accord ni pas d’accord (neutre)","Plutôt d’accord","Plutôt pas d'accord","Plutôt d’accord","Ni d’accord ni pas d’accord (neutre)","Ni d’accord ni pas d’accord (neutre)","Pas du tout d'accord","Plutôt pas d'accord","Plutôt pas d'accord","Ni d’accord ni pas d’accord (neutre)","Pas du tout d'accord","Plutôt d’accord","Tout à fait d’accord","Plutôt d’accord","Plutôt d’accord","Pas du tout d'accord","Plutôt d’accord","Plutôt d’accord","Plutôt d’accord","Plutôt d’accord","Tout à fait d’accord","Plutôt d’accord","Plutôt d’accord","Pas du tout d'accord","Ni d’accord ni pas d’accord (neutre)","Ni d’accord ni pas d’accord (neutre)","Plutôt pas d'accord","Tout à fait d’accord","Plutôt pas d'accord","Pas du tout d'accord","Pas du tout d'accord","Plutôt d’accord","Tout à fait d’accord","Pas du tout d'accord","Pas du tout d'accord","Pas du tout d'accord","Pas du tout d'accord","Pas du tout d'accord","Ni d’accord ni pas d’accord (neutre)","Plutôt pas d'accord","Plutôt d’accord","Plutôt d’accord","Plutôt d’accord","Plutôt d’accord","J’y suis sensible, mais je n’agis pas beaucoup","Basés sur le goût;Basés sur le prix;Basés sur la qualité nutritionnelle;Basés sur l’impact environnemental","Soutenir les producteurs;Manger plus sainement;Limiter son empreinte écologique","Un effort;Un idéal inaccessible","Le prix","Meilleure signalétique des produits locaux;Aides financières (chèques alimentation, épiceries solidaires…);Plus de liens avec les producteurs (visites, témoignages…)"
"2025/05/25 6:03:43 PM UTC+3","Hauts-de-France","Plutôt d’accord","Ni d’accord ni pas d’accord (neutre)","Ni d’accord ni pas d’accord (neutre)","Plutôt d’accord","Ni d’accord ni pas d’accord (neutre)","Plutôt d’accord","Tout à fait d’accord","Tout à fait d’accord","Tout à fait d’accord","Ni d’accord ni pas d’accord (neutre)","Pas du tout d'accord","Plutôt d’accord","Pas du tout d'accord","Ni d’accord ni pas d’accord (neutre)","Ni d’accord ni pas d’accord (neutre)","Ni d’accord ni pas d’accord (neutre)","Tout à fait d’accord","Tout à fait d’accord","Plutôt d’accord","Ni d’accord ni pas d’accord (neutre)","Ni d’accord ni pas d’accord (neutre)","Plutôt d’accord","Ni d’accord ni pas d’accord (neutre)","Ni d’accord ni pas d’accord (neutre)","Tout à fait d’accord","Plutôt d’accord","Ni d’accord ni pas d’accord (neutre)","Plutôt pas d'accord","Ni d’accord ni pas d’accord (neutre)","Ni d’accord ni pas d’accord (neutre)","Plutôt d’accord","Plutôt d’accord","Ni d’accord ni pas d’accord (neutre)","Plutôt d’accord","Tout à fait d’accord","Tout à fait d’accord","Plutôt d’accord","Ni d’accord ni pas d’accord (neutre)","Plutôt pas d'accord","Ni d’accord ni pas d’accord (neutre)","Pas du tout d'accord","Plutôt pas d'accord","Tout à fait d’accord","Plutôt pas d'accord","Plutôt d’accord","Ni d’accord ni pas d’accord (neutre)","Ni d’accord ni pas d’accord (neutre)","Plutôt d’accord","C’est important, mais ce n’est pas toujours simple","Basés sur le goût;Basés sur le prix;Basés sur la qualité nutritionnelle;Basés sur l’impact environnemental","Soutenir les producteurs;Manger plus sainement;Limiter son empreinte écologique","Un réflexe;Un idéal inaccessible","Le prix","Meilleure signalétique des produits locaux;Plus d’événements ou d’animations sur l’alimentation locale;Plus de liens avec les producteurs (visites, témoignages…)"
"2025/05/25 6:26:39 PM UTC+3","Île-de-France","Ni d’accord ni pas d’accord (neutre)","Plutôt pas d'accord","Plutôt d’accord","Pas du tout d'accord","Pas du tout d'accord","Pas du tout d'accord","Pas du tout d'accord","Ni d’accord ni pas d’accord (neutre)","Pas du tout d'accord","Plutôt d’accord","Pas du tout d'accord","Pas du tout d'accord","Pas du tout d'accord","Plutôt d’accord","Pas du tout d'accord","Pas du tout d'accord","Pas du tout d'accord","Pas du tout d'accord","Pas du tout d'accord","Pas du tout d'accord","Pas du tout d'accord","Plutôt d’accord","Pas du tout d'accord","Tout à fait d’accord","Tout à fait d’accord","Plutôt d’accord","Ni d’accord ni pas d’accord (neutre)","Pas du tout d'accord","Plutôt d’accord","Plutôt d’accord","Pas du tout d'accord","Plutôt d’accord","Ni d’accord ni pas d’accord (neutre)","Pas du tout d'accord","Pas du tout d'accord","Pas du tout d'accord","Plutôt d’accord","Ni d’accord ni pas d’accord (neutre)","Pas du tout d'accord","Tout à fait d’accord","Tout à fait d’accord","Pas du tout d'accord","Pas du tout d'accord","Pas du tout d'accord","Ni d’accord ni pas d’accord (neutre)","Plutôt d’accord","Ni d’accord ni pas d’accord (neutre)","Plutôt d’accord","J’y suis sensible, mais je n’agis pas beaucoup","Basés sur le goût;Basés sur le prix;Basés sur la proximité géographique;Basés sur la facilité d’accès","Soutenir les producteurs;Réduire les intermédiaires","Un effort;Une démarche que j’admire sans suivre","Le manque d’offre proche;Le manque de temps;Je ne sais pas où chercher","Meilleure signalétique des produits locaux;Plus d’événements ou d’animations sur l’alimentation locale;Plus de liens avec les producteurs (visites, témoignages…)"
"2025/05/25 6:36:06 PM UTC+3","Bretagne","Plutôt d’accord","Tout à fait d’accord","Plutôt pas d'accord","Plutôt pas d'accord","Plutôt pas d'accord","Plutôt d’accord","Ni d’accord ni pas d’accord (neutre)","Plutôt d’accord","Plutôt d’accord","Plutôt d’accord","Pas du tout d'accord","Plutôt d’accord","Plutôt d’accord","Ni d’accord ni pas d’accord (neutre)","Ni d’accord ni pas d’accord (neutre)","Ni d’accord ni pas d’accord (neutre)","Plutôt pas d'accord","Plutôt pas d'accord","Ni d’accord ni pas d’accord (neutre)","Plutôt pas d'accord","Plutôt d’accord","Plutôt d’accord","Plutôt d’accord","Plutôt d’accord","Plutôt d’accord","Plutôt d’accord","Plutôt d’accord","Plutôt pas d'accord","Plutôt d’accord","Ni d’accord ni pas d’accord (neutre)","Plutôt d’accord","Tout à fait d’accord","Ni d’accord ni pas d’accord (neutre)","Ni d’accord ni pas d’accord (neutre)","Ni d’accord ni pas d’accord (neutre)","Plutôt d’accord","Plutôt d’accord","Ni d’accord ni pas d’accord (neutre)","Plutôt d’accord","Ni d’accord ni pas d’accord (neutre)","Plutôt d’accord","Ni d’accord ni pas d’accord (neutre)","Ni d’accord ni pas d’accord (neutre)","Ni d’accord ni pas d’accord (neutre)","Plutôt d’accord","Plutôt d’accord","Plutôt d’accord","Plutôt d’accord","C’est important, mais ce n’est pas toujours simple","Basés sur le goût;Basés sur le prix;Basés sur la proximité géographique;Basés sur la qualité nutritionnelle;Basés sur l’impact environnemental;Basés sur la facilité d’accès","Soutenir les producteurs;Limiter son empreinte écologique;Réduire les intermédiaires","Un effort;Un idéal inaccessible","Le prix;Le manque de temps","Meilleure signalétique des produits locaux;Plus d’événements ou d’animations sur l’alimentation locale;Plus d’offres en ligne / en livraison;Plus de liens avec les producteurs (visites, témoignages…)"
"2025/05/25 6:36:44 PM UTC+3","Bretagne","Plutôt d’accord","Ni d’accord ni pas d’accord (neutre)","Plutôt d’accord","Ni d’accord ni pas d’accord (neutre)","Ni d’accord ni pas d’accord (neutre)","Ni d’accord ni pas d’accord (neutre)","Plutôt d’accord","Ni d’accord ni pas d’accord (neutre)","Pas du tout d'accord","Plutôt pas d'accord","Pas du tout d'accord","Pas du tout d'accord","Pas du tout d'accord","Plutôt pas d'accord","Pas du tout d'accord","Pas du tout d'accord","Plutôt pas d'accord","Plutôt d’accord","Plutôt d’accord","Ni d’accord ni pas d’accord (neutre)","Ni d’accord ni pas d’accord (neutre)","Plutôt pas d'accord","Plutôt pas d'accord","Plutôt pas d'accord","Plutôt d’accord","Plutôt d’accord","Ni d’accord ni pas d’accord (neutre)","Ni d’accord ni pas d’accord (neutre)","Ni d’accord ni pas d’accord (neutre)","Plutôt d’accord","Ni d’accord ni pas d’accord (neutre)","Ni d’accord ni pas d’accord (neutre)","Plutôt pas d'accord","Plutôt pas d'accord","Plutôt pas d'accord","Ni d’accord ni pas d’accord (neutre)","Plutôt d’accord","Ni d’accord ni pas d’accord (neutre)","Pas du tout d'accord","Plutôt pas d'accord","Plutôt pas d'accord","Plutôt pas d'accord","Plutôt d’accord","Plutôt d’accord","Tout à fait d’accord","Ni d’accord ni pas d’accord (neutre)","Ni d’accord ni pas d’accord (neutre)","Plutôt d’accord","J’y suis sensible, mais je n’agis pas beaucoup","Basés sur le goût;Basés sur le prix;Basés sur l’impact environnemental;Basés sur la facilité d’accès","Limiter son empreinte écologique","Une démarche que j’admire sans suivre","Le prix;Le manque de temps;Le manque d’habitude","Aides financières (chèques alimentation, épiceries solidaires…)"
"2025/05/25 6:38:59 PM UTC+3","Bretagne","Plutôt pas d'accord","Plutôt pas d'accord","Ni d’accord ni pas d’accord (neutre)","Plutôt pas d'accord","Ni d’accord ni pas d’accord (neutre)","Ni d’accord ni pas d’accord (neutre)","Plutôt d’accord","Ni d’accord ni pas d’accord (neutre)","Pas du tout d'accord","Ni d’accord ni pas d’accord (neutre)","Pas du tout d'accord","Plutôt d’accord","Tout à fait d’accord","Ni d’accord ni pas d’accord (neutre)","Plutôt pas d'accord","Plutôt d’accord","Ni d’accord ni pas d’accord (neutre)","Plutôt pas d'accord","Plutôt pas d'accord","Plutôt pas d'accord","Plutôt pas d'accord","Plutôt pas d'accord","Pas du tout d'accord","Pas du tout d'accord","Plutôt d’accord","Plutôt d’accord","Tout à fait d’accord","Plutôt d’accord","Plutôt d’accord","Plutôt d’accord","Ni d’accord ni pas d’accord (neutre)","Tout à fait d’accord","Ni d’accord ni pas d’accord (neutre)","Plutôt pas d'accord","Plutôt pas d'accord","Ni d’accord ni pas d’accord (neutre)","Plutôt d’accord","Ni d’accord ni pas d’accord (neutre)","Pas du tout d'accord","Pas du tout d'accord","Plutôt d’accord","Pas du tout d'accord","Pas du tout d'accord","Pas du tout d'accord","Tout à fait d’accord","Ni d’accord ni pas d’accord (neutre)","Plutôt d’accord","Plutôt d’accord","J’y suis sensible, mais je n’agis pas beaucoup","Basés sur le goût;Basés sur le prix;Basés sur l’impact environnemental","Soutenir les producteurs;Limiter son empreinte écologique;S’ancrer dans un territoire;Réduire les intermédiaires","Un effort;Un idéal inaccessible;Une démarche que j’admire sans suivre","Le prix;Le manque d’information claire;Le manque d’habitude","Meilleure signalétique des produits locaux"
"2025/05/25 6:40:02 PM UTC+3","Grand Est","Plutôt pas d'accord","Plutôt pas d'accord","Plutôt pas d'accord","Ni d’accord ni pas d’accord (neutre)","Ni d’accord ni pas d’accord (neutre)","Ni d’accord ni pas d’accord (neutre)","Plutôt pas d'accord","Ni d’accord ni pas d’accord (neutre)","Plutôt d’accord","Plutôt d’accord","Ni d’accord ni pas d’accord (neutre)","Plutôt d’accord","Plutôt d’accord","Plutôt d’accord","Ni d’accord ni pas d’accord (neutre)","Plutôt d’accord","Tout à fait d’accord","Plutôt d’accord","Plutôt d’accord","Plutôt d’accord","Tout à fait d’accord","Tout à fait d’accord","Tout à fait d’accord","Ni d’accord ni pas d’accord (neutre)","Plutôt d’accord","Tout à fait d’accord","Tout à fait d’accord","Plutôt d’accord","Tout à fait d’accord","Tout à fait d’accord","Tout à fait d’accord","Tout à fait d’accord","Ni d’accord ni pas d’accord (neutre)","Ni d’accord ni pas d’accord (neutre)","Pas du tout d'accord","Tout à fait d’accord","Tout à fait d’accord","Pas du tout d'accord","Pas du tout d'accord","Pas du tout d'accord","Plutôt d’accord","Pas du tout d'accord","Tout à fait d’accord","Tout à fait d’accord","Tout à fait d’accord","Tout à fait d’accord","Tout à fait d’accord","Tout à fait d’accord","C’est important, mais ce n’est pas toujours simple","Basés sur le goût;Basés sur le prix;Basés sur la proximité géographique;Basés sur l’impact environnemental","Soutenir les producteurs;Manger plus sainement;Réduire les intermédiaires","Un réflexe","Le prix;Le manque de temps","Aides financières (chèques alimentation, épiceries solidaires…);Plus d’événements ou d’animations sur l’alimentation locale;Plus de liens avec les producteurs (visites, témoignages…)"
"2025/05/25 6:40:42 PM UTC+3","Grand Est","Plutôt d’accord","Ni d’accord ni pas d’accord (neutre)","Plutôt pas d'accord","Ni d’accord ni pas d’accord (neutre)","Plutôt d’accord","Plutôt d’accord","Tout à fait d’accord","Plutôt d’accord","Pas du tout d'accord","Pas du tout d'accord","Pas du tout d'accord","Plutôt pas d'accord","Plutôt pas d'accord","Plutôt pas d'accord","Plutôt pas d'accord","Pas du tout d'accord","Pas du tout d'accord","Plutôt pas d'accord","Ni d’accord ni pas d’accord (neutre)","Plutôt pas d'accord","Plutôt pas d'accord","Tout à fait d’accord","Plutôt pas d'accord","Plutôt pas d'accord","Plutôt d’accord","Plutôt d’accord","Plutôt d’accord","Ni d’accord ni pas d’accord (neutre)","Plutôt d’accord","Plutôt d’accord","Ni d’accord ni pas d’accord (neutre)","Ni d’accord ni pas d’accord (neutre)","Ni d’accord ni pas d’accord (neutre)","Plutôt pas d'accord","Ni d’accord ni pas d’accord (neutre)","Ni d’accord ni pas d’accord (neutre)","Plutôt d’accord","Ni d’accord ni pas d’accord (neutre)","Ni d’accord ni pas d’accord (neutre)","Ni d’accord ni pas d’accord (neutre)","Pas du tout d'accord","Ni d’accord ni pas d’accord (neutre)","Plutôt d’accord","Plutôt pas d'accord","Plutôt d’accord","Plutôt d’accord","","Plutôt d’accord","J’y suis sensible, mais je n’agis pas beaucoup","Basés sur le prix;Basés sur la qualité nutritionnelle","Soutenir les producteurs;Limiter son empreinte écologique","Un idéal inaccessible","Le prix;Le manque d’information claire","Meilleure signalétique des produits locaux;Aides financières (chèques alimentation, épiceries solidaires…);Plus de liens avec les producteurs (visites, témoignages…)"
"2025/05/25 6:51:47 PM UTC+3","Bretagne","Plutôt d’accord","Ni d’accord ni pas d’accord (neutre)","Plutôt pas d'accord","Tout à fait d’accord","Ni d’accord ni pas d’accord (neutre)","Plutôt d’accord","Plutôt d’accord","Ni d’accord ni pas d’accord (neutre)","Ni d’accord ni pas d’accord (neutre)","Tout à fait d’accord","Plutôt pas d'accord","Ni d’accord ni pas d’accord (neutre)","Plutôt pas d'accord","Plutôt d’accord","Plutôt pas d'accord","Plutôt d’accord","Tout à fait d’accord","Tout à fait d’accord","Plutôt d’accord","Plutôt d’accord","Plutôt d’accord","Tout à fait d’accord","Plutôt d’accord","Tout à fait d’accord","Tout à fait d’accord","Plutôt d’accord","Plutôt d’accord","Ni d’accord ni pas d’accord (neutre)","Ni d’accord ni pas d’accord (neutre)","Plutôt d’accord","Plutôt d’accord","Plutôt d’accord","Plutôt pas d'accord","Ni d’accord ni pas d’accord (neutre)","Plutôt pas d'accord","Tout à fait d’accord","Plutôt d’accord","Pas du tout d'accord","Plutôt pas d'accord","Plutôt pas d'accord","Plutôt d’accord","Plutôt pas d'accord","Plutôt d’accord","Plutôt d’accord","Plutôt d’accord","Ni d’accord ni pas d’accord (neutre)","Plutôt d’accord","Plutôt d’accord","J’y suis sensible, mais je n’agis pas beaucoup","Basés sur le prix;Basés sur la proximité géographique","Soutenir les producteurs;Limiter son empreinte écologique;S’ancrer dans un territoire;Réduire les intermédiaires;Faire un acte politique","Un effort","Le prix","Meilleure signalétique des produits locaux;Aides financières (chèques alimentation, épiceries solidaires…);Plus d’événements ou d’animations sur l’alimentation locale"
"2025/05/25 7:04:13 PM UTC+3","Grand Est","Pas du tout d'accord","Plutôt pas d'accord","Tout à fait d’accord","Tout à fait d’accord","Tout à fait d’accord","Tout à fait d’accord","Plutôt d’accord","Plutôt d’accord","Plutôt d’accord","Plutôt d’accord","Ni d’accord ni pas d’accord (neutre)","Ni d’accord ni pas d’accord (neutre)","Plutôt d’accord","Ni d’accord ni pas d’accord (neutre)","Ni d’accord ni pas d’accord (neutre)","Ni d’accord ni pas d’accord (neutre)","Plutôt d’accord","Plutôt d’accord","Ni d’accord ni pas d’accord (neutre)","Ni d’accord ni pas d’accord (neutre)","Ni d’accord ni pas d’accord (neutre)","Plutôt d’accord","Plutôt d’accord","Plutôt d’accord","Tout à fait d’accord","Tout à fait d’accord","Tout à fait d’accord","Ni d’accord ni pas d’accord (neutre)","Ni d’accord ni pas d’accord (neutre)","Ni d’accord ni pas d’accord (neutre)","Ni d’accord ni pas d’accord (neutre)","Plutôt d’accord","Plutôt d’accord","Ni d’accord ni pas d’accord (neutre)","Plutôt pas d'accord","Plutôt d’accord","Plutôt d’accord","Ni d’accord ni pas d’accord (neutre)","Plutôt pas d'accord","Plutôt pas d'accord","Pas du tout d'accord","Pas du tout d'accord","Plutôt pas d'accord","Plutôt pas d'accord","Plutôt pas d'accord","Plutôt pas d'accord","Plutôt pas d'accord","Plutôt pas d'accord","C’est important, mais ce n’est pas toujours simple","Basés sur le prix;Basés sur la proximité géographique","Soutenir les producteurs;Manger plus sainement;Limiter son empreinte écologique","Un effort","Le prix;Le manque d’habitude","Meilleure signalétique des produits locaux;Plus d’événements ou d’animations sur l’alimentation locale"
"2025/05/25 7:19:43 PM UTC+3","Pays de la Loire","Ni d’accord ni pas d’accord (neutre)","Tout à fait d’accord","Ni d’accord ni pas d’accord (neutre)","Ni d’accord ni pas d’accord (neutre)","Pas du tout d'accord","Tout à fait d’accord","Tout à fait d’accord","Tout à fait d’accord","Tout à fait d’accord","Tout à fait d’accord","Ni d’accord ni pas d’accord (neutre)","Ni d’accord ni pas d’accord (neutre)","Tout à fait d’accord","Plutôt d’accord","Plutôt d’accord","Tout à fait d’accord","Plutôt d’accord","Plutôt d’accord","Plutôt d’accord","Ni d’accord ni pas d’accord (neutre)","Plutôt d’accord","Plutôt d’accord","Plutôt d’accord","Plutôt d’accord","Plutôt d’accord","Plutôt d’accord","Tout à fait d’accord","Plutôt d’accord","Plutôt d’accord","Tout à fait d’accord","Plutôt d’accord","Plutôt d’accord","Ni d’accord ni pas d’accord (neutre)","Plutôt d’accord","Ni d’accord ni pas d’accord (neutre)","Plutôt d’accord","Plutôt d’accord","Ni d’accord ni pas d’accord (neutre)","Plutôt d’accord","Ni d’accord ni pas d’accord (neutre)","Plutôt d’accord","Ni d’accord ni pas d’accord (neutre)","Plutôt d’accord","Ni d’accord ni pas d’accord (neutre)","Plutôt d’accord","Plutôt d’accord","Plutôt d’accord","Plutôt d’accord","C’est central pour moi, je fais beaucoup d’efforts","Basés sur la proximité géographique;Basés sur la qualité nutritionnelle;Basés sur la facilité d’accès","Soutenir les producteurs;Manger plus sainement;S’ancrer dans un territoire;Réduire les intermédiaires","Un réflexe","Le prix","Meilleure signalétique des produits locaux;Aides financières (chèques alimentation, épiceries solidaires…);Plus de liens avec les producteurs (visites, témoignages…)"
"2025/05/25 7:29:35 PM UTC+3","Hauts-de-France","Plutôt d’accord","Tout à fait d’accord","Plutôt d’accord","Plutôt d’accord","Plutôt d’accord","Ni d’accord ni pas d’accord (neutre)","Plutôt d’accord","Ni d’accord ni pas d’accord (neutre)","Plutôt d’accord","Plutôt d’accord","Ni d’accord ni pas d’accord (neutre)","Plutôt d’accord","Pas du tout d'accord","Ni d’accord ni pas d’accord (neutre)","Plutôt d’accord","Plutôt pas d'accord","Plutôt d’accord","Plutôt d’accord","Plutôt d’accord","Pas du tout d'accord","Plutôt d’accord","Pas du tout d'accord","Plutôt d’accord","Plutôt d’accord","Plutôt d’accord","Plutôt d’accord","Plutôt d’accord","Plutôt d’accord","Ni d’accord ni pas d’accord (neutre)","Plutôt d’accord","Ni d’accord ni pas d’accord (neutre)","Plutôt d’accord","Plutôt pas d'accord","Plutôt d’accord","Plutôt d’accord","Plutôt d’accord","Plutôt d’accord","Plutôt pas d'accord","Plutôt pas d'accord","Plutôt pas d'accord","Plutôt d’accord","Plutôt d’accord","Plutôt d’accord","Ni d’accord ni pas d’accord (neutre)","Plutôt d’accord","Plutôt pas d'accord","Plutôt d’accord","Plutôt d’accord","C’est important, mais ce n’est pas toujours simple","Basés sur le goût;Basés sur le prix;Basés sur la proximité géographique;Basés sur la qualité nutritionnelle","Soutenir les producteurs;Manger plus sainement;Limiter son empreinte écologique","Un réflexe","Le prix;Le manque d’information claire","Meilleure signalétique des produits locaux;Plus de liens avec les producteurs (visites, témoignages…)"
"2025/05/25 7:30:32 PM UTC+3","Bretagne","Ni d’accord ni pas d’accord (neutre)","Ni d’accord ni pas d’accord (neutre)","Ni d’accord ni pas d’accord (neutre)","Plutôt d’accord","Plutôt d’accord","Tout à fait d’accord","Tout à fait d’accord","Plutôt d’accord","Tout à fait d’accord","Plutôt d’accord","Tout à fait d’accord","Plutôt pas d'accord","Pas du tout d'accord","Pas du tout d'accord","Pas du tout d'accord","Ni d’accord ni pas d’accord (neutre)","Plutôt pas d'accord","Ni d’accord ni pas d’accord (neutre)","Plutôt pas d'accord","Pas du tout d'accord","Ni d’accord ni pas d’accord (neutre)","Plutôt d’accord","Ni d’accord ni pas d’accord (neutre)","Pas du tout d'accord","Plutôt d’accord","Plutôt d’accord","Tout à fait d’accord","Ni d’accord ni pas d’accord (neutre)","Ni d’accord ni pas d’accord (neutre)","Tout à fait d’accord","Plutôt d’accord","Plutôt d’accord","Plutôt d’accord","Plutôt d’accord","Ni d’accord ni pas d’accord (neutre)","Plutôt d’accord","Plutôt d’accord","Plutôt pas d'accord","Pas du tout d'accord","Ni d’accord ni pas d’accord (neutre)","Pas du tout d'accord","Tout à fait d’accord","Ni d’accord ni pas d’accord (neutre)","Ni d’accord ni pas d’accord (neutre)","Ni d’accord ni pas d’accord (neutre)","Ni d’accord ni pas d’accord (neutre)","Ni d’accord ni pas d’accord (neutre)","Ni d’accord ni pas d’accord (neutre)","J’y suis sensible, mais je n’agis pas beaucoup","Basés sur le prix;Basés sur la proximité géographique;Basés sur la qualité nutritionnelle;Basés sur la facilité d’accès","Soutenir les producteurs;Limiter son empreinte écologique;Réduire les intermédiaires","Un effort","Le prix;Le manque de temps;Le manque d’habitude","Meilleure signalétique des produits locaux"
"2025/05/25 7:31:19 PM UTC+3","Pays de la Loire","Plutôt d’accord","Plutôt d’accord","Ni d’accord ni pas d’accord (neutre)","Ni d’accord ni pas d’accord (neutre)","Plutôt d’accord","Plutôt d’accord","Plutôt d’accord","Plutôt d’accord","Plutôt pas d'accord","Plutôt d’accord","Pas du tout d'accord","Pas du tout d'accord","Pas du tout d'accord","Plutôt d’accord","Plutôt d’accord","Plutôt pas d'accord","Plutôt d’accord","Ni d’accord ni pas d’accord (neutre)","Plutôt pas d'accord","Plutôt pas d'accord","Plutôt pas d'accord","Plutôt d’accord","Plutôt d’accord","Plutôt d’accord","Plutôt d’accord","Plutôt d’accord","Plutôt d’accord","Plutôt d’accord","Plutôt d’accord","Plutôt d’accord","Ni d’accord ni pas d’accord (neutre)","Plutôt d’accord","Ni d’accord ni pas d’accord (neutre)","Plutôt d’accord","Ni d’accord ni pas d’accord (neutre)","Plutôt d’accord","Plutôt d’accord","Pas du tout d'accord","Pas du tout d'accord","Pas du tout d'accord","Pas du tout d'accord","Pas du tout d'accord","Plutôt pas d'accord","Pas du tout d'accord","Pas du tout d'accord","Plutôt pas d'accord","Plutôt pas d'accord","Plutôt pas d'accord","C’est important, mais ce n’est pas toujours simple","Basés sur le goût;Basés sur le prix;Basés sur la proximité géographique;Basés sur la qualité nutritionnelle;Basés sur l’impact environnemental","Soutenir les producteurs;Limiter son empreinte écologique;Réduire les intermédiaires","Un effort;Une démarche que j’admire sans suivre","Le prix;Le manque d’information claire;Le manque de temps","Meilleure signalétique des produits locaux;Plus de liens avec les producteurs (visites, témoignages…)"
"2025/05/25 7:36:29 PM UTC+3","Normandie","Pas du tout d'accord","Pas du tout d'accord","Pas du tout d'accord","Pas du tout d'accord","Pas du tout d'accord","Ni d’accord ni pas d’accord (neutre)","Pas du tout d'accord","Plutôt d’accord","Pas du tout d'accord","Plutôt d’accord","Pas du tout d'accord","Pas du tout d'accord","Pas du tout d'accord","Pas du tout d'accord","Pas du tout d'accord","Pas du tout d'accord","Plutôt d’accord","Plutôt d’accord","Pas du tout d'accord","Pas du tout d'accord","Pas du tout d'accord","Plutôt d’accord","Pas du tout d'accord","Pas du tout d'accord","Tout à fait d’accord","Pas du tout d'accord","Pas du tout d'accord","Pas du tout d'accord","Pas du tout d'accord","Pas du tout d'accord","Pas du tout d'accord","Pas du tout d'accord","Pas du tout d'accord","Pas du tout d'accord","Pas du tout d'accord","Tout à fait d’accord","Pas du tout d'accord","Pas du tout d'accord","Pas du tout d'accord","Pas du tout d'accord","Pas du tout d'accord","Pas du tout d'accord","Ni d’accord ni pas d’accord (neutre)","Ni d’accord ni pas d’accord (neutre)","Ni d’accord ni pas d’accord (neutre)","","Pas du tout d'accord","Pas du tout d'accord","J’y suis sensible, mais je n’agis pas beaucoup","Basés sur le goût;Basés sur le prix","Soutenir les producteurs;Manger plus sainement","Une démarche que j’admire sans suivre","Le prix;Le manque d’habitude","Aides financières (chèques alimentation, épiceries solidaires…);Plus de liens avec les producteurs (visites, témoignages…)"
"2025/05/25 7:38:46 PM UTC+3","Pays de la Loire","Plutôt d’accord","Plutôt pas d'accord","Plutôt d’accord","Tout à fait d’accord","Ni d’accord ni pas d’accord (neutre)","Plutôt d’accord","Plutôt d’accord","Ni d’accord ni pas d’accord (neutre)","Pas du tout d'accord","Plutôt d’accord","Pas du tout d'accord","Pas du tout d'accord","Pas du tout d'accord","Plutôt pas d'accord","Plutôt pas d'accord","Ni d’accord ni pas d’accord (neutre)","Ni d’accord ni pas d’accord (neutre)","Ni d’accord ni pas d’accord (neutre)","Ni d’accord ni pas d’accord (neutre)","Plutôt d’accord","Plutôt d’accord","Tout à fait d’accord","Ni d’accord ni pas d’accord (neutre)","Plutôt pas d'accord","Plutôt d’accord","Plutôt d’accord","Ni d’accord ni pas d’accord (neutre)","Plutôt pas d'accord","Plutôt d’accord","Tout à fait d’accord","Tout à fait d’accord","Plutôt d’accord","Ni d’accord ni pas d’accord (neutre)","Plutôt d’accord","Ni d’accord ni pas d’accord (neutre)","Plutôt d’accord","Tout à fait d’accord","Ni d’accord ni pas d’accord (neutre)","Plutôt pas d'accord","Tout à fait d’accord","Plutôt d’accord","Ni d’accord ni pas d’accord (neutre)","Plutôt d’accord","Ni d’accord ni pas d’accord (neutre)","Tout à fait d’accord","Ni d’accord ni pas d’accord (neutre)","Plutôt d’accord","Tout à fait d’accord","C’est important, mais ce n’est pas toujours simple","Basés sur le goût;Basés sur le prix;Basés sur la proximité géographique;Basés sur la facilité d’accès","Soutenir les producteurs;Limiter son empreinte écologique;Réduire les intermédiaires","Un effort","Le prix;Le manque d’information claire;Le manque d’habitude;Je ne sais pas où chercher","Meilleure signalétique des produits locaux;Aides financières (chèques alimentation, épiceries solidaires…)"
"2025/05/25 7:41:56 PM UTC+3","Nouvelle-Aquitaine","Plutôt d’accord","Plutôt d’accord","Tout à fait d’accord","Tout à fait d’accord","Tout à fait d’accord","Tout à fait d’accord","Tout à fait d’accord","Tout à fait d’accord","Tout à fait d’accord","Tout à fait d’accord","Tout à fait d’accord","Plutôt d’accord","Plutôt d’accord","Plutôt d’accord","Ni d’accord ni pas d’accord (neutre)","Plutôt d’accord","Plutôt d’accord","Tout à fait d’accord","Tout à fait d’accord","Tout à fait d’accord","Plutôt d’accord","Tout à fait d’accord","Tout à fait d’accord","Tout à fait d’accord","Tout à fait d’accord","Tout à fait d’accord","Plutôt d’accord","Ni d’accord ni pas d’accord (neutre)","Tout à fait d’accord","Tout à fait d’accord","Tout à fait d’accord","Tout à fait d’accord","Plutôt pas d'accord","Plutôt d’accord","Ni d’accord ni pas d’accord (neutre)","Plutôt d’accord","Plutôt d’accord","Ni d’accord ni pas d’accord (neutre)","Plutôt d’accord","Plutôt d’accord","Ni d’accord ni pas d’accord (neutre)","Ni d’accord ni pas d’accord (neutre)","Tout à fait d’accord","Tout à fait d’accord","Tout à fait d’accord","Tout à fait d’accord","Tout à fait d’accord","Tout à fait d’accord","C’est important, mais ce n’est pas toujours simple","Basés sur le prix;Basés sur la proximité géographique;Basés sur l’impact environnemental;Basés sur la facilité d’accès","Soutenir les producteurs;Limiter son empreinte écologique;S’ancrer dans un territoire;Réduire les intermédiaires;Faire un acte politique","Un réflexe;Un effort","Le prix;Le manque d’offre proche;Le manque d’information claire","Meilleure signalétique des produits locaux;Plus de liens avec les producteurs (visites, témoignages…)"
"2025/05/25 7:52:29 PM UTC+3","Bretagne","Plutôt d’accord","Ni d’accord ni pas d’accord (neutre)","Plutôt d’accord","Plutôt pas d'accord","Plutôt d’accord","Tout à fait d’accord","Plutôt d’accord","Plutôt d’accord","Plutôt pas d'accord","Pas du tout d'accord","Pas du tout d'accord","Plutôt pas d'accord","Plutôt pas d'accord","Plutôt pas d'accord","Plutôt pas d'accord","Pas du tout d'accord","Plutôt pas d'accord","Plutôt d’accord","Plutôt pas d'accord","Plutôt pas d'accord","Pas du tout d'accord","Ni d’accord ni pas d’accord (neutre)","Pas du tout d'accord","Pas du tout d'accord","Plutôt d’accord","Tout à fait d’accord","Tout à fait d’accord","Tout à fait d’accord","Plutôt d’accord","Plutôt d’accord","Plutôt pas d'accord","Plutôt d’accord","Plutôt d’accord","Plutôt pas d'accord","Pas du tout d'accord","Plutôt d’accord","Plutôt d’accord","Plutôt pas d'accord","Pas du tout d'accord","Pas du tout d'accord","Pas du tout d'accord","Pas du tout d'accord","Ni d’accord ni pas d’accord (neutre)","Pas du tout d'accord","Plutôt d’accord","Plutôt d’accord","Ni d’accord ni pas d’accord (neutre)","Plutôt d’accord","J’y suis sensible, mais je n’agis pas beaucoup","Basés sur le prix;Basés sur la proximité géographique;Basés sur l’impact environnemental;Basés sur la facilité d’accès","Soutenir les producteurs;Limiter son empreinte écologique","Un effort","Le prix;Le manque d’information claire;Le manque d’habitude","Meilleure signalétique des produits locaux"
"2025/05/25 7:54:41 PM UTC+3","Bretagne","Plutôt d’accord","Plutôt d’accord","Plutôt d’accord","Plutôt pas d'accord","Ni d’accord ni pas d’accord (neutre)","Plutôt d’accord","Ni d’accord ni pas d’accord (neutre)","Plutôt d’accord","Plutôt pas d'accord","Plutôt d’accord","Pas du tout d'accord","Plutôt pas d'accord","Pas du tout d'accord","Plutôt pas d'accord","Plutôt pas d'accord","Ni d’accord ni pas d’accord (neutre)","Tout à fait d’accord","Plutôt d’accord","Ni d’accord ni pas d’accord (neutre)","Pas du tout d'accord","Plutôt d’accord","Plutôt d’accord","Ni d’accord ni pas d’accord (neutre)","Ni d’accord ni pas d’accord (neutre)","Plutôt d’accord","Plutôt d’accord","Plutôt d’accord","Ni d’accord ni pas d’accord (neutre)","Plutôt d’accord","Plutôt d’accord","Ni d’accord ni pas d’accord (neutre)","Tout à fait d’accord","Plutôt d’accord","Plutôt d’accord","Ni d’accord ni pas d’accord (neutre)","Tout à fait d’accord","Plutôt d’accord","Pas du tout d'accord","Pas du tout d'accord","Plutôt pas d'accord","Pas du tout d'accord","Pas du tout d'accord","Tout à fait d’accord","Ni d’accord ni pas d’accord (neutre)","Plutôt d’accord","Ni d’accord ni pas d’accord (neutre)","Tout à fait d’accord","Plutôt d’accord","C’est important, mais ce n’est pas toujours simple","Basés sur le goût;Basés sur le prix;Basés sur la proximité géographique;Basés sur la qualité nutritionnelle;Basés sur l’impact environnemental","Soutenir les producteurs;Manger plus sainement;Limiter son empreinte écologique;S’ancrer dans un territoire;Réduire les intermédiaires","Un réflexe;Un effort","Le prix;Le manque d’information claire","Meilleure signalétique des produits locaux;Plus d’événements ou d’animations sur l’alimentation locale;Plus d’offres en ligne / en livraison;Plus de liens avec les producteurs (visites, témoignages…)"
"2025/05/25 7:59:27 PM UTC+3","Bretagne","Ni d’accord ni pas d’accord (neutre)","Plutôt pas d'accord","Tout à fait d’accord","Plutôt pas d'accord","Plutôt pas d'accord","Plutôt d’accord","Plutôt pas d'accord","Tout à fait d’accord","Plutôt pas d'accord","Plutôt d’accord","Pas du tout d'accord","Pas du tout d'accord","Pas du tout d'accord","Pas du tout d'accord","Pas du tout d'accord","Pas du tout d'accord","Pas du tout d'accord","Plutôt pas d'accord","Pas du tout d'accord","Pas du tout d'accord","Ni d’accord ni pas d’accord (neutre)","Tout à fait d’accord","Plutôt pas d'accord","Pas du tout d'accord","Plutôt d’accord","Plutôt d’accord","Tout à fait d’accord","Ni d’accord ni pas d’accord (neutre)","Ni d’accord ni pas d’accord (neutre)","Ni d’accord ni pas d’accord (neutre)","Plutôt d’accord","Plutôt pas d'accord","Ni d’accord ni pas d’accord (neutre)","Plutôt pas d'accord","Plutôt pas d'accord","Ni d’accord ni pas d’accord (neutre)","Ni d’accord ni pas d’accord (neutre)","Plutôt pas d'accord","Pas du tout d'accord","Pas du tout d'accord","Pas du tout d'accord","Pas du tout d'accord","Pas du tout d'accord","Pas du tout d'accord","Tout à fait d’accord","Pas du tout d'accord","Plutôt pas d'accord","Plutôt d’accord","J’y suis sensible, mais je n’agis pas beaucoup","Basés sur le goût;Basés sur la qualité nutritionnelle","Soutenir les producteurs;Limiter son empreinte écologique","Un effort;Une démarche que j’admire sans suivre","Le manque de temps","Meilleure signalétique des produits locaux;Plus d’événements ou d’animations sur l’alimentation locale"
"2025/05/25 8:13:22 PM UTC+3","Pays de la Loire","Plutôt d’accord","Plutôt d’accord","Plutôt d’accord","Ni d’accord ni pas d’accord (neutre)","Ni d’accord ni pas d’accord (neutre)","Ni d’accord ni pas d’accord (neutre)","Pas du tout d'accord","Pas du tout d'accord","Plutôt d’accord","Plutôt d’accord","Plutôt pas d'accord","Ni d’accord ni pas d’accord (neutre)","Ni d’accord ni pas d’accord (neutre)","Ni d’accord ni pas d’accord (neutre)","Plutôt d’accord","Plutôt d’accord","Plutôt d’accord","Plutôt d’accord","Ni d’accord ni pas d’accord (neutre)","Ni d’accord ni pas d’accord (neutre)","Plutôt d’accord","Plutôt d’accord","Plutôt d’accord","Ni d’accord ni pas d’accord (neutre)","Plutôt d’accord","Plutôt d’accord","Ni d’accord ni pas d’accord (neutre)","Ni d’accord ni pas d’accord (neutre)","Ni d’accord ni pas d’accord (neutre)","Plutôt d’accord","Pas du tout d'accord","Pas du tout d'accord","Plutôt d’accord","Plutôt d’accord","Plutôt d’accord","Plutôt d’accord","Ni d’accord ni pas d’accord (neutre)","Plutôt d’accord","Ni d’accord ni pas d’accord (neutre)","Ni d’accord ni pas d’accord (neutre)","Pas du tout d'accord","Pas du tout d'accord","Plutôt d’accord","Plutôt d’accord","Plutôt d’accord","Ni d’accord ni pas d’accord (neutre)","Plutôt d’accord","Plutôt d’accord","C’est important, mais ce n’est pas toujours simple","Basés sur la proximité géographique","Manger plus sainement","Un réflexe","Le manque d’offre proche","Meilleure signalétique des produits locaux"
"2025/05/25 8:26:40 PM UTC+3","Bretagne","Plutôt pas d'accord","Plutôt d’accord","Plutôt d’accord","Plutôt pas d'accord","Plutôt pas d'accord","Plutôt d’accord","Tout à fait d’accord","Plutôt d’accord","Pas du tout d'accord","Plutôt d’accord","Pas du tout d'accord","Pas du tout d'accord","Plutôt pas d'accord","Tout à fait d’accord","Pas du tout d'accord","Plutôt pas d'accord","Plutôt d’accord","Plutôt pas d'accord","Plutôt pas d'accord","Plutôt pas d'accord","Plutôt pas d'accord","Plutôt d’accord","Plutôt pas d'accord","Plutôt pas d'accord","Plutôt d’accord","Tout à fait d’accord","Tout à fait d’accord","Plutôt pas d'accord","Plutôt d’accord","Plutôt d’accord","Plutôt d’accord","Plutôt d’accord","Plutôt pas d'accord","Plutôt pas d'accord","Pas du tout d'accord","Ni d’accord ni pas d’accord (neutre)","Ni d’accord ni pas d’accord (neutre)","Pas du tout d'accord","Pas du tout d'accord","Plutôt d’accord","Pas du tout d'accord","Pas du tout d'accord","Plutôt pas d'accord","Plutôt pas d'accord","Plutôt d’accord","Pas du tout d'accord","Plutôt pas d'accord","Plutôt d’accord","J’y suis sensible, mais je n’agis pas beaucoup","Basés sur le goût;Basés sur le prix;Basés sur la proximité géographique","Soutenir les producteurs","Un effort","Le prix;Le manque de temps","Aides financières (chèques alimentation, épiceries solidaires…);Plus de liens avec les producteurs (visites, témoignages…)"
"2025/05/25 8:44:28 PM UTC+3","Provence-Alpes-Côte d’Azur","Plutôt pas d'accord","Pas du tout d'accord","Plutôt pas d'accord","Ni d’accord ni pas d’accord (neutre)","Ni d’accord ni pas d’accord (neutre)","Ni d’accord ni pas d’accord (neutre)","Ni d’accord ni pas d’accord (neutre)","Ni d’accord ni pas d’accord (neutre)","Ni d’accord ni pas d’accord (neutre)","Tout à fait d’accord","Pas du tout d'accord","Tout à fait d’accord","Tout à fait d’accord","Tout à fait d’accord","Tout à fait d’accord","Tout à fait d’accord","Tout à fait d’accord","Tout à fait d’accord","Plutôt d’accord","Ni d’accord ni pas d’accord (neutre)","Ni d’accord ni pas d’accord (neutre)","Tout à fait d’accord","Tout à fait d’accord","Ni d’accord ni pas d’accord (neutre)","Tout à fait d’accord","Tout à fait d’accord","Tout à fait d’accord","Pas du tout d'accord","Ni d’accord ni pas d’accord (neutre)","Ni d’accord ni pas d’accord (neutre)","Ni d’accord ni pas d’accord (neutre)","Plutôt d’accord","Tout à fait d’accord","Ni d’accord ni pas d’accord (neutre)","Tout à fait d’accord","Tout à fait d’accord","Plutôt pas d'accord","Pas du tout d'accord","Pas du tout d'accord","Pas du tout d'accord","Pas du tout d'accord","Pas du tout d'accord","Pas du tout d'accord","Pas du tout d'accord","Tout à fait d’accord","Ni d’accord ni pas d’accord (neutre)","Ni d’accord ni pas d’accord (neutre)","Plutôt d’accord","C’est important, mais ce n’est pas toujours simple","Basés sur le goût;Basés sur le prix;Basés sur la proximité géographique;Basés sur la qualité nutritionnelle;Basés sur l’impact environnemental;Basés sur la facilité d’accès","Soutenir les producteurs;Manger plus sainement;S’ancrer dans un territoire;Réduire les intermédiaires","Un réflexe","Aucun obstacle particulier","Meilleure signalétique des produits locaux;Aides financières (chèques alimentation, épiceries solidaires…)"
"2025/05/25 8:55:25 PM UTC+3","Normandie","Plutôt d’accord","Ni d’accord ni pas d’accord (neutre)","Plutôt pas d'accord","Tout à fait d’accord","Plutôt d’accord","Plutôt d’accord","Plutôt d’accord","Tout à fait d’accord","Pas du tout d'accord","Plutôt d’accord","Pas du tout d'accord","Pas du tout d'accord","Pas du tout d'accord","Tout à fait d’accord","Pas du tout d'accord","Pas du tout d'accord","Plutôt d’accord","Plutôt d’accord","Ni d’accord ni pas d’accord (neutre)","Pas du tout d'accord","Plutôt d’accord","Ni d’accord ni pas d’accord (neutre)","Plutôt d’accord","Plutôt d’accord","Plutôt d’accord","Plutôt d’accord","Plutôt d’accord","Ni d’accord ni pas d’accord (neutre)","Plutôt d’accord","Tout à fait d’accord","Tout à fait d’accord","Tout à fait d’accord","Ni d’accord ni pas d’accord (neutre)","Plutôt pas d'accord","Plutôt pas d'accord","Ni d’accord ni pas d’accord (neutre)","Tout à fait d’accord","Pas du tout d'accord","Pas du tout d'accord","Tout à fait d’accord","Pas du tout d'accord","Pas du tout d'accord","Plutôt d’accord","Pas du tout d'accord","Tout à fait d’accord","Tout à fait d’accord","Ni d’accord ni pas d’accord (neutre)","Tout à fait d’accord","J’y suis sensible, mais je n’agis pas beaucoup","Basés sur le goût;Basés sur le prix;Basés sur la qualité nutritionnelle;Basés sur l’impact environnemental","Soutenir les producteurs;Limiter son empreinte écologique;Réduire les intermédiaires","Un effort","Le manque d’offre proche;Je ne sais pas où chercher","Plus de liens avec les producteurs (visites, témoignages…)"
"2025/05/25 8:56:34 PM UTC+3","Nouvelle-Aquitaine","Plutôt d’accord","Tout à fait d’accord","Ni d’accord ni pas d’accord (neutre)","Tout à fait d’accord","Tout à fait d’accord","Tout à fait d’accord","Plutôt d’accord","Tout à fait d’accord","Ni d’accord ni pas d’accord (neutre)","Plutôt d’accord","Ni d’accord ni pas d’accord (neutre)","Plutôt d’accord","Plutôt pas d'accord","Plutôt d’accord","Plutôt d’accord","Ni d’accord ni pas d’accord (neutre)","Plutôt d’accord","Plutôt d’accord","Plutôt d’accord","Ni d’accord ni pas d’accord (neutre)","Ni d’accord ni pas d’accord (neutre)","Tout à fait d’accord","Ni d’accord ni pas d’accord (neutre)","Plutôt pas d'accord","Tout à fait d’accord","Tout à fait d’accord","Tout à fait d’accord","Ni d’accord ni pas d’accord (neutre)","Plutôt d’accord","Tout à fait d’accord","Plutôt d’accord","Tout à fait d’accord","Plutôt d’accord","Plutôt d’accord","Plutôt d’accord","Tout à fait d’accord","Plutôt d’accord","Plutôt pas d'accord","Plutôt d’accord","Plutôt d’accord","Plutôt d’accord","Ni d’accord ni pas d’accord (neutre)","Tout à fait d’accord","Ni d’accord ni pas d’accord (neutre)","Plutôt d’accord","Plutôt d’accord","Plutôt d’accord","Plutôt d’accord","C’est central pour moi, je fais beaucoup d’efforts","Basés sur le goût;Basés sur le prix;Basés sur la proximité géographique;Basés sur la qualité nutritionnelle;Basés sur l’impact environnemental;Produits en  vrac","Soutenir les producteurs;Manger plus sainement;Limiter son empreinte écologique;Réduire les intermédiaires;Faire un acte politique","Un réflexe;Un effort","Le manque de temps","Plus d’offres en ligne / en livraison"
"2025/05/25 9:16:17 PM UTC+3","Pays de la Loire","Plutôt pas d'accord","Pas du tout d'accord","Plutôt d’accord","Ni d’accord ni pas d’accord (neutre)","Plutôt pas d'accord","Plutôt pas d'accord","Plutôt pas d'accord","Plutôt pas d'accord","Plutôt pas d'accord","Plutôt d’accord","Pas du tout d'accord","Pas du tout d'accord","Plutôt d’accord","Plutôt pas d'accord","Plutôt pas d'accord","Ni d’accord ni pas d’accord (neutre)","Ni d’accord ni pas d’accord (neutre)","Ni d’accord ni pas d’accord (neutre)","Ni d’accord ni pas d’accord (neutre)","Ni d’accord ni pas d’accord (neutre)","Ni d’accord ni pas d’accord (neutre)","Plutôt d’accord","Plutôt d’accord","Plutôt pas d'accord","Ni d’accord ni pas d’accord (neutre)","Ni d’accord ni pas d’accord (neutre)","Plutôt pas d'accord","Plutôt pas d'accord","Plutôt d’accord","Plutôt d’accord","Ni d’accord ni pas d’accord (neutre)","Plutôt d’accord","Plutôt pas d'accord","Ni d’accord ni pas d’accord (neutre)","Ni d’accord ni pas d’accord (neutre)","Tout à fait d’accord","Tout à fait d’accord","Ni d’accord ni pas d’accord (neutre)","Plutôt pas d'accord","Plutôt pas d'accord","Plutôt pas d'accord","Plutôt pas d'accord","Ni d’accord ni pas d’accord (neutre)","Plutôt pas d'accord","Plutôt d’accord","Ni d’accord ni pas d’accord (neutre)","Ni d’accord ni pas d’accord (neutre)","Plutôt d’accord","J’y suis sensible, mais je n’agis pas beaucoup","Basés sur le prix;Basés sur la qualité nutritionnelle;Basés sur l’impact environnemental;Basés sur la facilité d’accès","Soutenir les producteurs;Manger plus sainement","Un effort","Le prix;Le manque de temps","Meilleure signalétique des produits locaux;Plus d’événements ou d’animations sur l’alimentation locale;Plus d’offres en ligne / en livraison"
"2025/05/25 9:21:31 PM UTC+3","Grand Est","Ni d’accord ni pas d’accord (neutre)","Ni d’accord ni pas d’accord (neutre)","Tout à fait d’accord","Plutôt pas d'accord","Pas du tout d'accord","Plutôt pas d'accord","Pas du tout d'accord","Pas du tout d'accord","Pas du tout d'accord","Pas du tout d'accord","Pas du tout d'accord","Pas du tout d'accord","Pas du tout d'accord","Pas du tout d'accord","Pas du tout d'accord","Pas du tout d'accord","Plutôt d’accord","Plutôt d’accord","Plutôt pas d'accord","Pas du tout d'accord","Pas du tout d'accord","Plutôt d’accord","Pas du tout d'accord","Pas du tout d'accord","Plutôt pas d'accord","Pas du tout d'accord","Pas du tout d'accord","Pas du tout d'accord","Plutôt pas d'accord","Pas du tout d'accord","Plutôt pas d'accord","Pas du tout d'accord","Plutôt pas d'accord","Pas du tout d'accord","Pas du tout d'accord","Plutôt d’accord","Tout à fait d’accord","Plutôt pas d'accord","Pas du tout d'accord","Plutôt pas d'accord","Pas du tout d'accord","Pas du tout d'accord","Plutôt d’accord","Pas du tout d'accord","Plutôt d’accord","Plutôt d’accord","Plutôt d’accord","Plutôt d’accord","J’y suis sensible, mais je n’agis pas beaucoup","Basés sur le prix;Basés sur la facilité d’accès","Soutenir les producteurs;Manger plus sainement;Limiter son empreinte écologique;Réduire les intermédiaires","Une démarche que j’admire sans suivre","Le prix;Le manque de temps;Le manque d’habitude","Meilleure signalétique des produits locaux;Aides financières (chèques alimentation, épiceries solidaires…);Plus d’événements ou d’animations sur l’alimentation locale;Plus d’offres en ligne / en livraison;Plus de liens avec les producteurs (visites, témoignages…)"
"2025/05/25 9:32:20 PM UTC+3","Grand Est","Plutôt pas d'accord","Tout à fait d’accord","Plutôt d’accord","Plutôt d’accord","Plutôt d’accord","Plutôt d’accord","Plutôt d’accord","Plutôt d’accord","Plutôt pas d'accord","Plutôt d’accord","Plutôt pas d'accord","Ni d’accord ni pas d’accord (neutre)","Pas du tout d'accord","Plutôt pas d'accord","Plutôt pas d'accord","Plutôt pas d'accord","Plutôt d’accord","Plutôt d’accord","Tout à fait d’accord","Ni d’accord ni pas d’accord (neutre)","Plutôt d’accord","Ni d’accord ni pas d’accord (neutre)","Ni d’accord ni pas d’accord (neutre)","Plutôt d’accord","Plutôt d’accord","Plutôt d’accord","Plutôt d’accord","Ni d’accord ni pas d’accord (neutre)","Plutôt d’accord","Plutôt d’accord","Ni d’accord ni pas d’accord (neutre)","Plutôt d’accord","Plutôt d’accord","Plutôt d’accord","Plutôt d’accord","Plutôt d’accord","Ni d’accord ni pas d’accord (neutre)","Ni d’accord ni pas d’accord (neutre)","Plutôt pas d'accord","Pas du tout d'accord","Plutôt pas d'accord","Pas du tout d'accord","Plutôt pas d'accord","Plutôt d’accord","Plutôt d’accord","Ni d’accord ni pas d’accord (neutre)","Plutôt pas d'accord","Ni d’accord ni pas d’accord (neutre)","C’est important, mais ce n’est pas toujours simple","Basés sur le goût;Basés sur la qualité nutritionnelle;Basés sur la facilité d’accès","Soutenir les producteurs;Réduire les intermédiaires","Un effort","Le manque d’offre proche;Le manque d’habitude","Meilleure signalétique des produits locaux"
"2025/05/25 9:35:16 PM UTC+3","Nouvelle-Aquitaine","Tout à fait d’accord","Tout à fait d’accord","Plutôt d’accord","Plutôt d’accord","Tout à fait d’accord","Tout à fait d’accord","Tout à fait d’accord","Tout à fait d’accord","Ni d’accord ni pas d’accord (neutre)","Plutôt d’accord","Ni d’accord ni pas d’accord (neutre)","Tout à fait d’accord","Plutôt pas d'accord","Tout à fait d’accord","Plutôt d’accord","Plutôt d’accord","Plutôt d’accord","Plutôt d’accord","Ni d’accord ni pas d’accord (neutre)","Plutôt pas d'accord","Plutôt d’accord","Plutôt d’accord","Plutôt d’accord","Plutôt d’accord","Tout à fait d’accord","Tout à fait d’accord","Tout à fait d’accord","Plutôt pas d'accord","Tout à fait d’accord","Tout à fait d’accord","Tout à fait d’accord","Tout à fait d’accord","Plutôt d’accord","Plutôt d’accord","Plutôt d’accord","Plutôt d’accord","Plutôt d’accord","Plutôt pas d'accord","Plutôt pas d'accord","Plutôt pas d'accord","Plutôt pas d'accord","Pas du tout d'accord","Ni d’accord ni pas d’accord (neutre)","Ni d’accord ni pas d’accord (neutre)","Plutôt d’accord","Plutôt d’accord","Ni d’accord ni pas d’accord (neutre)","Plutôt d’accord","C’est important, mais ce n’est pas toujours simple","Basés sur le goût;Basés sur le prix;Basés sur l’impact environnemental","Soutenir les producteurs;Manger plus sainement;Limiter son empreinte écologique;Réduire les intermédiaires","Un réflexe","Aucun obstacle particulier","Meilleure signalétique des produits locaux;Plus d’offres en ligne / en livraison;Plus de liens avec les producteurs (visites, témoignages…)"
"2025/05/25 9:35:32 PM UTC+3","Pays de la Loire","Tout à fait d’accord","Plutôt d’accord","Plutôt d’accord","Plutôt d’accord","Plutôt d’accord","Tout à fait d’accord","Plutôt pas d'accord","Plutôt d’accord","Tout à fait d’accord","Ni d’accord ni pas d’accord (neutre)","Ni d’accord ni pas d’accord (neutre)","Tout à fait d’accord","Tout à fait d’accord","Tout à fait d’accord","Tout à fait d’accord","Ni d’accord ni pas d’accord (neutre)","Plutôt d’accord","Tout à fait d’accord","Ni d’accord ni pas d’accord (neutre)","Tout à fait d’accord","Plutôt d’accord","Tout à fait d’accord","Ni d’accord ni pas d’accord (neutre)","Ni d’accord ni pas d’accord (neutre)","Plutôt d’accord","Plutôt d’accord","Plutôt d’accord","Ni d’accord ni pas d’accord (neutre)","Ni d’accord ni pas d’accord (neutre)","Tout à fait d’accord","Tout à fait d’accord","Tout à fait d’accord","Tout à fait d’accord","Tout à fait d’accord","Plutôt d’accord","Tout à fait d’accord","Plutôt d’accord","Plutôt d’accord","Plutôt d’accord","Plutôt d’accord","Ni d’accord ni pas d’accord (neutre)","Ni d’accord ni pas d’accord (neutre)","Tout à fait d’accord","Plutôt d’accord","Tout à fait d’accord","Ni d’accord ni pas d’accord (neutre)","Tout à fait d’accord","Tout à fait d’accord","C’est important, mais ce n’est pas toujours simple","Basés sur la qualité nutritionnelle","Soutenir les producteurs;Manger plus sainement;Limiter son empreinte écologique;Réduire les intermédiaires","Un effort","Le manque d’information claire","Meilleure signalétique des produits locaux"
"2025/05/25 9:40:47 PM UTC+3","Bourgogne-Franche-Comté","Plutôt d’accord","Plutôt d’accord","Plutôt d’accord","Plutôt pas d'accord","Plutôt pas d'accord","Tout à fait d’accord","Plutôt d’accord","Ni d’accord ni pas d’accord (neutre)","Pas du tout d'accord","Plutôt pas d'accord","Pas du tout d'accord","Plutôt pas d'accord","Plutôt pas d'accord","Plutôt d’accord","Plutôt pas d'accord","Pas du tout d'accord","Plutôt pas d'accord","Plutôt d’accord","Ni d’accord ni pas d’accord (neutre)","Pas du tout d'accord","Plutôt pas d'accord","Plutôt d’accord","Plutôt pas d'accord","Pas du tout d'accord","Tout à fait d’accord","Tout à fait d’accord","Plutôt d’accord","Plutôt d’accord","Ni d’accord ni pas d’accord (neutre)","Plutôt d’accord","Ni d’accord ni pas d’accord (neutre)","Tout à fait d’accord","Ni d’accord ni pas d’accord (neutre)","Plutôt pas d'accord","Plutôt pas d'accord","Plutôt pas d'accord","Plutôt d’accord","Pas du tout d'accord","Pas du tout d'accord","Ni d’accord ni pas d’accord (neutre)","Plutôt d’accord","Pas du tout d'accord","Ni d’accord ni pas d’accord (neutre)","Plutôt pas d'accord","Plutôt d’accord","Plutôt d’accord","Plutôt d’accord","Plutôt d’accord","C’est important, mais ce n’est pas toujours simple","Basés sur le prix;Basés sur la proximité géographique;Basés sur la qualité nutritionnelle;Basés sur l’impact environnemental;Basés sur la facilité d’accès","Soutenir les producteurs;Limiter son empreinte écologique;Faire un acte politique","Un effort;Un idéal inaccessible","Le manque d’offre proche;Le manque d’information claire;Le manque d’habitude","Meilleure signalétique des produits locaux;Plus d’événements ou d’animations sur l’alimentation locale"
"2025/05/25 9:42:33 PM UTC+3","Grand Est","Pas du tout d'accord","Tout à fait d’accord","Tout à fait d’accord","Tout à fait d’accord","Tout à fait d’accord","Tout à fait d’accord","Plutôt pas d'accord","Tout à fait d’accord","Ni d’accord ni pas d’accord (neutre)","Tout à fait d’accord","Pas du tout d'accord","Plutôt d’accord","Pas du tout d'accord","Ni d’accord ni pas d’accord (neutre)","Tout à fait d’accord","Tout à fait d’accord","Tout à fait d’accord","Tout à fait d’accord","Pas du tout d'accord","Pas du tout d'accord","Plutôt d’accord","Plutôt d’accord","Tout à fait d’accord","Ni d’accord ni pas d’accord (neutre)","Tout à fait d’accord","Tout à fait d’accord","Plutôt d’accord","Pas du tout d'accord","Ni d’accord ni pas d’accord (neutre)","Plutôt d’accord","Plutôt pas d'accord","Plutôt d’accord","Plutôt d’accord","Plutôt d’accord","Ni d’accord ni pas d’accord (neutre)","Plutôt d’accord","Plutôt d’accord","Pas du tout d'accord","Pas du tout d'accord","Pas du tout d'accord","Pas du tout d'accord","Pas du tout d'accord","Tout à fait d’accord","Plutôt d’accord","Ni d’accord ni pas d’accord (neutre)","Plutôt d’accord","Plutôt d’accord","Plutôt d’accord","C’est important, mais ce n’est pas toujours simple","Basés sur le goût;Basés sur la qualité nutritionnelle","Soutenir les producteurs;Manger plus sainement;Réduire les intermédiaires","Un effort","Le manque d’information claire;Le manque de temps;Le manque d’habitude","Meilleure signalétique des produits locaux;Plus d’événements ou d’animations sur l’alimentation locale;Plus de liens avec les producteurs (visites, témoignages…)"
"2025/05/25 9:43:20 PM UTC+3","Bretagne","Tout à fait d’accord","Ni d’accord ni pas d’accord (neutre)","Plutôt d’accord","Plutôt pas d'accord","Plutôt d’accord","Tout à fait d’accord","Tout à fait d’accord","Plutôt d’accord","Plutôt pas d'accord","Plutôt d’accord","Plutôt d’accord","Ni d’accord ni pas d’accord (neutre)","Ni d’accord ni pas d’accord (neutre)","Plutôt d’accord","Ni d’accord ni pas d’accord (neutre)","Plutôt pas d'accord","Pas du tout d'accord","Plutôt d’accord","Ni d’accord ni pas d’accord (neutre)","Plutôt pas d'accord","Ni d’accord ni pas d’accord (neutre)","Plutôt d’accord","Pas du tout d'accord","Pas du tout d'accord","Tout à fait d’accord","Tout à fait d’accord","Tout à fait d’accord","Tout à fait d’accord","Tout à fait d’accord","Tout à fait d’accord","Tout à fait d’accord","Plutôt d’accord","Tout à fait d’accord","Ni d’accord ni pas d’accord (neutre)","Plutôt pas d'accord","Ni d’accord ni pas d’accord (neutre)","Plutôt d’accord","Plutôt pas d'accord","Pas du tout d'accord","Plutôt pas d'accord","Pas du tout d'accord","Pas du tout d'accord","Ni d’accord ni pas d’accord (neutre)","Pas du tout d'accord","Plutôt d’accord","Plutôt d’accord","Plutôt d’accord","Plutôt d’accord","C’est important, mais ce n’est pas toujours simple","Basés sur la proximité géographique;Basés sur l’impact environnemental","Soutenir les producteurs;Limiter son empreinte écologique","Un effort","Le manque d’habitude;Je ne sais pas où chercher","Meilleure signalétique des produits locaux"
"2025/05/25 9:43:26 PM UTC+3","Bourgogne-Franche-Comté","Ni d’accord ni pas d’accord (neutre)","Plutôt pas d'accord","Plutôt d’accord","Plutôt pas d'accord","Plutôt pas d'accord","Plutôt d’accord","Plutôt pas d'accord","Plutôt pas d'accord","Plutôt pas d'accord","Plutôt d’accord","Pas du tout d'accord","Plutôt pas d'accord","Pas du tout d'accord","Plutôt d’accord","Plutôt pas d'accord","Plutôt d’accord","Tout à fait d’accord","Tout à fait d’accord","Ni d’accord ni pas d’accord (neutre)","Plutôt pas d'accord","Plutôt pas d'accord","Plutôt d’accord","Plutôt pas d'accord","Plutôt d’accord","Ni d’accord ni pas d’accord (neutre)","Plutôt pas d'accord","Plutôt pas d'accord","Pas du tout d'accord","Plutôt d’accord","Plutôt pas d'accord","Plutôt d’accord","Plutôt d’accord","Plutôt d’accord","Plutôt pas d'accord","Plutôt pas d'accord","Plutôt d’accord","Plutôt d’accord","Pas du tout d'accord","Plutôt d’accord","Plutôt d’accord","Tout à fait d’accord","Plutôt pas d'accord","Ni d’accord ni pas d’accord (neutre)","Ni d’accord ni pas d’accord (neutre)","Tout à fait d’accord","Plutôt d’accord","Tout à fait d’accord","Tout à fait d’accord","C’est important, mais ce n’est pas toujours simple","Basés sur le prix;Basés sur la qualité nutritionnelle;Basés sur la facilité d’accès","Soutenir les producteurs;Limiter son empreinte écologique","Un effort","Le manque d’information claire;Le manque d’habitude;Je ne sais pas où chercher","Meilleure signalétique des produits locaux"
"2025/05/25 9:43:27 PM UTC+3","Bretagne","Plutôt d’accord","Plutôt pas d'accord","Plutôt d’accord","Plutôt d’accord","Plutôt d’accord","Plutôt d’accord","Tout à fait d’accord","Plutôt d’accord","Pas du tout d'accord","Plutôt pas d'accord","Plutôt pas d'accord","Plutôt pas d'accord","Plutôt d’accord","Ni d’accord ni pas d’accord (neutre)","Ni d’accord ni pas d’accord (neutre)","Ni d’accord ni pas d’accord (neutre)","Plutôt d’accord","Plutôt d’accord","Plutôt d’accord","Ni d’accord ni pas d’accord (neutre)","Plutôt d’accord","Plutôt d’accord","Ni d’accord ni pas d’accord (neutre)","Ni d’accord ni pas d’accord (neutre)","Plutôt d’accord","Plutôt d’accord","Tout à fait d’accord","Tout à fait d’accord","Tout à fait d’accord","Plutôt d’accord","Plutôt d’accord","Tout à fait d’accord","Plutôt d’accord","Ni d’accord ni pas d’accord (neutre)","Plutôt pas d'accord","Ni d’accord ni pas d’accord (neutre)","Plutôt d’accord","Plutôt pas d'accord","Plutôt d’accord","Plutôt d’accord","Plutôt d’accord","Pas du tout d'accord","Plutôt d’accord","Plutôt pas d'accord","Tout à fait d’accord","Plutôt d’accord","Tout à fait d’accord","Tout à fait d’accord","C’est important, mais ce n’est pas toujours simple","Basés sur le prix;Basés sur la proximité géographique;Basés sur la qualité nutritionnelle;Basés sur l’impact environnemental","Soutenir les producteurs;Limiter son empreinte écologique;Réduire les intermédiaires;Faire un acte politique","Un réflexe;Un effort","Le prix;Le manque d’offre proche;Le manque d’information claire","Meilleure signalétique des produits locaux;Aides financières (chèques alimentation, épiceries solidaires…);Plus d’événements ou d’animations sur l’alimentation locale;Plus d’offres en ligne / en livraison"
"2025/05/25 9:43:48 PM UTC+3","Nouvelle-Aquitaine","Plutôt d’accord","Plutôt d’accord","Plutôt d’accord","Plutôt d’accord","Plutôt d’accord","Plutôt d’accord","Ni d’accord ni pas d’accord (neutre)","Plutôt d’accord","Plutôt d’accord","Plutôt d’accord","Plutôt pas d'accord","Tout à fait d’accord","Tout à fait d’accord","Tout à fait d’accord","Tout à fait d’accord","Tout à fait d’accord","Tout à fait d’accord","Tout à fait d’accord","Plutôt d’accord","Ni d’accord ni pas d’accord (neutre)","Plutôt d’accord","Tout à fait d’accord","Tout à fait d’accord","Plutôt d’accord","Tout à fait d’accord","Tout à fait d’accord","Plutôt d’accord","Ni d’accord ni pas d’accord (neutre)","Plutôt d’accord","Plutôt d’accord","Plutôt d’accord","Plutôt pas d'accord","Tout à fait d’accord","Tout à fait d’accord","Tout à fait d’accord","Tout à fait d’accord","Tout à fait d’accord","Tout à fait d’accord","Ni d’accord ni pas d’accord (neutre)","Plutôt d’accord","Plutôt d’accord","Ni d’accord ni pas d’accord (neutre)","Tout à fait d’accord","Tout à fait d’accord","Plutôt d’accord","Ni d’accord ni pas d’accord (neutre)","Tout à fait d’accord","Plutôt d’accord","C’est central pour moi, je fais beaucoup d’efforts","Basés sur le goût;Basés sur la proximité géographique;Basés sur la qualité nutritionnelle","Soutenir les producteurs;Manger plus sainement;Réduire les intermédiaires","Un réflexe;Un idéal inaccessible","Aucun obstacle particulier","Plus d’offres en ligne / en livraison;Plus de liens avec les producteurs (visites, témoignages…)"
"2025/05/25 9:43:58 PM UTC+3","Bourgogne-Franche-Comté","Plutôt d’accord","Plutôt d’accord","Plutôt d’accord","Plutôt d’accord","Plutôt d’accord","Plutôt d’accord","Plutôt d’accord","Plutôt d’accord","Ni d’accord ni pas d’accord (neutre)","Plutôt d’accord","Ni d’accord ni pas d’accord (neutre)","Plutôt d’accord","Plutôt d’accord","Plutôt d’accord","Plutôt d’accord","Ni d’accord ni pas d’accord (neutre)","Ni d’accord ni pas d’accord (neutre)","Ni d’accord ni pas d’accord (neutre)","Ni d’accord ni pas d’accord (neutre)","Ni d’accord ni pas d’accord (neutre)","Ni d’accord ni pas d’accord (neutre)","Ni d’accord ni pas d’accord (neutre)","Ni d’accord ni pas d’accord (neutre)","Ni d’accord ni pas d’accord (neutre)","Plutôt d’accord","Plutôt d’accord","Plutôt d’accord","Ni d’accord ni pas d’accord (neutre)","Ni d’accord ni pas d’accord (neutre)","Ni d’accord ni pas d’accord (neutre)","Plutôt d’accord","Plutôt d’accord","Ni d’accord ni pas d’accord (neutre)","Ni d’accord ni pas d’accord (neutre)","Ni d’accord ni pas d’accord (neutre)","Ni d’accord ni pas d’accord (neutre)","Ni d’accord ni pas d’accord (neutre)","Ni d’accord ni pas d’accord (neutre)","Ni d’accord ni pas d’accord (neutre)","Ni d’accord ni pas d’accord (neutre)","Ni d’accord ni pas d’accord (neutre)","Ni d’accord ni pas d’accord (neutre)","Plutôt d’accord","Plutôt d’accord","Tout à fait d’accord","Tout à fait d’accord","Tout à fait d’accord","Tout à fait d’accord","C’est important, mais ce n’est pas toujours simple","Basés sur la qualité nutritionnelle;Basés sur l’impact environnemental","Manger plus sainement;Faire un acte politique","Un effort;Une démarche que j’admire sans suivre","Le manque d’offre proche;Le manque d’habitude","Aides financières (chèques alimentation, épiceries solidaires…);Plus d’événements ou d’animations sur l’alimentation locale;Plus d’offres en ligne / en livraison;Plus de liens avec les producteurs (visites, témoignages…)"
"2025/05/25 9:45:03 PM UTC+3","Nouvelle-Aquitaine","Plutôt d’accord","Plutôt d’accord","Tout à fait d’accord","Ni d’accord ni pas d’accord (neutre)","Tout à fait d’accord","Tout à fait d’accord","Tout à fait d’accord","Tout à fait d’accord","Ni d’accord ni pas d’accord (neutre)","Ni d’accord ni pas d’accord (neutre)","Pas du tout d'accord","Tout à fait d’accord","Tout à fait d’accord","Tout à fait d’accord","Plutôt d’accord","Tout à fait d’accord","Plutôt d’accord","Tout à fait d’accord","Tout à fait d’accord","Plutôt d’accord","Ni d’accord ni pas d’accord (neutre)","Tout à fait d’accord","Tout à fait d’accord","Pas du tout d'accord","Tout à fait d’accord","Tout à fait d’accord","Tout à fait d’accord","Tout à fait d’accord","Tout à fait d’accord","Tout à fait d’accord","Tout à fait d’accord","Tout à fait d’accord","Ni d’accord ni pas d’accord (neutre)","Plutôt d’accord","Plutôt d’accord","Plutôt d’accord","Tout à fait d’accord","Pas du tout d'accord","Pas du tout d'accord","Pas du tout d'accord","Plutôt pas d'accord","Tout à fait d’accord","Tout à fait d’accord","Ni d’accord ni pas d’accord (neutre)","Tout à fait d’accord","Tout à fait d’accord","Tout à fait d’accord","Tout à fait d’accord","C’est central pour moi, je fais beaucoup d’efforts","Basés sur l’impact environnemental","Limiter son empreinte écologique;Faire un acte politique","Un réflexe","Le prix;Le manque d’information claire","Meilleure signalétique des produits locaux;Aides financières (chèques alimentation, épiceries solidaires…);Plus d’événements ou d’animations sur l’alimentation locale;Plus d’offres en ligne / en livraison;Plus de liens avec les producteurs (visites, témoignages…)"
"2025/05/25 9:45:38 PM UTC+3","Bretagne","Plutôt d’accord","Pas du tout d'accord","Plutôt d’accord","Plutôt pas d'accord","Plutôt pas d'accord","Ni d’accord ni pas d’accord (neutre)","Tout à fait d’accord","Plutôt d’accord","Pas du tout d'accord","Tout à fait d’accord","Pas du tout d'accord","Plutôt pas d'accord","Pas du tout d'accord","Plutôt d’accord","Plutôt pas d'accord","Plutôt d’accord","Plutôt pas d'accord","Tout à fait d’accord","Plutôt pas d'accord","Pas du tout d'accord","Pas du tout d'accord","Pas du tout d'accord","Pas du tout d'accord","Pas du tout d'accord","Tout à fait d’accord","Tout à fait d’accord","Tout à fait d’accord","Plutôt pas d'accord","Plutôt d’accord","Plutôt d’accord","Plutôt d’accord","Tout à fait d’accord","Pas du tout d'accord","Pas du tout d'accord","Pas du tout d'accord","Plutôt d’accord","Plutôt d’accord","Pas du tout d'accord","Plutôt pas d'accord","Plutôt d’accord","Pas du tout d'accord","","Plutôt d’accord","Pas du tout d'accord","Tout à fait d’accord","Pas du tout d'accord","Tout à fait d’accord","Tout à fait d’accord","C’est important, mais ce n’est pas toujours simple","Basés sur le prix","Soutenir les producteurs;Limiter son empreinte écologique;Réduire les intermédiaires","Une démarche que j’admire sans suivre","Le prix","Aides financières (chèques alimentation, épiceries solidaires…)"
"2025/05/25 9:47:47 PM UTC+3","Nouvelle-Aquitaine","Plutôt d’accord","Plutôt pas d'accord","Plutôt d’accord","Plutôt d’accord","Plutôt pas d'accord","Plutôt d’accord","Plutôt d’accord","Plutôt pas d'accord","Pas du tout d'accord","Tout à fait d’accord","Pas du tout d'accord","Pas du tout d'accord","Pas du tout d'accord","Tout à fait d’accord","Pas du tout d'accord","Pas du tout d'accord","Ni d’accord ni pas d’accord (neutre)","Plutôt d’accord","Ni d’accord ni pas d’accord (neutre)","Plutôt pas d'accord","Pas du tout d'accord","Tout à fait d’accord","Pas du tout d'accord","Plutôt d’accord","Tout à fait d’accord","Plutôt d’accord","Plutôt d’accord","Plutôt d’accord","Plutôt d’accord","Pas du tout d'accord","Pas du tout d'accord","Plutôt d’accord","Plutôt d’accord","Pas du tout d'accord","Tout à fait d’accord","Plutôt d’accord","Plutôt d’accord","Pas du tout d'accord","Pas du tout d'accord","Pas du tout d'accord","Pas du tout d'accord","Pas du tout d'accord","Tout à fait d’accord","Pas du tout d'accord","Tout à fait d’accord","Plutôt d’accord","Plutôt d’accord","Tout à fait d’accord","C’est important, mais ce n’est pas toujours simple","Basés sur le goût;Basés sur le prix;Basés sur la qualité nutritionnelle","Soutenir les producteurs;Manger plus sainement;Limiter son empreinte écologique","Un réflexe;Un effort","Le prix;Le manque d’habitude","Aides financières (chèques alimentation, épiceries solidaires…);Plus d’offres en ligne / en livraison"
"2025/05/25 9:47:55 PM UTC+3","Nouvelle-Aquitaine","Pas du tout d'accord","Pas du tout d'accord","Pas du tout d'accord","Pas du tout d'accord","Pas du tout d'accord","Pas du tout d'accord","Pas du tout d'accord","Pas du tout d'accord","Pas du tout d'accord","Tout à fait d’accord","Pas du tout d'accord","Pas du tout d'accord","Pas du tout d'accord","Pas du tout d'accord","Pas du tout d'accord","Pas du tout d'accord","Pas du tout d'accord","Pas du tout d'accord","Pas du tout d'accord","Pas du tout d'accord","Pas du tout d'accord","Ni d’accord ni pas d’accord (neutre)","Plutôt pas d'accord","Plutôt pas d'accord","Tout à fait d’accord","Tout à fait d’accord","Tout à fait d’accord","Pas du tout d'accord","Pas du tout d'accord","Ni d’accord ni pas d’accord (neutre)","Pas du tout d'accord","Pas du tout d'accord","Ni d’accord ni pas d’accord (neutre)","Pas du tout d'accord","Pas du tout d'accord","Ni d’accord ni pas d’accord (neutre)","Tout à fait d’accord","Pas du tout d'accord","Pas du tout d'accord","Pas du tout d'accord","Pas du tout d'accord","Pas du tout d'accord","Pas du tout d'accord","Pas du tout d'accord","Ni d’accord ni pas d’accord (neutre)","Pas du tout d'accord","Tout à fait d’accord","Pas du tout d'accord","Je m’y intéresse peu ou pas","Basés sur le goût;Basés sur le prix","Aucun de ces éléments ne me motive","Une contrainte;Une mode passagère","Le prix;Le manque d’offre proche;Le manque de temps","Meilleure signalétique des produits locaux;Plus d’offres en ligne / en livraison"
"2025/05/25 9:50:25 PM UTC+3","Bourgogne-Franche-Comté","Pas du tout d'accord","Pas du tout d'accord","Plutôt d’accord","Plutôt pas d'accord","Plutôt pas d'accord","Plutôt d’accord","Plutôt d’accord","Ni d’accord ni pas d’accord (neutre)","Pas du tout d'accord","Plutôt pas d'accord","Pas du tout d'accord","Pas du tout d'accord","Pas du tout d'accord","Pas du tout d'accord","Pas du tout d'accord","Pas du tout d'accord","Plutôt d’accord","Plutôt d’accord","Pas du tout d'accord","Plutôt pas d'accord","Plutôt pas d'accord","Plutôt d’accord","Plutôt pas d'accord","Pas du tout d'accord","Plutôt d’accord","Plutôt d’accord","Plutôt d’accord","Ni d’accord ni pas d’accord (neutre)","Plutôt pas d'accord","Plutôt d’accord","Plutôt pas d'accord","Plutôt pas d'accord","Plutôt pas d'accord","Pas du tout d'accord","Pas du tout d'accord","Plutôt d’accord","Tout à fait d’accord","Pas du tout d'accord","Pas du tout d'accord","Pas du tout d'accord","Pas du tout d'accord","Pas du tout d'accord","Plutôt d’accord","Pas du tout d'accord","Tout à fait d’accord","Pas du tout d'accord","Pas du tout d'accord","Tout à fait d’accord","J’y suis sensible, mais je n’agis pas beaucoup","Basés sur le prix","Soutenir les producteurs;Manger plus sainement;Limiter son empreinte écologique","Une démarche que j’admire sans suivre","Le prix;Le manque de temps;Le manque d’habitude","Aides financières (chèques alimentation, épiceries solidaires…)"
"2025/05/25 9:53:30 PM UTC+3","Bourgogne-Franche-Comté","Plutôt d’accord","Plutôt d’accord","Tout à fait d’accord","Plutôt d’accord","Plutôt d’accord","Plutôt d’accord","Plutôt d’accord","Plutôt d’accord","Plutôt pas d'accord","Ni d’accord ni pas d’accord (neutre)","Ni d’accord ni pas d’accord (neutre)","Plutôt d’accord","Ni d’accord ni pas d’accord (neutre)","Ni d’accord ni pas d’accord (neutre)","Ni d’accord ni pas d’accord (neutre)","Ni d’accord ni pas d’accord (neutre)","Plutôt d’accord","Plutôt d’accord","Ni d’accord ni pas d’accord (neutre)","Plutôt d’accord","Ni d’accord ni pas d’accord (neutre)","Plutôt d’accord","Ni d’accord ni pas d’accord (neutre)","Ni d’accord ni pas d’accord (neutre)","Plutôt d’accord","Plutôt d’accord","Plutôt d’accord","Ni d’accord ni pas d’accord (neutre)","Ni d’accord ni pas d’accord (neutre)","Plutôt d’accord","Plutôt d’accord","Plutôt d’accord","Plutôt d’accord","Ni d’accord ni pas d’accord (neutre)","Ni d’accord ni pas d’accord (neutre)","Plutôt d’accord","Plutôt d’accord","Ni d’accord ni pas d’accord (neutre)","Ni d’accord ni pas d’accord (neutre)","Ni d’accord ni pas d’accord (neutre)","Ni d’accord ni pas d’accord (neutre)","Ni d’accord ni pas d’accord (neutre)","Plutôt d’accord","Ni d’accord ni pas d’accord (neutre)","Plutôt d’accord","Ni d’accord ni pas d’accord (neutre)","Plutôt d’accord","Plutôt d’accord","C’est important, mais ce n’est pas toujours simple","Basés sur le prix;Basés sur la proximité géographique;Basés sur l’impact environnemental","Soutenir les producteurs;Manger plus sainement;Limiter son empreinte écologique;S’ancrer dans un territoire;Réduire les intermédiaires;Faire un acte politique","Un réflexe;Un effort","Le prix","Aides financières (chèques alimentation, épiceries solidaires…)"
"2025/05/25 9:55:31 PM UTC+3","Nouvelle-Aquitaine","Plutôt d’accord","Ni d’accord ni pas d’accord (neutre)","Plutôt pas d'accord","Plutôt pas d'accord","Ni d’accord ni pas d’accord (neutre)","Plutôt d’accord","Plutôt d’accord","Ni d’accord ni pas d’accord (neutre)","Pas du tout d'accord","Ni d’accord ni pas d’accord (neutre)","Pas du tout d'accord","Pas du tout d'accord","Plutôt pas d'accord","Plutôt pas d'accord","Plutôt pas d'accord","Plutôt pas d'accord","Plutôt pas d'accord","Plutôt pas d'accord","Plutôt pas d'accord","Plutôt pas d'accord","Plutôt pas d'accord","Plutôt d’accord","Ni d’accord ni pas d’accord (neutre)","Ni d’accord ni pas d’accord (neutre)","Plutôt d’accord","Ni d’accord ni pas d’accord (neutre)","Plutôt d’accord","Plutôt pas d'accord","Ni d’accord ni pas d’accord (neutre)","Plutôt pas d'accord","Plutôt pas d'accord","Plutôt d’accord","Ni d’accord ni pas d’accord (neutre)","Ni d’accord ni pas d’accord (neutre)","Plutôt pas d'accord","Plutôt pas d'accord","Ni d’accord ni pas d’accord (neutre)","Plutôt pas d'accord","Ni d’accord ni pas d’accord (neutre)","Plutôt pas d'accord","Ni d’accord ni pas d’accord (neutre)","Ni d’accord ni pas d’accord (neutre)","Ni d’accord ni pas d’accord (neutre)","Ni d’accord ni pas d’accord (neutre)","Plutôt d’accord","Ni d’accord ni pas d’accord (neutre)","Ni d’accord ni pas d’accord (neutre)","Plutôt d’accord","J’y suis sensible, mais je n’agis pas beaucoup","Basés sur le goût;Basés sur le prix;Basés sur la proximité géographique;Basés sur la facilité d’accès","Soutenir les producteurs;Manger plus sainement;Limiter son empreinte écologique;Réduire les intermédiaires","Une contrainte","Le manque de temps;Le manque d’habitude","Meilleure signalétique des produits locaux;Plus d’événements ou d’animations sur l’alimentation locale;Plus d’offres en ligne / en livraison"
"2025/05/25 9:59:10 PM UTC+3","Bourgogne-Franche-Comté","Pas du tout d'accord","Ni d’accord ni pas d’accord (neutre)","Plutôt d’accord","Pas du tout d'accord","Ni d’accord ni pas d’accord (neutre)","Ni d’accord ni pas d’accord (neutre)","Ni d’accord ni pas d’accord (neutre)","Ni d’accord ni pas d’accord (neutre)","Pas du tout d'accord","Plutôt d’accord","Plutôt pas d'accord","Plutôt pas d'accord","Plutôt d’accord","Pas du tout d'accord","Pas du tout d'accord","Pas du tout d'accord","Pas du tout d'accord","Pas du tout d'accord","Pas du tout d'accord","Pas du tout d'accord","Plutôt d’accord","Plutôt d’accord","Plutôt d’accord","Ni d’accord ni pas d’accord (neutre)","Tout à fait d’accord","Tout à fait d’accord","Plutôt d’accord","Ni d’accord ni pas d’accord (neutre)","Plutôt d’accord","Plutôt d’accord","Plutôt d’accord","Plutôt d’accord","Plutôt pas d'accord","Pas du tout d'accord","Pas du tout d'accord","Ni d’accord ni pas d’accord (neutre)","Tout à fait d’accord","Plutôt pas d'accord","Pas du tout d'accord","Ni d’accord ni pas d’accord (neutre)","Pas du tout d'accord","Pas du tout d'accord","Plutôt pas d'accord","Pas du tout d'accord","Plutôt d’accord","Plutôt d’accord","Ni d’accord ni pas d’accord (neutre)","Plutôt d’accord","J’y suis sensible, mais je n’agis pas beaucoup","Basés sur le goût;Basés sur le prix;Basés sur l’impact environnemental;Basés sur la facilité d’accès","Aucun de ces éléments ne me motive","Un idéal inaccessible;Une démarche que j’admire sans suivre","Le prix;Le manque d’information claire;Le manque d’habitude;Je ne sais pas où chercher","Meilleure signalétique des produits locaux;Plus d’offres en ligne / en livraison;Plus de liens avec les producteurs (visites, témoignages…)"
"2025/05/25 10:01:05 PM UTC+3","Bretagne","Ni d’accord ni pas d’accord (neutre)","Ni d’accord ni pas d’accord (neutre)","Tout à fait d’accord","Plutôt d’accord","Ni d’accord ni pas d’accord (neutre)","Plutôt d’accord","Plutôt d’accord","Ni d’accord ni pas d’accord (neutre)","Ni d’accord ni pas d’accord (neutre)","Plutôt d’accord","Ni d’accord ni pas d’accord (neutre)","Ni d’accord ni pas d’accord (neutre)","Ni d’accord ni pas d’accord (neutre)","Plutôt d’accord","Ni d’accord ni pas d’accord (neutre)","Ni d’accord ni pas d’accord (neutre)","Plutôt pas d'accord","Plutôt d’accord","Tout à fait d’accord","Plutôt d’accord","Plutôt d’accord","Plutôt d’accord","Plutôt d’accord","Plutôt d’accord","Tout à fait d’accord","Tout à fait d’accord","Tout à fait d’accord","Tout à fait d’accord","Plutôt d’accord","Plutôt d’accord","Plutôt pas d'accord","Plutôt pas d'accord","Plutôt pas d'accord","Ni d’accord ni pas d’accord (neutre)","Plutôt d’accord","Plutôt pas d'accord","Plutôt d’accord","Plutôt pas d'accord","Ni d’accord ni pas d’accord (neutre)","Ni d’accord ni pas d’accord (neutre)","Plutôt d’accord","Ni d’accord ni pas d’accord (neutre)","Plutôt d’accord","Plutôt d’accord","Plutôt d’accord","Ni d’accord ni pas d’accord (neutre)","Plutôt d’accord","Plutôt d’accord","J’y suis sensible, mais je n’agis pas beaucoup","Basés sur le goût;Basés sur le prix;Basés sur la proximité géographique;Basés sur la qualité nutritionnelle;Basés sur la facilité d’accès","Soutenir les producteurs;Limiter son empreinte écologique","Un effort","Le prix;Le manque de temps;Le manque d’habitude","Meilleure signalétique des produits locaux;Plus d’événements ou d’animations sur l’alimentation locale;Plus de liens avec les producteurs (visites, témoignages…)"
"2025/05/25 10:02:49 PM UTC+3","Bretagne","Plutôt d’accord","Tout à fait d’accord","Plutôt d’accord","Plutôt d’accord","Ni d’accord ni pas d’accord (neutre)","Plutôt d’accord","Plutôt d’accord","Tout à fait d’accord","Ni d’accord ni pas d’accord (neutre)","Plutôt d’accord","Pas du tout d'accord","Pas du tout d'accord","Plutôt d’accord","Ni d’accord ni pas d’accord (neutre)","Ni d’accord ni pas d’accord (neutre)","Plutôt d’accord","Tout à fait d’accord","Tout à fait d’accord","Plutôt d’accord","Plutôt pas d'accord","Ni d’accord ni pas d’accord (neutre)","Ni d’accord ni pas d’accord (neutre)","Plutôt d’accord","Plutôt pas d'accord","Plutôt d’accord","Plutôt d’accord","Plutôt d’accord","Plutôt d’accord","Plutôt d’accord","Plutôt d’accord","Plutôt pas d'accord","Plutôt pas d'accord","Plutôt pas d'accord","Plutôt d’accord","Plutôt d’accord","Tout à fait d’accord","Plutôt d’accord","Plutôt pas d'accord","Pas du tout d'accord","Pas du tout d'accord","Tout à fait d’accord","Plutôt pas d'accord","Tout à fait d’accord","Plutôt d’accord","Plutôt d’accord","Plutôt d’accord","Plutôt d’accord","Plutôt d’accord","C’est important, mais ce n’est pas toujours simple","Basés sur le prix;Basés sur la proximité géographique;Basés sur l’impact environnemental","Soutenir les producteurs","Un réflexe","Le prix;Le manque d’information claire","Meilleure signalétique des produits locaux;Aides financières (chèques alimentation, épiceries solidaires…)"
"2025/05/25 10:04:45 PM UTC+3","Nouvelle-Aquitaine","Tout à fait d’accord","Tout à fait d’accord","Tout à fait d’accord","Tout à fait d’accord","Tout à fait d’accord","Tout à fait d’accord","Tout à fait d’accord","Tout à fait d’accord","Ni d’accord ni pas d’accord (neutre)","Plutôt d’accord","Plutôt pas d'accord","Tout à fait d’accord","Plutôt pas d'accord","Plutôt d’accord","Plutôt d’accord","Plutôt pas d'accord","Tout à fait d’accord","Tout à fait d’accord","Tout à fait d’accord","Tout à fait d’accord","Tout à fait d’accord","Tout à fait d’accord","Plutôt d’accord","Ni d’accord ni pas d’accord (neutre)","Tout à fait d’accord","Tout à fait d’accord","Tout à fait d’accord","Ni d’accord ni pas d’accord (neutre)","Tout à fait d’accord","Plutôt d’accord","Tout à fait d’accord","Tout à fait d’accord","Tout à fait d’accord","Plutôt d’accord","Plutôt d’accord","Tout à fait d’accord","Tout à fait d’accord","Plutôt d’accord","Plutôt pas d'accord","Plutôt pas d'accord","Plutôt pas d'accord","Plutôt pas d'accord","Ni d’accord ni pas d’accord (neutre)","Ni d’accord ni pas d’accord (neutre)","Tout à fait d’accord","Plutôt pas d'accord","Tout à fait d’accord","Tout à fait d’accord","C’est important, mais ce n’est pas toujours simple","Basés sur le goût;Basés sur le prix;Basés sur la proximité géographique;Basés sur l’impact environnemental","Manger plus sainement;Limiter son empreinte écologique;S’ancrer dans un territoire","Un réflexe","Le prix;Le manque de temps","Meilleure signalétique des produits locaux"
"2025/05/25 10:06:30 PM UTC+3","Nouvelle-Aquitaine","Plutôt d’accord","Ni d’accord ni pas d’accord (neutre)","Plutôt d’accord","Plutôt d’accord","Plutôt pas d'accord","Plutôt d’accord","Plutôt d’accord","Plutôt d’accord","Ni d’accord ni pas d’accord (neutre)","Plutôt d’accord","Pas du tout d'accord","Plutôt pas d'accord","Plutôt pas d'accord","Plutôt d’accord","Plutôt pas d'accord","Pas du tout d'accord","Plutôt d’accord","Ni d’accord ni pas d’accord (neutre)","Plutôt pas d'accord","Pas du tout d'accord","Plutôt pas d'accord","Plutôt d’accord","Plutôt d’accord","Plutôt pas d'accord","Tout à fait d’accord","Plutôt d’accord","Plutôt d’accord","Plutôt d’accord","Plutôt d’accord","Plutôt d’accord","Plutôt pas d'accord","Ni d’accord ni pas d’accord (neutre)","Ni d’accord ni pas d’accord (neutre)","Plutôt pas d'accord","Plutôt pas d'accord","Plutôt d’accord","Plutôt d’accord","Pas du tout d'accord","Pas du tout d'accord","Tout à fait d’accord","Pas du tout d'accord","Pas du tout d'accord","Tout à fait d’accord","Ni d’accord ni pas d’accord (neutre)","Ni d’accord ni pas d’accord (neutre)","Pas du tout d'accord","Ni d’accord ni pas d’accord (neutre)","Plutôt d’accord","J’y suis sensible, mais je n’agis pas beaucoup","Basés sur le goût;Basés sur le prix;Basés sur la proximité géographique;Basés sur la facilité d’accès","Soutenir les producteurs;Manger plus sainement;Limiter son empreinte écologique;S’ancrer dans un territoire;Réduire les intermédiaires","Un effort","Le manque de temps;Le manque d’habitude","Plus d’offres en ligne / en livraison;Plus de liens avec les producteurs (visites, témoignages…)"
"2025/05/25 10:08:42 PM UTC+3","Pays de la Loire","Plutôt d’accord","Ni d’accord ni pas d’accord (neutre)","Plutôt d’accord","Plutôt pas d'accord","Plutôt pas d'accord","Plutôt pas d'accord","Plutôt pas d'accord","Ni d’accord ni pas d’accord (neutre)","Plutôt pas d'accord","Ni d’accord ni pas d’accord (neutre)","Pas du tout d'accord","Pas du tout d'accord","Pas du tout d'accord","Pas du tout d'accord","Pas du tout d'accord","Pas du tout d'accord","Ni d’accord ni pas d’accord (neutre)","Ni d’accord ni pas d’accord (neutre)","Ni d’accord ni pas d’accord (neutre)","Pas du tout d'accord","Pas du tout d'accord","Pas du tout d'accord","Ni d’accord ni pas d’accord (neutre)","Ni d’accord ni pas d’accord (neutre)","Ni d’accord ni pas d’accord (neutre)","Ni d’accord ni pas d’accord (neutre)","Ni d’accord ni pas d’accord (neutre)","Ni d’accord ni pas d’accord (neutre)","Ni d’accord ni pas d’accord (neutre)","Tout à fait d’accord","Pas du tout d'accord","Plutôt pas d'accord","Pas du tout d'accord","Pas du tout d'accord","Pas du tout d'accord","Ni d’accord ni pas d’accord (neutre)","Tout à fait d’accord","Ni d’accord ni pas d’accord (neutre)","Ni d’accord ni pas d’accord (neutre)","Ni d’accord ni pas d’accord (neutre)","Ni d’accord ni pas d’accord (neutre)","Pas du tout d'accord","Pas du tout d'accord","Pas du tout d'accord","Plutôt d’accord","Ni d’accord ni pas d’accord (neutre)","Plutôt pas d'accord","Plutôt pas d'accord","J’y suis sensible, mais je n’agis pas beaucoup","Basés sur le prix","Soutenir les producteurs;Manger plus sainement;Limiter son empreinte écologique;S’ancrer dans un territoire","Un idéal inaccessible;Une démarche que j’admire sans suivre","Le prix;Le manque d’information claire;Le manque de temps;Le manque d’habitude","Aides financières (chèques alimentation, épiceries solidaires…);Plus d’événements ou d’animations sur l’alimentation locale;Plus de liens avec les producteurs (visites, témoignages…)"
"2025/05/25 10:14:00 PM UTC+3","Grand Est","Plutôt d’accord","Tout à fait d’accord","Plutôt d’accord","Plutôt d’accord","Plutôt d’accord","Plutôt d’accord","Plutôt d’accord","Plutôt d’accord","Ni d’accord ni pas d’accord (neutre)","Plutôt d’accord","Ni d’accord ni pas d’accord (neutre)","Plutôt d’accord","Plutôt d’accord","Plutôt d’accord","Plutôt d’accord","Plutôt d’accord","Plutôt d’accord","Ni d’accord ni pas d’accord (neutre)","Ni d’accord ni pas d’accord (neutre)","Ni d’accord ni pas d’accord (neutre)","Plutôt d’accord","Plutôt d’accord","Plutôt d’accord","Ni d’accord ni pas d’accord (neutre)","Tout à fait d’accord","Plutôt d’accord","Plutôt d’accord","Ni d’accord ni pas d’accord (neutre)","Plutôt d’accord","Plutôt d’accord","Plutôt d’accord","Plutôt d’accord","Plutôt d’accord","Plutôt pas d'accord","Plutôt pas d'accord","Plutôt d’accord","Plutôt d’accord","Pas du tout d'accord","Pas du tout d'accord","Ni d’accord ni pas d’accord (neutre)","Ni d’accord ni pas d’accord (neutre)","Pas du tout d'accord","Ni d’accord ni pas d’accord (neutre)","Ni d’accord ni pas d’accord (neutre)","Ni d’accord ni pas d’accord (neutre)","Ni d’accord ni pas d’accord (neutre)","Tout à fait d’accord","Tout à fait d’accord","C’est important, mais ce n’est pas toujours simple","Basés sur le goût;Basés sur le prix;Basés sur la proximité géographique","Soutenir les producteurs;Manger plus sainement;Limiter son empreinte écologique","Un effort;Un idéal inaccessible","Le prix;Le manque de temps","Meilleure signalétique des produits locaux"
"2025/05/25 10:22:04 PM UTC+3","Nouvelle-Aquitaine","Tout à fait d’accord","Plutôt d’accord","Plutôt d’accord","Plutôt d’accord","Tout à fait d’accord","Tout à fait d’accord","Tout à fait d’accord","Tout à fait d’accord","Plutôt d’accord","Tout à fait d’accord","Plutôt d’accord","Tout à fait d’accord","Plutôt d’accord","Tout à fait d’accord","Tout à fait d’accord","Plutôt d’accord","Tout à fait d’accord","Plutôt d’accord","Plutôt d’accord","Tout à fait d’accord","Tout à fait d’accord","Tout à fait d’accord","Tout à fait d’accord","Plutôt d’accord","Tout à fait d’accord","Tout à fait d’accord","Tout à fait d’accord","Ni d’accord ni pas d’accord (neutre)","Ni d’accord ni pas d’accord (neutre)","Plutôt d’accord","Plutôt d’accord","Plutôt d’accord","Plutôt d’accord","Ni d’accord ni pas d’accord (neutre)","Tout à fait d’accord","Tout à fait d’accord","Tout à fait d’accord","Ni d’accord ni pas d’accord (neutre)","Tout à fait d’accord","Plutôt d’accord","Tout à fait d’accord","Ni d’accord ni pas d’accord (neutre)","Tout à fait d’accord","Tout à fait d’accord","Tout à fait d’accord","Tout à fait d’accord","Tout à fait d’accord","Tout à fait d’accord","C’est important, mais ce n’est pas toujours simple","Basés sur le goût","Manger plus sainement","Un réflexe;Un effort","Le prix;Le manque d’information claire","Meilleure signalétique des produits locaux;Aides financières (chèques alimentation, épiceries solidaires…);Plus d’événements ou d’animations sur l’alimentation locale"
"2025/05/25 10:23:10 PM UTC+3","Bretagne","Ni d’accord ni pas d’accord (neutre)","Plutôt d’accord","Plutôt pas d'accord","Pas du tout d'accord","Pas du tout d'accord","Plutôt d’accord","Ni d’accord ni pas d’accord (neutre)","Plutôt d’accord","Plutôt pas d'accord","Plutôt pas d'accord","Pas du tout d'accord","Pas du tout d'accord","Plutôt pas d'accord","Plutôt pas d'accord","Pas du tout d'accord","Pas du tout d'accord","Pas du tout d'accord","Plutôt pas d'accord","Plutôt d’accord","Plutôt pas d'accord","Plutôt d’accord","Plutôt pas d'accord","Plutôt pas d'accord","Pas du tout d'accord","Ni d’accord ni pas d’accord (neutre)","Ni d’accord ni pas d’accord (neutre)","Plutôt d’accord","Plutôt pas d'accord","Plutôt d’accord","Ni d’accord ni pas d’accord (neutre)","Plutôt d’accord","Tout à fait d’accord","Ni d’accord ni pas d’accord (neutre)","Plutôt d’accord","Plutôt pas d'accord","Plutôt pas d'accord","Plutôt d’accord","Plutôt pas d'accord","Plutôt pas d'accord","Ni d’accord ni pas d’accord (neutre)","Pas du tout d'accord","Pas du tout d'accord","Plutôt d’accord","Ni d’accord ni pas d’accord (neutre)","Plutôt d’accord","Plutôt pas d'accord","Ni d’accord ni pas d’accord (neutre)","Plutôt d’accord","J’y suis sensible, mais je n’agis pas beaucoup","Basés sur le goût;Basés sur le prix;Basés sur la qualité nutritionnelle;Basés sur l’impact environnemental","Soutenir les producteurs;Manger plus sainement;Limiter son empreinte écologique","Un réflexe;Une démarche que j’admire sans suivre","Le prix;Le manque de temps;Le manque d’habitude","Aides financières (chèques alimentation, épiceries solidaires…);Plus d’offres en ligne / en livraison"
"2025/05/25 10:30:55 PM UTC+3","Bretagne","Plutôt d’accord","Ni d’accord ni pas d’accord (neutre)","Tout à fait d’accord","Plutôt d’accord","Plutôt d’accord","Plutôt d’accord","Plutôt d’accord","Ni d’accord ni pas d’accord (neutre)","Plutôt d’accord","Plutôt d’accord","Ni d’accord ni pas d’accord (neutre)","Plutôt d’accord","Plutôt d’accord","Plutôt d’accord","Plutôt d’accord","Plutôt d’accord","Plutôt d’accord","Plutôt d’accord","Plutôt d’accord","Ni d’accord ni pas d’accord (neutre)","Plutôt d’accord","Plutôt d’accord","Tout à fait d’accord","Tout à fait d’accord","Tout à fait d’accord","Tout à fait d’accord","Tout à fait d’accord","Pas du tout d'accord","Tout à fait d’accord","Plutôt d’accord","Plutôt d’accord","Tout à fait d’accord","Plutôt d’accord","Tout à fait d’accord","Tout à fait d’accord","Tout à fait d’accord","Plutôt pas d'accord","Plutôt pas d'accord","Tout à fait d’accord","Tout à fait d’accord","Tout à fait d’accord","Tout à fait d’accord","Tout à fait d’accord","Tout à fait d’accord","Tout à fait d’accord","Tout à fait d’accord","Tout à fait d’accord","Tout à fait d’accord","C’est central pour moi, je fais beaucoup d’efforts","Basés sur le prix;Basés sur la qualité nutritionnelle;Basés sur l’impact environnemental","Soutenir les producteurs;Manger plus sainement;Limiter son empreinte écologique;Faire un acte politique","Un réflexe","Le manque de temps;Le manque d’habitude","Aides financières (chèques alimentation, épiceries solidaires…);Plus d’événements ou d’animations sur l’alimentation locale;Plus de liens avec les producteurs (visites, témoignages…)"
"2025/05/25 10:58:05 PM UTC+3","Bretagne","Tout à fait d’accord","Tout à fait d’accord","Tout à fait d’accord","Plutôt d’accord","Tout à fait d’accord","Ni d’accord ni pas d’accord (neutre)","Tout à fait d’accord","Tout à fait d’accord","Plutôt d’accord","Tout à fait d’accord","Pas du tout d'accord","Tout à fait d’accord","Ni d’accord ni pas d’accord (neutre)","Tout à fait d’accord","Plutôt d’accord","Ni d’accord ni pas d’accord (neutre)","Tout à fait d’accord","Tout à fait d’accord","Tout à fait d’accord","Tout à fait d’accord","Tout à fait d’accord","Tout à fait d’accord","Tout à fait d’accord","Ni d’accord ni pas d’accord (neutre)","Tout à fait d’accord","Tout à fait d’accord","Tout à fait d’accord","Tout à fait d’accord","Tout à fait d’accord","Tout à fait d’accord","Tout à fait d’accord","Tout à fait d’accord","Plutôt d’accord","Ni d’accord ni pas d’accord (neutre)","Tout à fait d’accord","Tout à fait d’accord","Tout à fait d’accord","Ni d’accord ni pas d’accord (neutre)","Ni d’accord ni pas d’accord (neutre)","Tout à fait d’accord","Ni d’accord ni pas d’accord (neutre)","Ni d’accord ni pas d’accord (neutre)","Tout à fait d’accord","Tout à fait d’accord","Tout à fait d’accord","Tout à fait d’accord","Tout à fait d’accord","Tout à fait d’accord","C’est central pour moi, je fais beaucoup d’efforts","Basés sur le goût;Basés sur le prix;Basés sur la proximité géographique;Basés sur la qualité nutritionnelle;Basés sur l’impact environnemental","Soutenir les producteurs;Manger plus sainement;Limiter son empreinte écologique;S’ancrer dans un territoire;Réduire les intermédiaires;Faire un acte politique","Un réflexe","Aucun obstacle particulier","Plus de liens avec les producteurs (visites, témoignages…)"
"2025/05/25 11:01:38 PM UTC+3","Auvergne-Rhône-Alpes","Plutôt pas d'accord","Pas du tout d'accord","Plutôt d’accord","Plutôt pas d'accord","Plutôt pas d'accord","Plutôt pas d'accord","Ni d’accord ni pas d’accord (neutre)","Pas du tout d'accord","Pas du tout d'accord","Pas du tout d'accord","Pas du tout d'accord","Pas du tout d'accord","Pas du tout d'accord","Pas du tout d'accord","Pas du tout d'accord","Pas du tout d'accord","Plutôt pas d'accord","Plutôt d’accord","Plutôt pas d'accord","Pas du tout d'accord","Pas du tout d'accord","Pas du tout d'accord","Pas du tout d'accord","Pas du tout d'accord","Plutôt d’accord","Plutôt d’accord","Plutôt d’accord","Plutôt d’accord","Plutôt d’accord","Plutôt d’accord","Ni d’accord ni pas d’accord (neutre)","Tout à fait d’accord","Plutôt pas d'accord","Plutôt pas d'accord","Plutôt pas d'accord","Plutôt pas d'accord","Plutôt d’accord","Pas du tout d'accord","Pas du tout d'accord","Pas du tout d'accord","Pas du tout d'accord","Pas du tout d'accord","Plutôt d’accord","Pas du tout d'accord","Tout à fait d’accord","Ni d’accord ni pas d’accord (neutre)","Plutôt d’accord","Plutôt d’accord","J’y suis sensible, mais je n’agis pas beaucoup","Basés sur le prix;Basés sur la qualité nutritionnelle","Soutenir les producteurs;Limiter son empreinte écologique","Une démarche que j’admire sans suivre","Le prix","Meilleure signalétique des produits locaux;Aides financières (chèques alimentation, épiceries solidaires…)"
"2025/05/25 11:15:08 PM UTC+3","Pays de la Loire","Ni d’accord ni pas d’accord (neutre)","Plutôt pas d'accord","Plutôt d’accord","Plutôt d’accord","Ni d’accord ni pas d’accord (neutre)","Tout à fait d’accord","Tout à fait d’accord","Tout à fait d’accord","Ni d’accord ni pas d’accord (neutre)","Plutôt d’accord","Plutôt d’accord","Ni d’accord ni pas d’accord (neutre)","Pas du tout d'accord","Plutôt pas d'accord","Ni d’accord ni pas d’accord (neutre)","Ni d’accord ni pas d’accord (neutre)","Plutôt d’accord","Plutôt d’accord","Plutôt pas d'accord","Pas du tout d'accord","Plutôt pas d'accord","Ni d’accord ni pas d’accord (neutre)","Plutôt d’accord","Pas du tout d'accord","Tout à fait d’accord","Tout à fait d’accord","Tout à fait d’accord","Ni d’accord ni pas d’accord (neutre)","Pas du tout d'accord","Plutôt pas d'accord","Ni d’accord ni pas d’accord (neutre)","Ni d’accord ni pas d’accord (neutre)","Ni d’accord ni pas d’accord (neutre)","Plutôt pas d'accord","Pas du tout d'accord","Plutôt d’accord","Plutôt d’accord","Pas du tout d'accord","Pas du tout d'accord","Pas du tout d'accord","Pas du tout d'accord","Pas du tout d'accord","Pas du tout d'accord","Pas du tout d'accord","Ni d’accord ni pas d’accord (neutre)","Pas du tout d'accord","Ni d’accord ni pas d’accord (neutre)","Plutôt d’accord","J’y suis sensible, mais je n’agis pas beaucoup","Basés sur le goût;Basés sur le prix;Basés sur la proximité géographique;Basés sur la qualité nutritionnelle","Soutenir les producteurs;Manger plus sainement","Un effort","Le manque de temps;Le manque d’habitude","Plus d’offres en ligne / en livraison;Plus de liens avec les producteurs (visites, témoignages…)"
"2025/05/25 11:15:10 PM UTC+3","Bretagne","Ni d’accord ni pas d’accord (neutre)","Ni d’accord ni pas d’accord (neutre)","Plutôt d’accord","Ni d’accord ni pas d’accord (neutre)","Ni d’accord ni pas d’accord (neutre)","Ni d’accord ni pas d’accord (neutre)","Tout à fait d’accord","Ni d’accord ni pas d’accord (neutre)","Plutôt d’accord","Tout à fait d’accord","Pas du tout d'accord","Plutôt d’accord","Plutôt d’accord","Tout à fait d’accord","Ni d’accord ni pas d’accord (neutre)","Tout à fait d’accord","Tout à fait d’accord","Plutôt d’accord","Plutôt d’accord","Plutôt d’accord","Plutôt d’accord","Plutôt d’accord","Tout à fait d’accord","Plutôt d’accord","Tout à fait d’accord","Plutôt d’accord","Tout à fait d’accord","Plutôt d’accord","Plutôt d’accord","Plutôt d’accord","Plutôt d’accord","Tout à fait d’accord","Plutôt pas d'accord","Plutôt d’accord","Plutôt d’accord","Plutôt d’accord","Plutôt d’accord","Tout à fait d’accord","Ni d’accord ni pas d’accord (neutre)","Plutôt d’accord","Plutôt d’accord","Plutôt d’accord","Plutôt d’accord","Tout à fait d’accord","Tout à fait d’accord","Plutôt d’accord","Tout à fait d’accord","Tout à fait d’accord","C’est important, mais ce n’est pas toujours simple","Basés sur le goût;Basés sur le prix;Basés sur la proximité géographique;Basés sur l’impact environnemental;Basés sur la facilité d’accès","Soutenir les producteurs;Limiter son empreinte écologique;S’ancrer dans un territoire;Faire un acte politique","Un effort","Le prix;Le manque de temps","Aides financières (chèques alimentation, épiceries solidaires…)"
"2025/05/25 11:19:11 PM UTC+3","Nouvelle-Aquitaine","Plutôt d’accord","Tout à fait d’accord","Plutôt d’accord","Plutôt d’accord","Tout à fait d’accord","Tout à fait d’accord","Tout à fait d’accord","Tout à fait d’accord","Ni d’accord ni pas d’accord (neutre)","Ni d’accord ni pas d’accord (neutre)","Pas du tout d'accord","Plutôt d’accord","Pas du tout d'accord","Tout à fait d’accord","Ni d’accord ni pas d’accord (neutre)","Tout à fait d’accord","Tout à fait d’accord","Tout à fait d’accord","Plutôt d’accord","Plutôt d’accord","Plutôt d’accord","Tout à fait d’accord","Tout à fait d’accord","Ni d’accord ni pas d’accord (neutre)","Tout à fait d’accord","Tout à fait d’accord","Tout à fait d’accord","Ni d’accord ni pas d’accord (neutre)","Tout à fait d’accord","Tout à fait d’accord","Ni d’accord ni pas d’accord (neutre)","Tout à fait d’accord","Tout à fait d’accord","Plutôt d’accord","Plutôt d’accord","Tout à fait d’accord","Ni d’accord ni pas d’accord (neutre)","Ni d’accord ni pas d’accord (neutre)","Pas du tout d'accord","Pas du tout d'accord","Plutôt pas d'accord","Pas du tout d'accord","Tout à fait d’accord","Tout à fait d’accord","Tout à fait d’accord","Tout à fait d’accord","Tout à fait d’accord","Tout à fait d’accord","C’est important, mais ce n’est pas toujours simple","Basés sur le goût;Basés sur la proximité géographique;Basés sur la qualité nutritionnelle","Soutenir les producteurs;Manger plus sainement;Limiter son empreinte écologique;S’ancrer dans un territoire","Un réflexe","Aucun obstacle particulier","Meilleure signalétique des produits locaux"
"2025/05/25 11:19:18 PM UTC+3","Bretagne","Ni d’accord ni pas d’accord (neutre)","Plutôt pas d'accord","Tout à fait d’accord","Pas du tout d'accord","Pas du tout d'accord","Pas du tout d'accord","Pas du tout d'accord","Pas du tout d'accord","Pas du tout d'accord","Pas du tout d'accord","Pas du tout d'accord","Pas du tout d'accord","Pas du tout d'accord","Pas du tout d'accord","Pas du tout d'accord","Plutôt pas d'accord","Pas du tout d'accord","Plutôt pas d'accord","Ni d’accord ni pas d’accord (neutre)","Pas du tout d'accord","Pas du tout d'accord","Pas du tout d'accord","Pas du tout d'accord","Pas du tout d'accord","Ni d’accord ni pas d’accord (neutre)","Plutôt pas d'accord","Pas du tout d'accord","Pas du tout d'accord","Pas du tout d'accord","Pas du tout d'accord","Plutôt pas d'accord","Pas du tout d'accord","Ni d’accord ni pas d’accord (neutre)","Pas du tout d'accord","Pas du tout d'accord","Ni d’accord ni pas d’accord (neutre)","Tout à fait d’accord","Pas du tout d'accord","Pas du tout d'accord","Pas du tout d'accord","Pas du tout d'accord","Pas du tout d'accord","Pas du tout d'accord","Pas du tout d'accord","Ni d’accord ni pas d’accord (neutre)","Pas du tout d'accord","Ni d’accord ni pas d’accord (neutre)","Plutôt d’accord","Je m’y intéresse peu ou pas","Basés sur le goût;Basés sur le prix;Basés sur la proximité géographique;Basés sur la qualité nutritionnelle","Soutenir les producteurs;Limiter son empreinte écologique;Aucun de ces éléments ne me motive; prix et  proximité passe en premier","Un effort;Une démarche que j’admire sans suivre","Le prix;Le manque d’offre proche;Le manque de temps","Aides financières (chèques alimentation, épiceries solidaires…);Plus d’offres en ligne / en livraison"
"2025/05/25 11:23:59 PM UTC+3","Normandie","Tout à fait d’accord","Tout à fait d’accord","Plutôt d’accord","Tout à fait d’accord","Tout à fait d’accord","Tout à fait d’accord","Plutôt pas d'accord","Tout à fait d’accord","Tout à fait d’accord","Tout à fait d’accord","Pas du tout d'accord","Tout à fait d’accord","Tout à fait d’accord","Tout à fait d’accord","Plutôt d’accord","Tout à fait d’accord","Tout à fait d’accord","Plutôt d’accord","Tout à fait d’accord","Plutôt pas d'accord","Plutôt d’accord","Tout à fait d’accord","Tout à fait d’accord","Tout à fait d’accord","Tout à fait d’accord","Plutôt d’accord","Plutôt d’accord","Plutôt d’accord","Tout à fait d’accord","Tout à fait d’accord","Tout à fait d’accord","Tout à fait d’accord","Tout à fait d’accord","Tout à fait d’accord","Tout à fait d’accord","Tout à fait d’accord","Plutôt d’accord","Plutôt pas d'accord","Pas du tout d'accord","Ni d’accord ni pas d’accord (neutre)","Tout à fait d’accord","Pas du tout d'accord","Tout à fait d’accord","Tout à fait d’accord","Tout à fait d’accord","Plutôt d’accord","Ni d’accord ni pas d’accord (neutre)","Plutôt d’accord","C’est central pour moi, je fais beaucoup d’efforts","Basés sur le goût;Basés sur le prix;Basés sur la proximité géographique;Basés sur la qualité nutritionnelle;Basés sur l’impact environnemental","Soutenir les producteurs;Manger plus sainement;Limiter son empreinte écologique;Réduire les intermédiaires","Un réflexe","Aucun obstacle particulier","Rien de tout cela / je ne souhaite pas changer"
"2025/05/25 11:31:36 PM UTC+3","Grand Est","Plutôt d’accord","Plutôt d’accord","Ni d’accord ni pas d’accord (neutre)","Plutôt d’accord","Tout à fait d’accord","Tout à fait d’accord","Plutôt d’accord","Ni d’accord ni pas d’accord (neutre)","Plutôt pas d'accord","Ni d’accord ni pas d’accord (neutre)","Ni d’accord ni pas d’accord (neutre)","Ni d’accord ni pas d’accord (neutre)","Plutôt d’accord","Ni d’accord ni pas d’accord (neutre)","Ni d’accord ni pas d’accord (neutre)","Plutôt d’accord","Ni d’accord ni pas d’accord (neutre)","Ni d’accord ni pas d’accord (neutre)","Ni d’accord ni pas d’accord (neutre)","Plutôt pas d'accord","Ni d’accord ni pas d’accord (neutre)","Plutôt d’accord","Plutôt d’accord","Plutôt pas d'accord","Tout à fait d’accord","Tout à fait d’accord","Tout à fait d’accord","Tout à fait d’accord","Tout à fait d’accord","Ni d’accord ni pas d’accord (neutre)","Plutôt d’accord","Tout à fait d’accord","Plutôt d’accord","Plutôt d’accord","Plutôt pas d'accord","Ni d’accord ni pas d’accord (neutre)","Plutôt d’accord","Ni d’accord ni pas d’accord (neutre)","Pas du tout d'accord","Tout à fait d’accord","Plutôt pas d'accord","Plutôt pas d'accord","Ni d’accord ni pas d’accord (neutre)","Ni d’accord ni pas d’accord (neutre)","Ni d’accord ni pas d’accord (neutre)","Plutôt d’accord","Ni d’accord ni pas d’accord (neutre)","Plutôt d’accord","C’est important, mais ce n’est pas toujours simple","Basés sur le prix;Basés sur la proximité géographique;Basés sur la qualité nutritionnelle","Soutenir les producteurs;Limiter son empreinte écologique","Un effort","Le prix;Le manque d’offre proche;Le manque d’information claire;Le manque de temps;Le manque d’habitude;Je ne sais pas où chercher","Aides financières (chèques alimentation, épiceries solidaires…);Plus d’événements ou d’animations sur l’alimentation locale"
"2025/05/25 11:31:37 PM UTC+3","Pays de la Loire","Plutôt d’accord","Ni d’accord ni pas d’accord (neutre)","Ni d’accord ni pas d’accord (neutre)","Plutôt d’accord","Plutôt d’accord","Tout à fait d’accord","Plutôt d’accord","Tout à fait d’accord","Tout à fait d’accord","Tout à fait d’accord","Ni d’accord ni pas d’accord (neutre)","Plutôt d’accord","Plutôt d’accord","Tout à fait d’accord","Tout à fait d’accord","Tout à fait d’accord","Tout à fait d’accord","Ni d’accord ni pas d’accord (neutre)","Plutôt pas d'accord","Pas du tout d'accord","Plutôt pas d'accord","Tout à fait d’accord","Plutôt d’accord","Pas du tout d'accord","Plutôt d’accord","Plutôt d’accord","Plutôt d’accord","Ni d’accord ni pas d’accord (neutre)","Ni d’accord ni pas d’accord (neutre)","Plutôt d’accord","Plutôt d’accord","Plutôt d’accord","Plutôt d’accord","Ni d’accord ni pas d’accord (neutre)","Ni d’accord ni pas d’accord (neutre)","Plutôt d’accord","Ni d’accord ni pas d’accord (neutre)","Plutôt pas d'accord","Plutôt pas d'accord","Pas du tout d'accord","Plutôt pas d'accord","Pas du tout d'accord","Tout à fait d’accord","Ni d’accord ni pas d’accord (neutre)","Ni d’accord ni pas d’accord (neutre)","Ni d’accord ni pas d’accord (neutre)","Tout à fait d’accord","Tout à fait d’accord","C’est important, mais ce n’est pas toujours simple","Basés sur le goût;Basés sur la proximité géographique;Basés sur la facilité d’accès","Soutenir les producteurs;Manger plus sainement;S’ancrer dans un territoire;Réduire les intermédiaires","Un réflexe;Un effort","Le manque de temps;Le manque d’habitude","Plus d’événements ou d’animations sur l’alimentation locale;Plus de liens avec les producteurs (visites, témoignages…)"
"2025/05/25 11:37:20 PM UTC+3","Occitanie","Plutôt d’accord","Plutôt d’accord","Tout à fait d’accord","Tout à fait d’accord","Plutôt d’accord","Plutôt d’accord","Tout à fait d’accord","Tout à fait d’accord","Plutôt d’accord","Tout à fait d’accord","Tout à fait d’accord","Tout à fait d’accord","Tout à fait d’accord","Ni d’accord ni pas d’accord (neutre)","Plutôt d’accord","Plutôt d’accord","Plutôt pas d'accord","Plutôt d’accord","Plutôt d’accord","Tout à fait d’accord","Plutôt d’accord","Tout à fait d’accord","Tout à fait d’accord","Pas du tout d'accord","Tout à fait d’accord","Tout à fait d’accord","Tout à fait d’accord","Tout à fait d’accord","Tout à fait d’accord","Tout à fait d’accord","Plutôt d’accord","Tout à fait d’accord","Plutôt pas d'accord","Plutôt d’accord","Plutôt d’accord","Plutôt d’accord","Plutôt d’accord","Tout à fait d’accord","Tout à fait d’accord","Tout à fait d’accord","Plutôt pas d'accord","Tout à fait d’accord","Tout à fait d’accord","Plutôt d’accord","Tout à fait d’accord","Tout à fait d’accord","Tout à fait d’accord","Tout à fait d’accord","C’est important, mais ce n’est pas toujours simple","Basés sur le goût;Basés sur le prix;Basés sur la qualité nutritionnelle;Basés sur l’impact environnemental","Soutenir les producteurs;Limiter son empreinte écologique","Un effort","Le prix","Aides financières (chèques alimentation, épiceries solidaires…);Plus de liens avec les producteurs (visites, témoignages…)"
"2025/05/25 11:40:15 PM UTC+3","Pays de la Loire","Plutôt d’accord","Tout à fait d’accord","Ni d’accord ni pas d’accord (neutre)","Ni d’accord ni pas d’accord (neutre)","Ni d’accord ni pas d’accord (neutre)","Ni d’accord ni pas d’accord (neutre)","Plutôt d’accord","Plutôt d’accord","Tout à fait d’accord","Tout à fait d’accord","Pas du tout d'accord","Ni d’accord ni pas d’accord (neutre)","Ni d’accord ni pas d’accord (neutre)","Ni d’accord ni pas d’accord (neutre)","Ni d’accord ni pas d’accord (neutre)","Plutôt pas d'accord","Plutôt pas d'accord","Plutôt pas d'accord","Plutôt d’accord","Plutôt d’accord","Plutôt d’accord","Plutôt d’accord","Plutôt d’accord","Plutôt d’accord","Tout à fait d’accord","Tout à fait d’accord","Plutôt d’accord","Plutôt d’accord","Ni d’accord ni pas d’accord (neutre)","Ni d’accord ni pas d’accord (neutre)","Plutôt pas d'accord","Pas du tout d'accord","Plutôt pas d'accord","Ni d’accord ni pas d’accord (neutre)","Ni d’accord ni pas d’accord (neutre)","Tout à fait d’accord","Tout à fait d’accord","Pas du tout d'accord","Pas du tout d'accord","Pas du tout d'accord","Ni d’accord ni pas d’accord (neutre)","Pas du tout d'accord","Plutôt d’accord","Plutôt d’accord","Plutôt d’accord","Tout à fait d’accord","Tout à fait d’accord","Tout à fait d’accord","C’est important, mais ce n’est pas toujours simple","Basés sur le goût;Basés sur le prix;Basés sur la proximité géographique","Soutenir les producteurs;Manger plus sainement;Réduire les intermédiaires","Un réflexe","Le prix;Le manque d’offre proche","Meilleure signalétique des produits locaux;Aides financières (chèques alimentation, épiceries solidaires…)"
"2025/05/25 11:46:12 PM UTC+3","Pays de la Loire","Plutôt d’accord","Ni d’accord ni pas d’accord (neutre)","Plutôt d’accord","Plutôt d’accord","Ni d’accord ni pas d’accord (neutre)","Plutôt d’accord","Plutôt d’accord","Plutôt pas d'accord","Pas du tout d'accord","Pas du tout d'accord","Pas du tout d'accord","Pas du tout d'accord","Pas du tout d'accord","Pas du tout d'accord","Pas du tout d'accord","Pas du tout d'accord","Plutôt d’accord","Plutôt d’accord","Pas du tout d'accord","Plutôt pas d'accord","Pas du tout d'accord","Ni d’accord ni pas d’accord (neutre)","Plutôt d’accord","Pas du tout d'accord","Plutôt d’accord","Plutôt d’accord","Tout à fait d’accord","Plutôt d’accord","Plutôt pas d'accord","Plutôt pas d'accord","Plutôt pas d'accord","Plutôt pas d'accord","Plutôt pas d'accord","Pas du tout d'accord","Pas du tout d'accord","Ni d’accord ni pas d’accord (neutre)","Plutôt d’accord","Plutôt pas d'accord","Pas du tout d'accord","Pas du tout d'accord","Pas du tout d'accord","Pas du tout d'accord","Ni d’accord ni pas d’accord (neutre)","Pas du tout d'accord","Plutôt d’accord","Pas du tout d'accord","Ni d’accord ni pas d’accord (neutre)","Ni d’accord ni pas d’accord (neutre)","J’y suis sensible, mais je n’agis pas beaucoup","Basés sur le goût;Basés sur le prix;Basés sur la facilité d’accès","Soutenir les producteurs;Réduire les intermédiaires","Un effort;Une démarche que j’admire sans suivre","Le prix;Le manque d’habitude;Je ne sais pas où chercher","Aides financières (chèques alimentation, épiceries solidaires…)"
"2025/05/26 12:05:47 AM UTC+3","Pays de la Loire","Ni d’accord ni pas d’accord (neutre)","Plutôt d’accord","Tout à fait d’accord","Ni d’accord ni pas d’accord (neutre)","Ni d’accord ni pas d’accord (neutre)","Plutôt pas d'accord","Plutôt d’accord","Ni d’accord ni pas d’accord (neutre)","Pas du tout d'accord","Tout à fait d’accord","Pas du tout d'accord","Plutôt pas d'accord","Pas du tout d'accord","Ni d’accord ni pas d’accord (neutre)","Plutôt pas d'accord","Pas du tout d'accord","Plutôt d’accord","Plutôt d’accord","Pas du tout d'accord","Pas du tout d'accord","Ni d’accord ni pas d’accord (neutre)","Plutôt d’accord","Tout à fait d’accord","Pas du tout d'accord","Ni d’accord ni pas d’accord (neutre)","Ni d’accord ni pas d’accord (neutre)","Plutôt d’accord","Pas du tout d'accord","Ni d’accord ni pas d’accord (neutre)","Ni d’accord ni pas d’accord (neutre)","Ni d’accord ni pas d’accord (neutre)","Plutôt d’accord","Plutôt pas d'accord","Plutôt pas d'accord","Plutôt pas d'accord","Plutôt d’accord","Tout à fait d’accord","Pas du tout d'accord","Pas du tout d'accord","Pas du tout d'accord","Pas du tout d'accord","Pas du tout d'accord","Plutôt d’accord","Plutôt d’accord","Tout à fait d’accord","Pas du tout d'accord","Ni d’accord ni pas d’accord (neutre)","Tout à fait d’accord","J’y suis sensible, mais je n’agis pas beaucoup","Basés sur le goût;Basés sur le prix;Basés sur la qualité nutritionnelle;Basés sur la facilité d’accès","Soutenir les producteurs;Manger plus sainement;Réduire les intermédiaires","Une démarche que j’admire sans suivre","Le prix;Je ne sais pas où chercher","Aides financières (chèques alimentation, épiceries solidaires…);Plus d’événements ou d’animations sur l’alimentation locale;Plus d’offres en ligne / en livraison;Plus de liens avec les producteurs (visites, témoignages…)"
"2025/05/26 12:32:01 AM UTC+3","Auvergne-Rhône-Alpes","Ni d’accord ni pas d’accord (neutre)","Ni d’accord ni pas d’accord (neutre)","Pas du tout d'accord","Plutôt pas d'accord","Plutôt pas d'accord","Pas du tout d'accord","Tout à fait d’accord","Plutôt pas d'accord","Pas du tout d'accord","Tout à fait d’accord","Pas du tout d'accord","Pas du tout d'accord","Ni d’accord ni pas d’accord (neutre)","Ni d’accord ni pas d’accord (neutre)","Pas du tout d'accord","Plutôt pas d'accord","Ni d’accord ni pas d’accord (neutre)","Ni d’accord ni pas d’accord (neutre)","Ni d’accord ni pas d’accord (neutre)","Pas du tout d'accord","Pas du tout d'accord","Ni d’accord ni pas d’accord (neutre)","Ni d’accord ni pas d’accord (neutre)","Ni d’accord ni pas d’accord (neutre)","Tout à fait d’accord","Tout à fait d’accord","Tout à fait d’accord","Pas du tout d'accord","Tout à fait d’accord","Tout à fait d’accord","Tout à fait d’accord","Tout à fait d’accord","Ni d’accord ni pas d’accord (neutre)","Ni d’accord ni pas d’accord (neutre)","Plutôt d’accord","Plutôt d’accord","Plutôt d’accord","Plutôt d’accord","Plutôt d’accord","Plutôt d’accord","Ni d’accord ni pas d’accord (neutre)","Tout à fait d’accord","Tout à fait d’accord","Plutôt d’accord","Plutôt d’accord","Tout à fait d’accord","Tout à fait d’accord","Plutôt d’accord","C’est important, mais ce n’est pas toujours simple","Basés sur le prix;Basés sur la proximité géographique;Basés sur la qualité nutritionnelle","Soutenir les producteurs;Limiter son empreinte écologique","Une démarche que j’admire sans suivre","Le prix","Aides financières (chèques alimentation, épiceries solidaires…)"
"2025/05/26 12:39:26 AM UTC+3","Bourgogne-Franche-Comté","Plutôt pas d'accord","Plutôt pas d'accord","Plutôt pas d'accord","Plutôt d’accord","Plutôt pas d'accord","Plutôt pas d'accord","Ni d’accord ni pas d’accord (neutre)","Ni d’accord ni pas d’accord (neutre)","Pas du tout d'accord","Plutôt pas d'accord","Pas du tout d'accord","Pas du tout d'accord","Plutôt pas d'accord","Plutôt pas d'accord","Pas du tout d'accord","Pas du tout d'accord","Pas du tout d'accord","Plutôt pas d'accord","Plutôt pas d'accord","Ni d’accord ni pas d’accord (neutre)","Pas du tout d'accord","Plutôt d’accord","Ni d’accord ni pas d’accord (neutre)","Pas du tout d'accord","Plutôt d’accord","Plutôt d’accord","Ni d’accord ni pas d’accord (neutre)","Pas du tout d'accord","Ni d’accord ni pas d’accord (neutre)","Pas du tout d'accord","Plutôt pas d'accord","Ni d’accord ni pas d’accord (neutre)","Pas du tout d'accord","Pas du tout d'accord","Pas du tout d'accord","Plutôt pas d'accord","Tout à fait d’accord","Pas du tout d'accord","Pas du tout d'accord","Pas du tout d'accord","Pas du tout d'accord","Pas du tout d'accord","Ni d’accord ni pas d’accord (neutre)","Plutôt pas d'accord","Plutôt d’accord","Ni d’accord ni pas d’accord (neutre)","Ni d’accord ni pas d’accord (neutre)","Plutôt d’accord","J’y suis sensible, mais je n’agis pas beaucoup","Basés sur le goût;Basés sur le prix;Basés sur la qualité nutritionnelle;Basés sur la facilité d’accès","Soutenir les producteurs;Limiter son empreinte écologique;Réduire les intermédiaires","Un effort;Un idéal inaccessible;Une contrainte","Le prix;Le manque d’offre proche;Le manque d’habitude;Je ne sais pas où chercher","Meilleure signalétique des produits locaux;Aides financières (chèques alimentation, épiceries solidaires…);Plus d’événements ou d’animations sur l’alimentation locale"
"2025/05/26 12:58:59 AM UTC+3","Bretagne","Ni d’accord ni pas d’accord (neutre)","Plutôt d’accord","Plutôt d’accord","Plutôt d’accord","Ni d’accord ni pas d’accord (neutre)","Ni d’accord ni pas d’accord (neutre)","Ni d’accord ni pas d’accord (neutre)","Plutôt d’accord","Plutôt d’accord","Plutôt d’accord","Ni d’accord ni pas d’accord (neutre)","Plutôt pas d'accord","Plutôt pas d'accord","Ni d’accord ni pas d’accord (neutre)","Plutôt d’accord","Pas du tout d'accord","Plutôt pas d'accord","Ni d’accord ni pas d’accord (neutre)","Plutôt d’accord","Ni d’accord ni pas d’accord (neutre)","Ni d’accord ni pas d’accord (neutre)","Plutôt d’accord","Plutôt d’accord","Ni d’accord ni pas d’accord (neutre)","Ni d’accord ni pas d’accord (neutre)","Plutôt pas d'accord","Ni d’accord ni pas d’accord (neutre)","Ni d’accord ni pas d’accord (neutre)","Plutôt d’accord","Plutôt d’accord","Ni d’accord ni pas d’accord (neutre)","Plutôt d’accord","Plutôt pas d'accord","Ni d’accord ni pas d’accord (neutre)","Pas du tout d'accord","Plutôt pas d'accord","Plutôt d’accord","Plutôt d’accord","Pas du tout d'accord","Ni d’accord ni pas d’accord (neutre)","Plutôt d’accord","Plutôt pas d'accord","Tout à fait d’accord","Plutôt d’accord","Tout à fait d’accord","Plutôt d’accord","Plutôt d’accord","Plutôt d’accord","C’est important, mais ce n’est pas toujours simple","Basés sur le goût;Basés sur le prix;Basés sur la proximité géographique;Basés sur la qualité nutritionnelle;Basés sur l’impact environnemental;Basés sur la facilité d’accès","Soutenir les producteurs;Manger plus sainement;Limiter son empreinte écologique;Réduire les intermédiaires","Un effort;Une mode passagère","Le prix;Le manque de temps;Le manque d’habitude","Meilleure signalétique des produits locaux;Aides financières (chèques alimentation, épiceries solidaires…);Plus d’événements ou d’animations sur l’alimentation locale;Plus d’offres en ligne / en livraison;Plus de liens avec les producteurs (visites, témoignages…)"
"2025/05/26 2:10:48 AM UTC+3","Occitanie","Pas du tout d'accord","Pas du tout d'accord","Plutôt pas d'accord","Plutôt pas d'accord","Pas du tout d'accord","Pas du tout d'accord","Plutôt pas d'accord","Plutôt pas d'accord","Plutôt pas d'accord","Plutôt pas d'accord","Pas du tout d'accord","Plutôt pas d'accord","Ni d’accord ni pas d’accord (neutre)","Ni d’accord ni pas d’accord (neutre)","Plutôt pas d'accord","Ni d’accord ni pas d’accord (neutre)","Plutôt pas d'accord","Plutôt pas d'accord","Plutôt pas d'accord","Ni d’accord ni pas d’accord (neutre)","Plutôt pas d'accord","Plutôt pas d'accord","Plutôt pas d'accord","Pas du tout d'accord","Plutôt pas d'accord","Plutôt pas d'accord","Plutôt pas d'accord","Plutôt pas d'accord","Plutôt pas d'accord","Plutôt pas d'accord","Plutôt pas d'accord","Plutôt pas d'accord","Plutôt pas d'accord","Plutôt pas d'accord","Plutôt pas d'accord","Plutôt pas d'accord","Plutôt pas d'accord","Plutôt pas d'accord","Plutôt pas d'accord","Plutôt pas d'accord","Plutôt pas d'accord","Pas du tout d'accord","Plutôt pas d'accord","Plutôt pas d'accord","Plutôt pas d'accord","Plutôt pas d'accord","Plutôt pas d'accord","Plutôt pas d'accord","J’y suis sensible, mais je n’agis pas beaucoup","Basés sur le goût","Soutenir les producteurs;Manger plus sainement","Une démarche que j’admire sans suivre","Le manque de temps;Le manque d’habitude;Je ne sais pas où chercher","Meilleure signalétique des produits locaux;Plus d’événements ou d’animations sur l’alimentation locale;Plus d’offres en ligne / en livraison;Plus de liens avec les producteurs (visites, témoignages…)"
"2025/05/26 8:23:39 AM UTC+3","Normandie","Plutôt d’accord","Plutôt d’accord","Plutôt d’accord","Ni d’accord ni pas d’accord (neutre)","Ni d’accord ni pas d’accord (neutre)","Plutôt d’accord","Ni d’accord ni pas d’accord (neutre)","Plutôt d’accord","Ni d’accord ni pas d’accord (neutre)","Ni d’accord ni pas d’accord (neutre)","Plutôt pas d'accord","Plutôt pas d'accord","Pas du tout d'accord","Ni d’accord ni pas d’accord (neutre)","Plutôt pas d'accord","Pas du tout d'accord","Plutôt pas d'accord","Pas du tout d'accord","Plutôt d’accord","Ni d’accord ni pas d’accord (neutre)","Ni d’accord ni pas d’accord (neutre)","Plutôt d’accord","Ni d’accord ni pas d’accord (neutre)","Ni d’accord ni pas d’accord (neutre)","Plutôt d’accord","Plutôt d’accord","Plutôt d’accord","Pas du tout d'accord","Plutôt d’accord","Plutôt d’accord","Plutôt d’accord","Plutôt d’accord","Ni d’accord ni pas d’accord (neutre)","Plutôt pas d'accord","Plutôt pas d'accord","Plutôt d’accord","Plutôt d’accord","Plutôt pas d'accord","Pas du tout d'accord","Pas du tout d'accord","Pas du tout d'accord","Pas du tout d'accord","Ni d’accord ni pas d’accord (neutre)","Ni d’accord ni pas d’accord (neutre)","Plutôt d’accord","Ni d’accord ni pas d’accord (neutre)","Plutôt d’accord","Plutôt d’accord","J’y suis sensible, mais je n’agis pas beaucoup","Basés sur le goût;Basés sur le prix;Basés sur l’impact environnemental","Soutenir les producteurs;Limiter son empreinte écologique;Réduire les intermédiaires","Une démarche que j’admire sans suivre","Le prix;Le manque de temps;Le manque d’habitude;Aucun obstacle particulier","Meilleure signalétique des produits locaux"
"2025/05/26 9:26:04 AM UTC+3","Hauts-de-France","Plutôt d’accord","Plutôt d’accord","Tout à fait d’accord","Plutôt d’accord","Plutôt d’accord","Plutôt d’accord","Plutôt d’accord","Plutôt d’accord","Pas du tout d'accord","Plutôt d’accord","Plutôt d’accord","Plutôt d’accord","Pas du tout d'accord","Plutôt d’accord","Plutôt d’accord","Plutôt d’accord","Plutôt d’accord","Plutôt d’accord","Plutôt d’accord","Plutôt d’accord","Plutôt d’accord","Plutôt d’accord","Plutôt d’accord","Plutôt d’accord","Plutôt d’accord","Plutôt d’accord","Plutôt d’accord","Plutôt d’accord","Plutôt d’accord","Plutôt d’accord","Plutôt d’accord","Plutôt d’accord","Plutôt pas d'accord","Plutôt d’accord","Plutôt d’accord","Plutôt d’accord","Plutôt d’accord","Plutôt d’accord","Plutôt pas d'accord","Ni d’accord ni pas d’accord (neutre)","Ni d’accord ni pas d’accord (neutre)","Ni d’accord ni pas d’accord (neutre)","Plutôt d’accord","Plutôt d’accord","Tout à fait d’accord","Plutôt d’accord","Tout à fait d’accord","Tout à fait d’accord","C’est important, mais ce n’est pas toujours simple","Basés sur le goût;Basés sur le prix;Basés sur la qualité nutritionnelle","Soutenir les producteurs;Manger plus sainement","Un réflexe","Le prix;Le manque de temps","Meilleure signalétique des produits locaux"
"2025/05/26 9:28:58 AM UTC+3","Bretagne","Tout à fait d’accord","Tout à fait d’accord","Plutôt pas d'accord","Pas du tout d'accord","Plutôt pas d'accord","Pas du tout d'accord","Pas du tout d'accord","Plutôt d’accord","Pas du tout d'accord","Tout à fait d’accord","Pas du tout d'accord","Pas du tout d'accord","Plutôt pas d'accord","Tout à fait d’accord","Plutôt pas d'accord","Pas du tout d'accord","Plutôt pas d'accord","Plutôt d’accord","Ni d’accord ni pas d’accord (neutre)","Plutôt pas d'accord","Plutôt pas d'accord","Plutôt pas d'accord","Plutôt pas d'accord","Tout à fait d’accord","Pas du tout d'accord","Ni d’accord ni pas d’accord (neutre)","Plutôt pas d'accord","Plutôt pas d'accord","Plutôt d’accord","Plutôt d’accord","Plutôt pas d'accord","Pas du tout d'accord","Pas du tout d'accord","Plutôt pas d'accord","Plutôt pas d'accord","Plutôt pas d'accord","Tout à fait d’accord","Pas du tout d'accord","Pas du tout d'accord","Pas du tout d'accord","Pas du tout d'accord","Pas du tout d'accord","Pas du tout d'accord","Pas du tout d'accord","Tout à fait d’accord","Pas du tout d'accord","Tout à fait d’accord","Tout à fait d’accord","C’est important, mais ce n’est pas toujours simple","Basés sur le goût;Basés sur le prix;Basés sur la qualité nutritionnelle;Basés sur la facilité d’accès","Soutenir les producteurs;Limiter son empreinte écologique;S’ancrer dans un territoire;Réduire les intermédiaires;Faire un acte politique","Un effort","Le prix;Le manque d’offre proche;Le manque d’information claire;Je ne sais pas où chercher","Meilleure signalétique des produits locaux;Aides financières (chèques alimentation, épiceries solidaires…);Plus d’événements ou d’animations sur l’alimentation locale;Plus d’offres en ligne / en livraison;Plus de liens avec les producteurs (visites, témoignages…)"
"2025/05/26 9:51:49 AM UTC+3","Hauts-de-France","Plutôt d’accord","Tout à fait d’accord","Tout à fait d’accord","Tout à fait d’accord","Tout à fait d’accord","Tout à fait d’accord","Tout à fait d’accord","Tout à fait d’accord","Ni d’accord ni pas d’accord (neutre)","Plutôt d’accord","Pas du tout d'accord","Tout à fait d’accord","Tout à fait d’accord","Tout à fait d’accord","Tout à fait d’accord","Tout à fait d’accord","Tout à fait d’accord","Tout à fait d’accord","Tout à fait d’accord","Tout à fait d’accord","Tout à fait d’accord","Tout à fait d’accord","Tout à fait d’accord","Plutôt d’accord","Tout à fait d’accord","Tout à fait d’accord","Tout à fait d’accord","Tout à fait d’accord","Tout à fait d’accord","Tout à fait d’accord","Tout à fait d’accord","Tout à fait d’accord","Tout à fait d’accord","Tout à fait d’accord","Tout à fait d’accord","Tout à fait d’accord","Tout à fait d’accord","Tout à fait d’accord","Ni d’accord ni pas d’accord (neutre)","Tout à fait d’accord","Plutôt d’accord","Tout à fait d’accord","Tout à fait d’accord","Tout à fait d’accord","Tout à fait d’accord","Ni d’accord ni pas d’accord (neutre)","Tout à fait d’accord","Tout à fait d’accord","C’est central pour moi, je fais beaucoup d’efforts","Basés sur le goût;Basés sur le prix;Basés sur la proximité géographique;Basés sur la qualité nutritionnelle;Basés sur l’impact environnemental","Soutenir les producteurs;Manger plus sainement;Limiter son empreinte écologique;S’ancrer dans un territoire","Un réflexe","Aucun obstacle particulier","Meilleure signalétique des produits locaux;Plus de liens avec les producteurs (visites, témoignages…)"
"2025/05/26 10:01:15 AM UTC+3","Bretagne","Tout à fait d’accord","Plutôt pas d'accord","Tout à fait d’accord","Tout à fait d’accord","Tout à fait d’accord","Tout à fait d’accord","Tout à fait d’accord","Plutôt d’accord","Plutôt d’accord","Tout à fait d’accord","Plutôt pas d'accord","Plutôt d’accord","Tout à fait d’accord","Ni d’accord ni pas d’accord (neutre)","Plutôt d’accord","Tout à fait d’accord","Plutôt d’accord","Plutôt d’accord","Tout à fait d’accord","Plutôt pas d'accord","Plutôt pas d'accord","Plutôt d’accord","Tout à fait d’accord","Pas du tout d'accord","Tout à fait d’accord","Tout à fait d’accord","Tout à fait d’accord","Plutôt pas d'accord","Tout à fait d’accord","Tout à fait d’accord","Tout à fait d’accord","Tout à fait d’accord","Plutôt d’accord","Ni d’accord ni pas d’accord (neutre)","Plutôt pas d'accord","Plutôt d’accord","Plutôt d’accord","Pas du tout d'accord","Pas du tout d'accord","Tout à fait d’accord","Tout à fait d’accord","Plutôt pas d'accord","Tout à fait d’accord","Plutôt d’accord","Tout à fait d’accord","Tout à fait d’accord","Tout à fait d’accord","Tout à fait d’accord","C’est central pour moi, je fais beaucoup d’efforts","Basés sur le prix;Basés sur la proximité géographique;Basés sur l’impact environnemental","Soutenir les producteurs;Manger plus sainement;Limiter son empreinte écologique;Faire un acte politique","Un réflexe","Le prix","Aides financières (chèques alimentation, épiceries solidaires…);Plus de liens avec les producteurs (visites, témoignages…)"
"2025/05/26 10:03:44 AM UTC+3","Pays de la Loire","Plutôt d’accord","Ni d’accord ni pas d’accord (neutre)","Ni d’accord ni pas d’accord (neutre)","Plutôt d’accord","Plutôt d’accord","Plutôt d’accord","Plutôt d’accord","Plutôt d’accord","Plutôt pas d'accord","Tout à fait d’accord","Pas du tout d'accord","Plutôt d’accord","Plutôt d’accord","Plutôt d’accord","Plutôt d’accord","Plutôt d’accord","Plutôt d’accord","Plutôt d’accord","Ni d’accord ni pas d’accord (neutre)","Ni d’accord ni pas d’accord (neutre)","Plutôt d’accord","Tout à fait d’accord","Tout à fait d’accord","Ni d’accord ni pas d’accord (neutre)","Plutôt d’accord","Tout à fait d’accord","Tout à fait d’accord","Plutôt d’accord","Plutôt d’accord","Plutôt d’accord","Plutôt d’accord","Tout à fait d’accord","Plutôt d’accord","Plutôt d’accord","Tout à fait d’accord","Plutôt d’accord","Plutôt pas d'accord","Plutôt pas d'accord","Plutôt pas d'accord","Ni d’accord ni pas d’accord (neutre)","Plutôt pas d'accord","Plutôt pas d'accord","Plutôt d’accord","Tout à fait d’accord","Plutôt d’accord","Ni d’accord ni pas d’accord (neutre)","Plutôt d’accord","Plutôt d’accord","C’est important, mais ce n’est pas toujours simple","Basés sur le goût;Basés sur la qualité nutritionnelle;Basés sur l’impact environnemental","Soutenir les producteurs;Manger plus sainement;Limiter son empreinte écologique;S’ancrer dans un territoire;Réduire les intermédiaires;Faire un acte politique","Un réflexe","Le manque d’offre proche","Meilleure signalétique des produits locaux;Plus d’événements ou d’animations sur l’alimentation locale;Plus d’offres en ligne / en livraison;Plus de liens avec les producteurs (visites, témoignages…)"
"2025/05/26 10:08:14 AM UTC+3","Centre-Val de Loire","Plutôt d’accord","Plutôt d’accord","Plutôt d’accord","Plutôt d’accord","Tout à fait d’accord","Tout à fait d’accord","Plutôt d’accord","Tout à fait d’accord","Plutôt pas d'accord","Tout à fait d’accord","Pas du tout d'accord","Plutôt d’accord","Pas du tout d'accord","Tout à fait d’accord","Plutôt pas d'accord","Pas du tout d'accord","Plutôt pas d'accord","Plutôt d’accord","Pas du tout d'accord","Pas du tout d'accord","Plutôt d’accord","Tout à fait d’accord","Pas du tout d'accord","Pas du tout d'accord","Tout à fait d’accord","Plutôt d’accord","Plutôt d’accord","Plutôt d’accord","Plutôt d’accord","Tout à fait d’accord","Tout à fait d’accord","Tout à fait d’accord","Tout à fait d’accord","Plutôt d’accord","Plutôt d’accord","Plutôt d’accord","Plutôt pas d'accord","Pas du tout d'accord","Pas du tout d'accord","Pas du tout d'accord","Pas du tout d'accord","Pas du tout d'accord","Plutôt d’accord","Plutôt pas d'accord","Plutôt d’accord","Pas du tout d'accord","Plutôt d’accord","Tout à fait d’accord","J’y suis sensible, mais je n’agis pas beaucoup","Basés sur le goût;Basés sur la proximité géographique;Basés sur la qualité nutritionnelle;Basés sur l’impact environnemental;Basés sur la facilité d’accès","Soutenir les producteurs;Manger plus sainement;Limiter son empreinte écologique;Réduire les intermédiaires","Un réflexe","Aucun obstacle particulier","Meilleure signalétique des produits locaux;Plus de liens avec les producteurs (visites, témoignages…)"
"2025/05/26 10:44:13 AM UTC+3","Grand Est","Plutôt d’accord","Plutôt pas d'accord","Plutôt d’accord","Ni d’accord ni pas d’accord (neutre)","Plutôt d’accord","Plutôt d’accord","Plutôt d’accord","Plutôt pas d'accord","Plutôt pas d'accord","Plutôt d’accord","Plutôt pas d'accord","Ni d’accord ni pas d’accord (neutre)","Plutôt pas d'accord","Ni d’accord ni pas d’accord (neutre)","Plutôt pas d'accord","Ni d’accord ni pas d’accord (neutre)","Plutôt d’accord","Plutôt d’accord","Plutôt d’accord","Plutôt d’accord","Plutôt d’accord","Plutôt d’accord","Plutôt d’accord","Plutôt d’accord","Plutôt d’accord","Plutôt d’accord","Plutôt d’accord","Ni d’accord ni pas d’accord (neutre)","Plutôt d’accord","Ni d’accord ni pas d’accord (neutre)","Plutôt d’accord","Plutôt d’accord","Ni d’accord ni pas d’accord (neutre)","Ni d’accord ni pas d’accord (neutre)","Ni d’accord ni pas d’accord (neutre)","Plutôt d’accord","Plutôt d’accord","Ni d’accord ni pas d’accord (neutre)","Plutôt d’accord","Plutôt d’accord","Ni d’accord ni pas d’accord (neutre)","Plutôt pas d'accord","Ni d’accord ni pas d’accord (neutre)","Plutôt d’accord","Plutôt d’accord","Plutôt d’accord","Ni d’accord ni pas d’accord (neutre)","Ni d’accord ni pas d’accord (neutre)","C’est important, mais ce n’est pas toujours simple","Basés sur le prix;Basés sur la proximité géographique;Basés sur la qualité nutritionnelle","Soutenir les producteurs;Manger plus sainement;Limiter son empreinte écologique","Un effort","Le prix;Le manque d’offre proche","Aides financières (chèques alimentation, épiceries solidaires…);Plus d’événements ou d’animations sur l’alimentation locale"
"2025/05/26 10:56:48 AM UTC+3","Bourgogne-Franche-Comté","Plutôt d’accord","Plutôt d’accord","Plutôt d’accord","Plutôt d’accord","Ni d’accord ni pas d’accord (neutre)","Plutôt d’accord","Ni d’accord ni pas d’accord (neutre)","Plutôt d’accord","Pas du tout d'accord","Plutôt pas d'accord","Pas du tout d'accord","Plutôt pas d'accord","Pas du tout d'accord","Ni d’accord ni pas d’accord (neutre)","Pas du tout d'accord","Pas du tout d'accord","Pas du tout d'accord","Plutôt d’accord","Tout à fait d’accord","Plutôt d’accord","Plutôt d’accord","Plutôt d’accord","Plutôt pas d'accord","Pas du tout d'accord","Tout à fait d’accord","Plutôt d’accord","Tout à fait d’accord","Plutôt d’accord","Tout à fait d’accord","Plutôt d’accord","Tout à fait d’accord","Tout à fait d’accord","Plutôt d’accord","Plutôt pas d'accord","Plutôt d’accord","Plutôt d’accord","Plutôt d’accord","Plutôt pas d'accord","Pas du tout d'accord","Pas du tout d'accord","Pas du tout d'accord","Pas du tout d'accord","Plutôt d’accord","Plutôt pas d'accord","Tout à fait d’accord","Tout à fait d’accord","Tout à fait d’accord","Tout à fait d’accord","C’est important, mais ce n’est pas toujours simple","Basés sur le goût;Basés sur le prix;Basés sur la proximité géographique;Basés sur la qualité nutritionnelle;Basés sur l’impact environnemental","Soutenir les producteurs;Limiter son empreinte écologique;S’ancrer dans un territoire;Réduire les intermédiaires;Faire un acte politique","Un effort","Le manque de temps;Le manque d’habitude","Aides financières (chèques alimentation, épiceries solidaires…);Plus d’événements ou d’animations sur l’alimentation locale"
"2025/05/26 11:03:37 AM UTC+3","Bretagne","Plutôt d’accord","Plutôt d’accord","Plutôt pas d'accord","Plutôt d’accord","Plutôt d’accord","Plutôt d’accord","Plutôt d’accord","Plutôt d’accord","Ni d’accord ni pas d’accord (neutre)","Plutôt d’accord","Ni d’accord ni pas d’accord (neutre)","Ni d’accord ni pas d’accord (neutre)","Plutôt pas d'accord","Ni d’accord ni pas d’accord (neutre)","Plutôt d’accord","Plutôt pas d'accord","Ni d’accord ni pas d’accord (neutre)","Plutôt d’accord","Ni d’accord ni pas d’accord (neutre)","Plutôt pas d'accord","Plutôt d’accord","Plutôt d’accord","Ni d’accord ni pas d’accord (neutre)","Ni d’accord ni pas d’accord (neutre)","Plutôt d’accord","Plutôt d’accord","Ni d’accord ni pas d’accord (neutre)","Ni d’accord ni pas d’accord (neutre)","Ni d’accord ni pas d’accord (neutre)","Ni d’accord ni pas d’accord (neutre)","Ni d’accord ni pas d’accord (neutre)","Tout à fait d’accord","Plutôt pas d'accord","Plutôt pas d'accord","Plutôt pas d'accord","Ni d’accord ni pas d’accord (neutre)","Plutôt d’accord","Pas du tout d'accord","Pas du tout d'accord","Ni d’accord ni pas d’accord (neutre)","Pas du tout d'accord","Pas du tout d'accord","Ni d’accord ni pas d’accord (neutre)","Ni d’accord ni pas d’accord (neutre)","Plutôt d’accord","Plutôt pas d'accord","Ni d’accord ni pas d’accord (neutre)","Plutôt d’accord","C’est central pour moi, je fais beaucoup d’efforts","Basés sur le prix;Basés sur la proximité géographique;Basés sur la qualité nutritionnelle;Basés sur l’impact environnemental;Basés sur la facilité d’accès","Soutenir les producteurs;Manger plus sainement;Limiter son empreinte écologique;S’ancrer dans un territoire;Réduire les intermédiaires","Un effort;Un idéal inaccessible","Le prix;Le manque d’offre proche","Meilleure signalétique des produits locaux;Plus d’événements ou d’animations sur l’alimentation locale"
"2025/05/26 11:22:10 AM UTC+3","Bretagne","Tout à fait d’accord","Ni d’accord ni pas d’accord (neutre)","Plutôt d’accord","Tout à fait d’accord","Plutôt d’accord","Tout à fait d’accord","Plutôt d’accord","Tout à fait d’accord","Plutôt d’accord","Tout à fait d’accord","Tout à fait d’accord","Plutôt d’accord","Ni d’accord ni pas d’accord (neutre)","Plutôt d’accord","Plutôt d’accord","Ni d’accord ni pas d’accord (neutre)","Tout à fait d’accord","Tout à fait d’accord","Plutôt d’accord","Tout à fait d’accord","Plutôt d’accord","Plutôt d’accord","Plutôt d’accord","Tout à fait d’accord","Tout à fait d’accord","Tout à fait d’accord","Plutôt d’accord","Ni d’accord ni pas d’accord (neutre)","Plutôt d’accord","Plutôt d’accord","Plutôt d’accord","Plutôt d’accord","Plutôt d’accord","Plutôt d’accord","Plutôt d’accord","Plutôt d’accord","Plutôt d’accord","Ni d’accord ni pas d’accord (neutre)","Plutôt d’accord","Plutôt d’accord","Tout à fait d’accord","Plutôt d’accord","Plutôt d’accord","Tout à fait d’accord","Tout à fait d’accord","Plutôt d’accord","Plutôt d’accord","Tout à fait d’accord","C’est important, mais ce n’est pas toujours simple","Basés sur le goût;Basés sur le prix;Basés sur la proximité géographique","Soutenir les producteurs;Manger plus sainement;Faire un acte politique","Un effort","Aucun obstacle particulier","Meilleure signalétique des produits locaux;Plus de liens avec les producteurs (visites, témoignages…)"
"2025/05/26 11:39:25 AM UTC+3","Bretagne","Plutôt d’accord","Plutôt d’accord","Ni d’accord ni pas d’accord (neutre)","Plutôt pas d'accord","Plutôt d’accord","Plutôt d’accord","Ni d’accord ni pas d’accord (neutre)","Plutôt d’accord","Pas du tout d'accord","Plutôt pas d'accord","Pas du tout d'accord","Pas du tout d'accord","Pas du tout d'accord","Plutôt pas d'accord","Plutôt pas d'accord","Pas du tout d'accord","Plutôt pas d'accord","Plutôt d’accord","Ni d’accord ni pas d’accord (neutre)","Plutôt pas d'accord","Plutôt d’accord","Ni d’accord ni pas d’accord (neutre)","Ni d’accord ni pas d’accord (neutre)","Plutôt d’accord","Tout à fait d’accord","Tout à fait d’accord","Tout à fait d’accord","Plutôt d’accord","Plutôt d’accord","Ni d’accord ni pas d’accord (neutre)","Plutôt d’accord","Ni d’accord ni pas d’accord (neutre)","Ni d’accord ni pas d’accord (neutre)","Plutôt pas d'accord","Pas du tout d'accord","Plutôt pas d'accord","Tout à fait d’accord","Pas du tout d'accord","Pas du tout d'accord","Pas du tout d'accord","Plutôt pas d'accord","Pas du tout d'accord","Plutôt d’accord","Ni d’accord ni pas d’accord (neutre)","Tout à fait d’accord","Plutôt d’accord","Plutôt d’accord","Tout à fait d’accord","J’y suis sensible, mais je n’agis pas beaucoup","Basés sur le prix;Basés sur la qualité nutritionnelle;Basés sur la facilité d’accès","Soutenir les producteurs;Limiter son empreinte écologique;Réduire les intermédiaires","Un effort;Une contrainte","Le prix;Le manque d’offre proche;Le manque d’habitude","Meilleure signalétique des produits locaux;Aides financières (chèques alimentation, épiceries solidaires…)"
"2025/05/26 11:42:16 AM UTC+3","Bretagne","Plutôt d’accord","Plutôt pas d'accord","Plutôt pas d'accord","Pas du tout d'accord","Plutôt pas d'accord","Plutôt d’accord","Plutôt pas d'accord","Plutôt d’accord","Pas du tout d'accord","Plutôt d’accord","Pas du tout d'accord","Pas du tout d'accord","Plutôt pas d'accord","Plutôt pas d'accord","Plutôt pas d'accord","Pas du tout d'accord","Plutôt pas d'accord","Plutôt d’accord","Plutôt d’accord","Tout à fait d’accord","Plutôt d’accord","Plutôt d’accord","Plutôt d’accord","Plutôt d’accord","Plutôt pas d'accord","Plutôt pas d'accord","Pas du tout d'accord","Pas du tout d'accord","Plutôt pas d'accord","Plutôt d’accord","Tout à fait d’accord","Tout à fait d’accord","Plutôt pas d'accord","Plutôt pas d'accord","Plutôt pas d'accord","Ni d’accord ni pas d’accord (neutre)","Tout à fait d’accord","Plutôt pas d'accord","Pas du tout d'accord","Plutôt pas d'accord","Plutôt d’accord","Pas du tout d'accord","Plutôt d’accord","Plutôt d’accord","Tout à fait d’accord","Ni d’accord ni pas d’accord (neutre)","Plutôt pas d'accord","Plutôt d’accord","C’est important, mais ce n’est pas toujours simple","Basés sur le goût;Basés sur le prix;Basés sur la qualité nutritionnelle;Basés sur la facilité d’accès","Soutenir les producteurs;Manger plus sainement;Limiter son empreinte écologique","Un effort;Une démarche que j’admire sans suivre","Le prix;Le manque d’offre proche;Le manque de temps","Aides financières (chèques alimentation, épiceries solidaires…);Plus d’événements ou d’animations sur l’alimentation locale;Plus de liens avec les producteurs (visites, témoignages…)"
"2025/05/26 11:46:32 AM UTC+3","Occitanie","Tout à fait d’accord","Plutôt d’accord","Plutôt d’accord","Plutôt d’accord","Pas du tout d'accord","Ni d’accord ni pas d’accord (neutre)","Tout à fait d’accord","Plutôt pas d'accord","Pas du tout d'accord","Plutôt d’accord","Plutôt pas d'accord","Plutôt d’accord","Pas du tout d'accord","Pas du tout d'accord","Pas du tout d'accord","Plutôt d’accord","Plutôt d’accord","Plutôt d’accord","Plutôt d’accord","Plutôt pas d'accord","Plutôt pas d'accord","Plutôt pas d'accord","Plutôt d’accord","Ni d’accord ni pas d’accord (neutre)","Tout à fait d’accord","Plutôt d’accord","Plutôt d’accord","Ni d’accord ni pas d’accord (neutre)","Plutôt d’accord","Plutôt d’accord","Plutôt d’accord","Ni d’accord ni pas d’accord (neutre)","Plutôt pas d'accord","Ni d’accord ni pas d’accord (neutre)","Plutôt d’accord","Plutôt d’accord","Tout à fait d’accord","Plutôt pas d'accord","Ni d’accord ni pas d’accord (neutre)","Plutôt d’accord","Plutôt pas d'accord","Plutôt pas d'accord","Plutôt d’accord","Ni d’accord ni pas d’accord (neutre)","Plutôt d’accord","Plutôt d’accord","Plutôt d’accord","Tout à fait d’accord","C’est important, mais ce n’est pas toujours simple","Basés sur le goût;Basés sur le prix;Basés sur l’impact environnemental","Soutenir les producteurs;Manger plus sainement;Limiter son empreinte écologique;Réduire les intermédiaires","Un effort;Une démarche que j’admire sans suivre","Le prix;Le manque d’information claire;Le manque d’habitude","Meilleure signalétique des produits locaux;Aides financières (chèques alimentation, épiceries solidaires…);Plus d’événements ou d’animations sur l’alimentation locale"
"2025/05/26 11:50:56 AM UTC+3","Bretagne","Plutôt pas d'accord","Plutôt pas d'accord","Plutôt d’accord","Ni d’accord ni pas d’accord (neutre)","Ni d’accord ni pas d’accord (neutre)","Tout à fait d’accord","Tout à fait d’accord","Plutôt pas d'accord","Pas du tout d'accord","Plutôt d’accord","Pas du tout d'accord","Plutôt pas d'accord","Pas du tout d'accord","Plutôt pas d'accord","Plutôt pas d'accord","Plutôt pas d'accord","Plutôt d’accord","Plutôt d’accord","Plutôt d’accord","Plutôt pas d'accord","Ni d’accord ni pas d’accord (neutre)","Plutôt d’accord","Ni d’accord ni pas d’accord (neutre)","Plutôt pas d'accord","Plutôt d’accord","Plutôt d’accord","Plutôt d’accord","Plutôt pas d'accord","Plutôt d’accord","Plutôt d’accord","Plutôt pas d'accord","Plutôt pas d'accord","Plutôt pas d'accord","Ni d’accord ni pas d’accord (neutre)","Ni d’accord ni pas d’accord (neutre)","Plutôt d’accord","Plutôt d’accord","Ni d’accord ni pas d’accord (neutre)","Pas du tout d'accord","Pas du tout d'accord","Plutôt d’accord","Pas du tout d'accord","Plutôt d’accord","Plutôt pas d'accord","Tout à fait d’accord","Plutôt pas d'accord","Plutôt d’accord","Tout à fait d’accord","J’y suis sensible, mais je n’agis pas beaucoup","Basés sur le goût;Basés sur le prix;Basés sur la proximité géographique;Basés sur la qualité nutritionnelle","Limiter son empreinte écologique;S’ancrer dans un territoire;Réduire les intermédiaires","Un effort;Une démarche que j’admire sans suivre","Le prix;Le manque d’offre proche;Le manque d’information claire;Le manque de temps;Le manque d’habitude","Meilleure signalétique des produits locaux;Plus d’événements ou d’animations sur l’alimentation locale"
"2025/05/26 11:51:12 AM UTC+3","Pays de la Loire","Tout à fait d’accord","Tout à fait d’accord","Tout à fait d’accord","Tout à fait d’accord","Tout à fait d’accord","Tout à fait d’accord","Plutôt d’accord","Tout à fait d’accord","Plutôt d’accord","Tout à fait d’accord","Ni d’accord ni pas d’accord (neutre)","Tout à fait d’accord","Tout à fait d’accord","Tout à fait d’accord","Tout à fait d’accord","Tout à fait d’accord","Tout à fait d’accord","Tout à fait d’accord","Tout à fait d’accord","Ni d’accord ni pas d’accord (neutre)","Tout à fait d’accord","Tout à fait d’accord","Tout à fait d’accord","Ni d’accord ni pas d’accord (neutre)","Tout à fait d’accord","Tout à fait d’accord","Plutôt d’accord","Ni d’accord ni pas d’accord (neutre)","Tout à fait d’accord","Tout à fait d’accord","Tout à fait d’accord","Tout à fait d’accord","Tout à fait d’accord","Tout à fait d’accord","Tout à fait d’accord","Tout à fait d’accord","Tout à fait d’accord","Tout à fait d’accord","Plutôt d’accord","Ni d’accord ni pas d’accord (neutre)","Plutôt d’accord","Ni d’accord ni pas d’accord (neutre)","Plutôt d’accord","Tout à fait d’accord","Tout à fait d’accord","Tout à fait d’accord","Tout à fait d’accord","Tout à fait d’accord","C’est central pour moi, je fais beaucoup d’efforts","Basés sur le goût;Basés sur la qualité nutritionnelle","Manger plus sainement;Limiter son empreinte écologique;S’ancrer dans un territoire","Un réflexe","Aucun obstacle particulier","Meilleure signalétique des produits locaux;Aides financières (chèques alimentation, épiceries solidaires…);Plus de liens avec les producteurs (visites, témoignages…)"
"2025/05/26 11:52:56 AM UTC+3","Île-de-France","Tout à fait d’accord","Plutôt pas d'accord","Tout à fait d’accord","Tout à fait d’accord","Ni d’accord ni pas d’accord (neutre)","Plutôt d’accord","Ni d’accord ni pas d’accord (neutre)","Pas du tout d'accord","Plutôt pas d'accord","Plutôt pas d'accord","Plutôt d’accord","Plutôt d’accord","Pas du tout d'accord","Ni d’accord ni pas d’accord (neutre)","Ni d’accord ni pas d’accord (neutre)","Pas du tout d'accord","Plutôt d’accord","Plutôt d’accord","Tout à fait d’accord","Pas du tout d'accord","Plutôt pas d'accord","Tout à fait d’accord","Tout à fait d’accord","Tout à fait d’accord","Tout à fait d’accord","Tout à fait d’accord","Tout à fait d’accord","Tout à fait d’accord","Plutôt d’accord","Plutôt d’accord","Pas du tout d'accord","Plutôt d’accord","Plutôt d’accord","Plutôt d’accord","Plutôt pas d'accord","Plutôt pas d'accord","Plutôt d’accord","Pas du tout d'accord","Tout à fait d’accord","Pas du tout d'accord","Tout à fait d’accord","Pas du tout d'accord","Plutôt d’accord","Plutôt d’accord","Tout à fait d’accord","Ni d’accord ni pas d’accord (neutre)","Plutôt d’accord","Tout à fait d’accord","C’est important, mais ce n’est pas toujours simple","Basés sur le goût;Basés sur la proximité géographique;Basés sur la facilité d’accès","Soutenir les producteurs;Faire un acte politique","Un effort","Le manque d’offre proche;Je ne sais pas où chercher","Plus d’événements ou d’animations sur l’alimentation locale;Plus de liens avec les producteurs (visites, témoignages…)"
"2025/05/26 11:54:16 AM UTC+3","Bretagne","Plutôt pas d'accord","Pas du tout d'accord","Plutôt d’accord","Plutôt d’accord","Plutôt pas d'accord","Plutôt pas d'accord","Plutôt pas d'accord","Plutôt d’accord","Pas du tout d'accord","Pas du tout d'accord","Pas du tout d'accord","Plutôt pas d'accord","Pas du tout d'accord","Pas du tout d'accord","Pas du tout d'accord","Pas du tout d'accord","Pas du tout d'accord","Ni d’accord ni pas d’accord (neutre)","Ni d’accord ni pas d’accord (neutre)","Ni d’accord ni pas d’accord (neutre)","Pas du tout d'accord","Plutôt d’accord","Pas du tout d'accord","Plutôt d’accord","Tout à fait d’accord","Plutôt d’accord","Plutôt d’accord","Plutôt d’accord","Plutôt pas d'accord","Plutôt d’accord","Plutôt d’accord","Plutôt pas d'accord","Ni d’accord ni pas d’accord (neutre)","Pas du tout d'accord","Pas du tout d'accord","Ni d’accord ni pas d’accord (neutre)","Tout à fait d’accord","Pas du tout d'accord","Pas du tout d'accord","Pas du tout d'accord","Tout à fait d’accord","Pas du tout d'accord","Tout à fait d’accord","Plutôt pas d'accord","Tout à fait d’accord","Ni d’accord ni pas d’accord (neutre)","Plutôt d’accord","Plutôt d’accord","J’y suis sensible, mais je n’agis pas beaucoup","Basés sur le prix;Basés sur la qualité nutritionnelle;Basés sur la facilité d’accès","Soutenir les producteurs;Limiter son empreinte écologique;Réduire les intermédiaires","Un idéal inaccessible;Une démarche que j’admire sans suivre","Le prix;Le manque d’habitude;Je ne sais pas où chercher","Plus d’offres en ligne / en livraison;Plus de liens avec les producteurs (visites, témoignages…)"
"2025/05/26 11:57:18 AM UTC+3","Centre-Val de Loire","Plutôt d’accord","Ni d’accord ni pas d’accord (neutre)","Plutôt d’accord","Plutôt pas d'accord","Plutôt d’accord","Plutôt d’accord","Plutôt d’accord","Ni d’accord ni pas d’accord (neutre)","Pas du tout d'accord","Pas du tout d'accord","Pas du tout d'accord","Pas du tout d'accord","Pas du tout d'accord","Pas du tout d'accord","Pas du tout d'accord","Pas du tout d'accord","Pas du tout d'accord","Pas du tout d'accord","Ni d’accord ni pas d’accord (neutre)","Plutôt pas d'accord","Ni d’accord ni pas d’accord (neutre)","Plutôt d’accord","Ni d’accord ni pas d’accord (neutre)","Pas du tout d'accord","Plutôt d’accord","Plutôt d’accord","Tout à fait d’accord","Plutôt d’accord","Plutôt d’accord","Tout à fait d’accord","Ni d’accord ni pas d’accord (neutre)","Ni d’accord ni pas d’accord (neutre)","Ni d’accord ni pas d’accord (neutre)","Plutôt pas d'accord","Plutôt pas d'accord","Ni d’accord ni pas d’accord (neutre)","Ni d’accord ni pas d’accord (neutre)","Plutôt pas d'accord","Plutôt pas d'accord","Plutôt pas d'accord","Plutôt pas d'accord","Pas du tout d'accord","Plutôt pas d'accord","Plutôt pas d'accord","Plutôt d’accord","Ni d’accord ni pas d’accord (neutre)","Ni d’accord ni pas d’accord (neutre)","Ni d’accord ni pas d’accord (neutre)","J’y suis sensible, mais je n’agis pas beaucoup","Basés sur le goût;Basés sur le prix;Basés sur la qualité nutritionnelle;Basés sur la facilité d’accès","Soutenir les producteurs;Limiter son empreinte écologique;Réduire les intermédiaires","Un effort;Un idéal inaccessible","Le prix;Le manque d’offre proche;Le manque d’habitude","Meilleure signalétique des produits locaux;Plus d’événements ou d’animations sur l’alimentation locale;Plus d’offres en ligne / en livraison;Plus de liens avec les producteurs (visites, témoignages…)"
"2025/05/26 12:00:12 PM UTC+3","Pays de la Loire","Plutôt d’accord","Plutôt d’accord","Ni d’accord ni pas d’accord (neutre)","Plutôt pas d'accord","Ni d’accord ni pas d’accord (neutre)","Plutôt d’accord","Plutôt d’accord","Plutôt d’accord","Plutôt pas d'accord","Ni d’accord ni pas d’accord (neutre)","Pas du tout d'accord","Ni d’accord ni pas d’accord (neutre)","Pas du tout d'accord","Ni d’accord ni pas d’accord (neutre)","Plutôt pas d'accord","Ni d’accord ni pas d’accord (neutre)","Plutôt d’accord","Ni d’accord ni pas d’accord (neutre)","Plutôt pas d'accord","Plutôt d’accord","Ni d’accord ni pas d’accord (neutre)","Plutôt d’accord","Plutôt pas d'accord","Pas du tout d'accord","Tout à fait d’accord","Plutôt d’accord","Plutôt d’accord","Ni d’accord ni pas d’accord (neutre)","Ni d’accord ni pas d’accord (neutre)","Plutôt d’accord","Plutôt pas d'accord","Plutôt d’accord","Plutôt pas d'accord","Pas du tout d'accord","Plutôt pas d'accord","Ni d’accord ni pas d’accord (neutre)","Plutôt d’accord","Plutôt pas d'accord","Pas du tout d'accord","Pas du tout d'accord","Pas du tout d'accord","Pas du tout d'accord","Pas du tout d'accord","Pas du tout d'accord","Ni d’accord ni pas d’accord (neutre)","Pas du tout d'accord","Ni d’accord ni pas d’accord (neutre)","Plutôt pas d'accord","J’y suis sensible, mais je n’agis pas beaucoup","Basés sur le goût;Basés sur le prix;Basés sur la qualité nutritionnelle;Basés sur la facilité d’accès","Soutenir les producteurs;Manger plus sainement;Réduire les intermédiaires","Une contrainte","Le prix;Le manque d’offre proche","Meilleure signalétique des produits locaux"
"2025/05/26 12:00:35 PM UTC+3","Pays de la Loire","Plutôt d’accord","Plutôt d’accord","Plutôt d’accord","Pas du tout d'accord","Pas du tout d'accord","Plutôt d’accord","Pas du tout d'accord","Pas du tout d'accord","Plutôt pas d'accord","Plutôt d’accord","Pas du tout d'accord","Pas du tout d'accord","Plutôt d’accord","Plutôt d’accord","Plutôt d’accord","Pas du tout d'accord","Pas du tout d'accord","Plutôt d’accord","Pas du tout d'accord","Pas du tout d'accord","Pas du tout d'accord","Pas du tout d'accord","Pas du tout d'accord","Pas du tout d'accord","Plutôt pas d'accord","Plutôt pas d'accord","Plutôt d’accord","Pas du tout d'accord","Plutôt pas d'accord","Plutôt d’accord","Plutôt pas d'accord","Plutôt d’accord","Tout à fait d’accord","Tout à fait d’accord","Tout à fait d’accord","Tout à fait d’accord","Tout à fait d’accord","Pas du tout d'accord","Plutôt pas d'accord","Tout à fait d’accord","Plutôt pas d'accord","Plutôt d’accord","Plutôt d’accord","Pas du tout d'accord","Pas du tout d'accord","Plutôt pas d'accord","Plutôt d’accord","Plutôt pas d'accord","C’est important, mais ce n’est pas toujours simple","Basés sur le prix;Basés sur la proximité géographique;Basés sur la qualité nutritionnelle","Manger plus sainement","Un effort;Un idéal inaccessible","Le prix","Meilleure signalétique des produits locaux"
"2025/05/26 12:08:48 PM UTC+3","Centre-Val de Loire","Plutôt d’accord","Tout à fait d’accord","Ni d’accord ni pas d’accord (neutre)","Plutôt d’accord","Plutôt d’accord","Plutôt d’accord","Plutôt d’accord","Tout à fait d’accord","Plutôt d’accord","Plutôt d’accord","Ni d’accord ni pas d’accord (neutre)","Plutôt d’accord","Plutôt pas d'accord","Tout à fait d’accord","Plutôt d’accord","Ni d’accord ni pas d’accord (neutre)","Plutôt d’accord","Plutôt d’accord","Ni d’accord ni pas d’accord (neutre)","Pas du tout d'accord","Ni d’accord ni pas d’accord (neutre)","Tout à fait d’accord","Tout à fait d’accord","Plutôt pas d'accord","Plutôt d’accord","Plutôt d’accord","Plutôt d’accord","Ni d’accord ni pas d’accord (neutre)","Plutôt d’accord","Plutôt d’accord","Ni d’accord ni pas d’accord (neutre)","Plutôt d’accord","Plutôt d’accord","Ni d’accord ni pas d’accord (neutre)","Plutôt d’accord","Plutôt d’accord","Plutôt d’accord","Pas du tout d'accord","Plutôt d’accord","Ni d’accord ni pas d’accord (neutre)","Ni d’accord ni pas d’accord (neutre)","Ni d’accord ni pas d’accord (neutre)","Plutôt d’accord","Plutôt d’accord","Plutôt d’accord","Ni d’accord ni pas d’accord (neutre)","Plutôt d’accord","Plutôt d’accord","C’est important, mais ce n’est pas toujours simple","Basés sur le goût;Basés sur la proximité géographique;Basés sur l’impact environnemental","Soutenir les producteurs;Manger plus sainement;Limiter son empreinte écologique;Réduire les intermédiaires","Un réflexe","Le manque de temps","Meilleure signalétique des produits locaux"
"2025/05/26 12:09:11 PM UTC+3","Centre-Val de Loire","Plutôt d’accord","Ni d’accord ni pas d’accord (neutre)","Plutôt d’accord","Plutôt pas d'accord","Plutôt pas d'accord","Tout à fait d’accord","Plutôt d’accord","Plutôt d’accord","Pas du tout d'accord","Pas du tout d'accord","Pas du tout d'accord","Pas du tout d'accord","Pas du tout d'accord","Ni d’accord ni pas d’accord (neutre)","Pas du tout d'accord","Pas du tout d'accord","Pas du tout d'accord","Plutôt d’accord","Pas du tout d'accord","Pas du tout d'accord","Ni d’accord ni pas d’accord (neutre)","Ni d’accord ni pas d’accord (neutre)","Pas du tout d'accord","Pas du tout d'accord","Tout à fait d’accord","Tout à fait d’accord","Tout à fait d’accord","Tout à fait d’accord","Ni d’accord ni pas d’accord (neutre)","Tout à fait d’accord","Plutôt d’accord","Tout à fait d’accord","Ni d’accord ni pas d’accord (neutre)","Plutôt pas d'accord","Plutôt pas d'accord","Plutôt pas d'accord","Plutôt d’accord","Plutôt pas d'accord","Pas du tout d'accord","Pas du tout d'accord","Pas du tout d'accord","Pas du tout d'accord","Pas du tout d'accord","Pas du tout d'accord","Ni d’accord ni pas d’accord (neutre)","Pas du tout d'accord","Pas du tout d'accord","Ni d’accord ni pas d’accord (neutre)","Je m’y intéresse peu ou pas","Basés sur le goût","Réduire les intermédiaires","Un idéal inaccessible;Une démarche que j’admire sans suivre","Le prix;Le manque de temps;Je ne sais pas où chercher","Meilleure signalétique des produits locaux"
"2025/05/26 12:09:40 PM UTC+3","Bretagne","Ni d’accord ni pas d’accord (neutre)","Tout à fait d’accord","Tout à fait d’accord","Plutôt d’accord","Plutôt pas d'accord","Plutôt d’accord","Tout à fait d’accord","Plutôt d’accord","Ni d’accord ni pas d’accord (neutre)","Plutôt d’accord","Pas du tout d'accord","Ni d’accord ni pas d’accord (neutre)","Ni d’accord ni pas d’accord (neutre)","Plutôt d’accord","Ni d’accord ni pas d’accord (neutre)","Ni d’accord ni pas d’accord (neutre)","Plutôt d’accord","Tout à fait d’accord","Tout à fait d’accord","Plutôt d’accord","Ni d’accord ni pas d’accord (neutre)","Plutôt d’accord","Plutôt d’accord","Plutôt d’accord","Tout à fait d’accord","Plutôt d’accord","Tout à fait d’accord","Plutôt d’accord","Plutôt d’accord","Plutôt d’accord","Ni d’accord ni pas d’accord (neutre)","Plutôt d’accord","Plutôt pas d'accord","Ni d’accord ni pas d’accord (neutre)","Ni d’accord ni pas d’accord (neutre)","Tout à fait d’accord","Plutôt d’accord","Tout à fait d’accord","Ni d’accord ni pas d’accord (neutre)","Ni d’accord ni pas d’accord (neutre)","Pas du tout d'accord","Pas du tout d'accord","Tout à fait d’accord","Plutôt d’accord","Tout à fait d’accord","Ni d’accord ni pas d’accord (neutre)","Plutôt d’accord","Tout à fait d’accord","C’est important, mais ce n’est pas toujours simple","Basés sur le goût;Basés sur le prix;Basés sur la proximité géographique;Basés sur la qualité nutritionnelle;Basés sur l’impact environnemental;Basés sur la facilité d’accès","Soutenir les producteurs;Limiter son empreinte écologique;S’ancrer dans un territoire;Réduire les intermédiaires","Un effort","Le prix;Le manque de temps","Meilleure signalétique des produits locaux;Aides financières (chèques alimentation, épiceries solidaires…);Plus d’offres en ligne / en livraison;Plus de liens avec les producteurs (visites, témoignages…)"
"2025/05/26 12:11:31 PM UTC+3","Pays de la Loire","Tout à fait d’accord","Plutôt d’accord","Tout à fait d’accord","Plutôt d’accord","Ni d’accord ni pas d’accord (neutre)","Plutôt d’accord","Plutôt d’accord","Plutôt d’accord","Pas du tout d'accord","Ni d’accord ni pas d’accord (neutre)","Pas du tout d'accord","Plutôt d’accord","Tout à fait d’accord","Plutôt d’accord","Ni d’accord ni pas d’accord (neutre)","Plutôt d’accord","Plutôt d’accord","Plutôt d’accord","Plutôt d’accord","Plutôt d’accord","Plutôt d’accord","Plutôt d’accord","Plutôt d’accord","Plutôt pas d'accord","Plutôt d’accord","Plutôt d’accord","Tout à fait d’accord","Ni d’accord ni pas d’accord (neutre)","Ni d’accord ni pas d’accord (neutre)","Plutôt d’accord","Pas du tout d'accord","Plutôt pas d'accord","Plutôt d’accord","Plutôt pas d'accord","Ni d’accord ni pas d’accord (neutre)","Plutôt d’accord","Plutôt d’accord","Pas du tout d'accord","Plutôt pas d'accord","Ni d’accord ni pas d’accord (neutre)","Ni d’accord ni pas d’accord (neutre)","Pas du tout d'accord","Ni d’accord ni pas d’accord (neutre)","Ni d’accord ni pas d’accord (neutre)","Plutôt d’accord","Ni d’accord ni pas d’accord (neutre)","Ni d’accord ni pas d’accord (neutre)","Plutôt d’accord","C’est important, mais ce n’est pas toujours simple","Basés sur le goût;Basés sur le prix;Basés sur la proximité géographique","Soutenir les producteurs;S’ancrer dans un territoire;Réduire les intermédiaires","Un idéal inaccessible","Le manque d’information claire;Le manque d’habitude","Meilleure signalétique des produits locaux"
"2025/05/26 12:17:06 PM UTC+3","Pays de la Loire","Tout à fait d’accord","Tout à fait d’accord","Plutôt pas d'accord","Plutôt d’accord","Plutôt d’accord","Tout à fait d’accord","Plutôt d’accord","Tout à fait d’accord","Plutôt d’accord","Plutôt d’accord","Tout à fait d’accord","Plutôt d’accord","Ni d’accord ni pas d’accord (neutre)","Plutôt d’accord","Plutôt d’accord","Plutôt d’accord","Plutôt d’accord","Plutôt d’accord","Plutôt d’accord","Ni d’accord ni pas d’accord (neutre)","Plutôt d’accord","Plutôt d’accord","Plutôt d’accord","Plutôt d’accord","Tout à fait d’accord","Plutôt d’accord","Plutôt d’accord","Plutôt d’accord","Plutôt d’accord","Plutôt d’accord","Plutôt d’accord","Plutôt d’accord","Ni d’accord ni pas d’accord (neutre)","Plutôt d’accord","Plutôt d’accord","Plutôt pas d'accord","Plutôt d’accord","Plutôt pas d'accord","Ni d’accord ni pas d’accord (neutre)","Tout à fait d’accord","Plutôt d’accord","Plutôt d’accord","Plutôt d’accord","Plutôt d’accord","Tout à fait d’accord","Tout à fait d’accord","Tout à fait d’accord","Tout à fait d’accord","C’est important, mais ce n’est pas toujours simple","Basés sur la proximité géographique;Basés sur l’impact environnemental;Basés sur la facilité d’accès","Soutenir les producteurs;Manger plus sainement;Limiter son empreinte écologique;S’ancrer dans un territoire;Réduire les intermédiaires;Faire un acte politique","Un réflexe;Un effort;Une contrainte","Le prix;Le manque d’offre proche;Le manque de temps","Meilleure signalétique des produits locaux;Aides financières (chèques alimentation, épiceries solidaires…);Plus d’événements ou d’animations sur l’alimentation locale"
"2025/05/26 12:19:03 PM UTC+3","Centre-Val de Loire","Plutôt pas d'accord","Plutôt pas d'accord","Plutôt pas d'accord","Plutôt pas d'accord","Plutôt pas d'accord","Plutôt pas d'accord","Plutôt pas d'accord","Plutôt pas d'accord","Plutôt pas d'accord","Plutôt pas d'accord","Plutôt pas d'accord","Plutôt pas d'accord","Plutôt pas d'accord","Plutôt pas d'accord","Plutôt pas d'accord","Plutôt pas d'accord","Pas du tout d'accord","Pas du tout d'accord","Pas du tout d'accord","Pas du tout d'accord","Plutôt pas d'accord","Plutôt pas d'accord","Pas du tout d'accord","Pas du tout d'accord","Ni d’accord ni pas d’accord (neutre)","Ni d’accord ni pas d’accord (neutre)","Ni d’accord ni pas d’accord (neutre)","Plutôt pas d'accord","Pas du tout d'accord","Pas du tout d'accord","Pas du tout d'accord","Pas du tout d'accord","Pas du tout d'accord","Pas du tout d'accord","Pas du tout d'accord","Ni d’accord ni pas d’accord (neutre)","Ni d’accord ni pas d’accord (neutre)","Pas du tout d'accord","Pas du tout d'accord","Pas du tout d'accord","Plutôt pas d'accord","Plutôt pas d'accord","Plutôt pas d'accord","Plutôt pas d'accord","Ni d’accord ni pas d’accord (neutre)","Plutôt pas d'accord","Plutôt pas d'accord","Plutôt pas d'accord","Je m’y intéresse peu ou pas","Basés sur le goût;Basés sur le prix","Soutenir les producteurs;Aucun de ces éléments ne me motive","Une mode passagère;Une démarche que j’admire sans suivre","Le prix","Aides financières (chèques alimentation, épiceries solidaires…)"
"2025/05/26 12:20:46 PM UTC+3","Bretagne","Tout à fait d’accord","Plutôt d’accord","Tout à fait d’accord","Plutôt d’accord","Plutôt d’accord","Tout à fait d’accord","Tout à fait d’accord","Tout à fait d’accord","Plutôt d’accord","Tout à fait d’accord","Pas du tout d'accord","Plutôt d’accord","Ni d’accord ni pas d’accord (neutre)","Ni d’accord ni pas d’accord (neutre)","Pas du tout d'accord","Tout à fait d’accord","Tout à fait d’accord","Ni d’accord ni pas d’accord (neutre)","Ni d’accord ni pas d’accord (neutre)","Ni d’accord ni pas d’accord (neutre)","Ni d’accord ni pas d’accord (neutre)","Tout à fait d’accord","Tout à fait d’accord","Ni d’accord ni pas d’accord (neutre)","Tout à fait d’accord","Tout à fait d’accord","Tout à fait d’accord","Ni d’accord ni pas d’accord (neutre)","Tout à fait d’accord","Ni d’accord ni pas d’accord (neutre)","Tout à fait d’accord","Tout à fait d’accord","Tout à fait d’accord","Ni d’accord ni pas d’accord (neutre)","Tout à fait d’accord","Tout à fait d’accord","Ni d’accord ni pas d’accord (neutre)","Pas du tout d'accord","Pas du tout d'accord","Ni d’accord ni pas d’accord (neutre)","Pas du tout d'accord","Pas du tout d'accord","Tout à fait d’accord","Tout à fait d’accord","Tout à fait d’accord","Plutôt d’accord","Tout à fait d’accord","Tout à fait d’accord","C’est important, mais ce n’est pas toujours simple","Basés sur la proximité géographique;Basés sur l’impact environnemental","Soutenir les producteurs;Manger plus sainement;Limiter son empreinte écologique","Un réflexe","Le manque d’information claire;Le manque de temps","Meilleure signalétique des produits locaux;Plus d’offres en ligne / en livraison"
"2025/05/26 12:24:24 PM UTC+3","Bretagne","Plutôt d’accord","Plutôt d’accord","Plutôt d’accord","Plutôt pas d'accord","Plutôt pas d'accord","Plutôt d’accord","Tout à fait d’accord","Plutôt d’accord","Pas du tout d'accord","Ni d’accord ni pas d’accord (neutre)","Pas du tout d'accord","Pas du tout d'accord","Pas du tout d'accord","Pas du tout d'accord","Ni d’accord ni pas d’accord (neutre)","Plutôt pas d'accord","Plutôt d’accord","Plutôt pas d'accord","Plutôt d’accord","Tout à fait d’accord","Plutôt d’accord","Plutôt d’accord","Plutôt d’accord","Plutôt pas d'accord","Ni d’accord ni pas d’accord (neutre)","Plutôt d’accord","Plutôt d’accord","Plutôt d’accord","Plutôt d’accord","Ni d’accord ni pas d’accord (neutre)","Ni d’accord ni pas d’accord (neutre)","Plutôt d’accord","Pas du tout d'accord","Plutôt pas d'accord","Pas du tout d'accord","Tout à fait d’accord","Plutôt d’accord","Pas du tout d'accord","Tout à fait d’accord","Plutôt d’accord","Plutôt d’accord","Pas du tout d'accord","Plutôt d’accord","Plutôt d’accord","Tout à fait d’accord","Tout à fait d’accord","Tout à fait d’accord","Tout à fait d’accord","J’y suis sensible, mais je n’agis pas beaucoup","Basés sur le goût;Basés sur le prix;Basés sur la facilité d’accès","Limiter son empreinte écologique;Réduire les intermédiaires;Faire un acte politique","Un effort","Le prix;Le manque de temps;Le manque d’habitude","Aides financières (chèques alimentation, épiceries solidaires…);Plus d’offres en ligne / en livraison"
"2025/05/26 12:25:23 PM UTC+3","Bretagne","Plutôt d’accord","Plutôt pas d'accord","Tout à fait d’accord","Plutôt d’accord","Ni d’accord ni pas d’accord (neutre)","Plutôt pas d'accord","Tout à fait d’accord","Tout à fait d’accord","Pas du tout d'accord","Pas du tout d'accord","Pas du tout d'accord","Pas du tout d'accord","Pas du tout d'accord","Pas du tout d'accord","Pas du tout d'accord","Pas du tout d'accord","Plutôt d’accord","Tout à fait d’accord","Plutôt d’accord","Ni d’accord ni pas d’accord (neutre)","Plutôt pas d'accord","Ni d’accord ni pas d’accord (neutre)","Plutôt d’accord","Plutôt pas d'accord","Tout à fait d’accord","Plutôt d’accord","Plutôt d’accord","Ni d’accord ni pas d’accord (neutre)","Plutôt d’accord","Plutôt d’accord","Plutôt pas d'accord","Tout à fait d’accord","Pas du tout d'accord","Pas du tout d'accord","Pas du tout d'accord","Ni d’accord ni pas d’accord (neutre)","Tout à fait d’accord","Plutôt d’accord","Plutôt d’accord","Plutôt d’accord","Ni d’accord ni pas d’accord (neutre)","Plutôt pas d'accord","Tout à fait d’accord","Plutôt pas d'accord","Tout à fait d’accord","Plutôt d’accord","Tout à fait d’accord","Tout à fait d’accord","J’y suis sensible, mais je n’agis pas beaucoup","Basés sur le prix;Basés sur la qualité nutritionnelle;Basés sur la facilité d’accès","Soutenir les producteurs;Limiter son empreinte écologique","Un idéal inaccessible;Une démarche que j’admire sans suivre","Le prix;Le manque d’information claire","Meilleure signalétique des produits locaux;Aides financières (chèques alimentation, épiceries solidaires…);Plus d’événements ou d’animations sur l’alimentation locale"
"2025/05/26 12:25:39 PM UTC+3","Bretagne","Plutôt pas d'accord","Plutôt d’accord","Plutôt d’accord","Plutôt d’accord","Ni d’accord ni pas d’accord (neutre)","Plutôt d’accord","Plutôt d’accord","Tout à fait d’accord","Plutôt d’accord","Plutôt d’accord","Plutôt pas d'accord","Plutôt d’accord","Plutôt pas d'accord","Plutôt pas d'accord","Ni d’accord ni pas d’accord (neutre)","Plutôt d’accord","Ni d’accord ni pas d’accord (neutre)","Tout à fait d’accord","Plutôt pas d'accord","Plutôt pas d'accord","Ni d’accord ni pas d’accord (neutre)","Plutôt d’accord","Tout à fait d’accord","Plutôt pas d'accord","Tout à fait d’accord","Tout à fait d’accord","Plutôt d’accord","Tout à fait d’accord","Plutôt d’accord","Ni d’accord ni pas d’accord (neutre)","Plutôt pas d'accord","Plutôt d’accord","Plutôt d’accord","Plutôt d’accord","Ni d’accord ni pas d’accord (neutre)","Plutôt d’accord","Tout à fait d’accord","Pas du tout d'accord","Pas du tout d'accord","Plutôt pas d'accord","Plutôt pas d'accord","Plutôt pas d'accord","Tout à fait d’accord","Plutôt pas d'accord","Tout à fait d’accord","Plutôt d’accord","Plutôt d’accord","Tout à fait d’accord","J’y suis sensible, mais je n’agis pas beaucoup","Basés sur le goût;Basés sur le prix;Basés sur la qualité nutritionnelle","Soutenir les producteurs;Limiter son empreinte écologique;Réduire les intermédiaires","Un effort","Le prix;Le manque d’habitude","Aides financières (chèques alimentation, épiceries solidaires…);Plus de liens avec les producteurs (visites, témoignages…)"
"2025/05/26 12:26:51 PM UTC+3","Bretagne","Plutôt d’accord","Ni d’accord ni pas d’accord (neutre)","Tout à fait d’accord","Plutôt pas d'accord","Plutôt d’accord","Plutôt pas d'accord","Plutôt d’accord","Tout à fait d’accord","Ni d’accord ni pas d’accord (neutre)","Plutôt d’accord","Pas du tout d'accord","Plutôt pas d'accord","Pas du tout d'accord","Plutôt d’accord","Plutôt pas d'accord","Pas du tout d'accord","Plutôt d’accord","Tout à fait d’accord","Plutôt pas d'accord","Plutôt pas d'accord","Ni d’accord ni pas d’accord (neutre)","Ni d’accord ni pas d’accord (neutre)","Plutôt d’accord","Plutôt d’accord","Tout à fait d’accord","Plutôt d’accord","Plutôt d’accord","Plutôt pas d'accord","Plutôt d’accord","Plutôt d’accord","Plutôt d’accord","Plutôt pas d'accord","Plutôt pas d'accord","Plutôt pas d'accord","Plutôt pas d'accord","Plutôt d’accord","Plutôt d’accord","Plutôt d’accord","Plutôt pas d'accord","Plutôt pas d'accord","Plutôt pas d'accord","Plutôt pas d'accord","Plutôt pas d'accord","Plutôt pas d'accord","Plutôt d’accord","Plutôt d’accord","Plutôt d’accord","Plutôt d’accord","C’est important, mais ce n’est pas toujours simple","Basés sur le prix;Basés sur la proximité géographique;Basés sur l’impact environnemental","Soutenir les producteurs;Limiter son empreinte écologique","Une démarche que j’admire sans suivre","Le prix","Aides financières (chèques alimentation, épiceries solidaires…);Plus de liens avec les producteurs (visites, témoignages…)"
"2025/05/26 12:35:30 PM UTC+3","Bretagne","Ni d’accord ni pas d’accord (neutre)","Ni d’accord ni pas d’accord (neutre)","Plutôt d’accord","Ni d’accord ni pas d’accord (neutre)","Plutôt d’accord","Tout à fait d’accord","Tout à fait d’accord","Tout à fait d’accord","Pas du tout d'accord","Ni d’accord ni pas d’accord (neutre)","Pas du tout d'accord","Tout à fait d’accord","Plutôt d’accord","Tout à fait d’accord","Tout à fait d’accord","Plutôt pas d'accord","Plutôt pas d'accord","Plutôt d’accord","Plutôt d’accord","Plutôt pas d'accord","Ni d’accord ni pas d’accord (neutre)","Tout à fait d’accord","Plutôt d’accord","Pas du tout d'accord","Plutôt d’accord","Plutôt d’accord","Plutôt d’accord","Plutôt pas d'accord","Tout à fait d’accord","Tout à fait d’accord","Plutôt d’accord","Tout à fait d’accord","Tout à fait d’accord","Ni d’accord ni pas d’accord (neutre)","Ni d’accord ni pas d’accord (neutre)","Plutôt d’accord","Pas du tout d'accord","Pas du tout d'accord","Pas du tout d'accord","Pas du tout d'accord","Pas du tout d'accord","Pas du tout d'accord","Plutôt d’accord","Pas du tout d'accord","Tout à fait d’accord","Plutôt d’accord","Tout à fait d’accord","Tout à fait d’accord","J’y suis sensible, mais je n’agis pas beaucoup","Basés sur le goût;Basés sur la qualité nutritionnelle;Basés sur l’impact environnemental","Soutenir les producteurs;Manger plus sainement;Réduire les intermédiaires;Faire un acte politique","Un effort","Le manque de temps","Plus d’événements ou d’animations sur l’alimentation locale"
"2025/05/26 12:36:16 PM UTC+3","Bretagne","Plutôt pas d'accord","Plutôt d’accord","Plutôt d’accord","Ni d’accord ni pas d’accord (neutre)","Ni d’accord ni pas d’accord (neutre)","Plutôt d’accord","Ni d’accord ni pas d’accord (neutre)","Plutôt d’accord","Plutôt pas d'accord","Plutôt d’accord","Ni d’accord ni pas d’accord (neutre)","Ni d’accord ni pas d’accord (neutre)","Plutôt pas d'accord","Plutôt pas d'accord","Plutôt pas d'accord","Plutôt pas d'accord","Plutôt pas d'accord","Plutôt pas d'accord","Plutôt pas d'accord","Pas du tout d'accord","Ni d’accord ni pas d’accord (neutre)","Plutôt d’accord","Plutôt pas d'accord","Pas du tout d'accord","Plutôt d’accord","Ni d’accord ni pas d’accord (neutre)","Plutôt d’accord","Ni d’accord ni pas d’accord (neutre)","Ni d’accord ni pas d’accord (neutre)","Tout à fait d’accord","Ni d’accord ni pas d’accord (neutre)","Ni d’accord ni pas d’accord (neutre)","Plutôt d’accord","Ni d’accord ni pas d’accord (neutre)","Ni d’accord ni pas d’accord (neutre)","Plutôt pas d'accord","Ni d’accord ni pas d’accord (neutre)","Ni d’accord ni pas d’accord (neutre)","Plutôt pas d'accord","Pas du tout d'accord","Pas du tout d'accord","Pas du tout d'accord","Plutôt pas d'accord","Plutôt pas d'accord","Plutôt pas d'accord","Plutôt pas d'accord","Ni d’accord ni pas d’accord (neutre)","Plutôt d’accord","J’y suis sensible, mais je n’agis pas beaucoup","Basés sur le goût;Basés sur le prix;Basés sur la qualité nutritionnelle","Limiter son empreinte écologique;Réduire les intermédiaires","Une contrainte","Le manque d’offre proche;Le manque d’information claire;Je ne sais pas où chercher","Plus d’événements ou d’animations sur l’alimentation locale;Plus de liens avec les producteurs (visites, témoignages…)"
"2025/05/26 12:38:17 PM UTC+3","Bretagne","Plutôt d’accord","Plutôt pas d'accord","Plutôt d’accord","Ni d’accord ni pas d’accord (neutre)","Plutôt pas d'accord","Plutôt d’accord","Ni d’accord ni pas d’accord (neutre)","Plutôt d’accord","Plutôt pas d'accord","Tout à fait d’accord","Pas du tout d'accord","Plutôt pas d'accord","Tout à fait d’accord","Tout à fait d’accord","Plutôt d’accord","Tout à fait d’accord","Plutôt d’accord","Plutôt d’accord","Plutôt pas d'accord","Plutôt pas d'accord","Plutôt pas d'accord","Tout à fait d’accord","Tout à fait d’accord","Plutôt pas d'accord","Tout à fait d’accord","Tout à fait d’accord","Tout à fait d’accord","Ni d’accord ni pas d’accord (neutre)","Plutôt d’accord","Tout à fait d’accord","Tout à fait d’accord","Plutôt d’accord","Tout à fait d’accord","Ni d’accord ni pas d’accord (neutre)","Plutôt pas d'accord","Tout à fait d’accord","Plutôt d’accord","Pas du tout d'accord","Pas du tout d'accord","Pas du tout d'accord","Pas du tout d'accord","Pas du tout d'accord","Plutôt d’accord","Plutôt d’accord","Plutôt d’accord","Pas du tout d'accord","Plutôt d’accord","Plutôt d’accord","J’y suis sensible, mais je n’agis pas beaucoup","Basés sur le goût;Basés sur la proximité géographique;Basés sur la facilité d’accès","Soutenir les producteurs;Manger plus sainement;S’ancrer dans un territoire;Réduire les intermédiaires","Un effort","Aucun obstacle particulier","Meilleure signalétique des produits locaux"
"2025/05/26 12:38:33 PM UTC+3","Hauts-de-France","Plutôt d’accord","Plutôt d’accord","Tout à fait d’accord","Tout à fait d’accord","Ni d’accord ni pas d’accord (neutre)","Plutôt d’accord","Plutôt d’accord","Plutôt d’accord","Ni d’accord ni pas d’accord (neutre)","Plutôt d’accord","Pas du tout d'accord","Plutôt d’accord","Ni d’accord ni pas d’accord (neutre)","Plutôt d’accord","Ni d’accord ni pas d’accord (neutre)","Plutôt d’accord","Plutôt d’accord","Tout à fait d’accord","Plutôt d’accord","Plutôt d’accord","Plutôt d’accord","Plutôt d’accord","Tout à fait d’accord","Tout à fait d’accord","Tout à fait d’accord","Tout à fait d’accord","Tout à fait d’accord","Plutôt d’accord","Plutôt d’accord","Plutôt d’accord","Ni d’accord ni pas d’accord (neutre)","Plutôt pas d'accord","Plutôt d’accord","Plutôt d’accord","Plutôt d’accord","Plutôt d’accord","Plutôt d’accord","Ni d’accord ni pas d’accord (neutre)","Plutôt d’accord","Ni d’accord ni pas d’accord (neutre)","Plutôt d’accord","Ni d’accord ni pas d’accord (neutre)","Plutôt d’accord","Plutôt d’accord","Plutôt d’accord","Ni d’accord ni pas d’accord (neutre)","Plutôt d’accord","Plutôt d’accord","C’est important, mais ce n’est pas toujours simple","Basés sur le prix;Basés sur la proximité géographique","Soutenir les producteurs;Manger plus sainement;S’ancrer dans un territoire","Un réflexe","Le manque de temps;Le manque d’habitude","Plus de liens avec les producteurs (visites, témoignages…)"
"2025/05/26 12:43:49 PM UTC+3","Bretagne","Tout à fait d’accord","Tout à fait d’accord","Ni d’accord ni pas d’accord (neutre)","Tout à fait d’accord","Tout à fait d’accord","Tout à fait d’accord","Tout à fait d’accord","Tout à fait d’accord","Plutôt pas d'accord","Plutôt d’accord","Pas du tout d'accord","Tout à fait d’accord","Tout à fait d’accord","Tout à fait d’accord","Pas du tout d'accord","Plutôt d’accord","Tout à fait d’accord","Plutôt d’accord","Plutôt d’accord","Plutôt pas d'accord","Tout à fait d’accord","Tout à fait d’accord","Tout à fait d’accord","Tout à fait d’accord","Tout à fait d’accord","Tout à fait d’accord","Tout à fait d’accord","Ni d’accord ni pas d’accord (neutre)","Tout à fait d’accord","Tout à fait d’accord","Tout à fait d’accord","Tout à fait d’accord","Tout à fait d’accord","Tout à fait d’accord","Plutôt d’accord","Tout à fait d’accord","Plutôt d’accord","Pas du tout d'accord","Pas du tout d'accord","Tout à fait d’accord","Tout à fait d’accord","Plutôt d’accord","Tout à fait d’accord","Tout à fait d’accord","Tout à fait d’accord","Tout à fait d’accord","Tout à fait d’accord","Tout à fait d’accord","C’est central pour moi, je fais beaucoup d’efforts","Basés sur la proximité géographique;Basés sur l’impact environnemental","Soutenir les producteurs;Limiter son empreinte écologique;Faire un acte politique","Un réflexe;Un effort","Le manque d’offre proche;Le manque d’information claire","Meilleure signalétique des produits locaux;Plus d’événements ou d’animations sur l’alimentation locale;Plus de liens avec les producteurs (visites, témoignages…)"
"2025/05/26 12:46:32 PM UTC+3","Centre-Val de Loire","Tout à fait d’accord","Plutôt d’accord","Plutôt pas d'accord","Plutôt pas d'accord","Plutôt d’accord","Tout à fait d’accord","Ni d’accord ni pas d’accord (neutre)","Plutôt d’accord","Plutôt d’accord","Tout à fait d’accord","Pas du tout d'accord","Pas du tout d'accord","Plutôt pas d'accord","Plutôt pas d'accord","Pas du tout d'accord","Plutôt d’accord","Plutôt pas d'accord","Pas du tout d'accord","Pas du tout d'accord","Pas du tout d'accord","Plutôt d’accord","Plutôt d’accord","Plutôt d’accord","Plutôt d’accord","Plutôt d’accord","Plutôt d’accord","Plutôt d’accord","Pas du tout d'accord","Plutôt pas d'accord","Plutôt pas d'accord","Plutôt d’accord","Plutôt d’accord","Ni d’accord ni pas d’accord (neutre)","Ni d’accord ni pas d’accord (neutre)","Pas du tout d'accord","Plutôt pas d'accord","Ni d’accord ni pas d’accord (neutre)","Pas du tout d'accord","Pas du tout d'accord","Tout à fait d’accord","Pas du tout d'accord","Pas du tout d'accord","Ni d’accord ni pas d’accord (neutre)","Plutôt d’accord","Plutôt d’accord","Plutôt d’accord","Plutôt d’accord","Plutôt d’accord","J’y suis sensible, mais je n’agis pas beaucoup","Basés sur le goût;Basés sur le prix;Basés sur la proximité géographique;Basés sur la qualité nutritionnelle","Soutenir les producteurs;Manger plus sainement;Réduire les intermédiaires","Un effort","Le prix;Le manque d’information claire;Le manque de temps;Je ne sais pas où chercher","Meilleure signalétique des produits locaux;Plus d’offres en ligne / en livraison;Plus de liens avec les producteurs (visites, témoignages…)"
"2025/05/26 12:48:29 PM UTC+3","Bretagne","Ni d’accord ni pas d’accord (neutre)","Plutôt pas d'accord","Plutôt d’accord","Ni d’accord ni pas d’accord (neutre)","Ni d’accord ni pas d’accord (neutre)","Plutôt d’accord","Plutôt d’accord","Plutôt d’accord","Pas du tout d'accord","Plutôt pas d'accord","Pas du tout d'accord","Plutôt pas d'accord","Pas du tout d'accord","Pas du tout d'accord","Ni d’accord ni pas d’accord (neutre)","Pas du tout d'accord","Plutôt d’accord","Plutôt d’accord","Ni d’accord ni pas d’accord (neutre)","Plutôt d’accord","Ni d’accord ni pas d’accord (neutre)","Plutôt d’accord","Plutôt pas d'accord","Pas du tout d'accord","Plutôt d’accord","Ni d’accord ni pas d’accord (neutre)","Ni d’accord ni pas d’accord (neutre)","Plutôt pas d'accord","Plutôt d’accord","Plutôt d’accord","Ni d’accord ni pas d’accord (neutre)","Plutôt d’accord","Ni d’accord ni pas d’accord (neutre)","Plutôt pas d'accord","Pas du tout d'accord","Plutôt d’accord","Plutôt d’accord","Pas du tout d'accord","Pas du tout d'accord","Pas du tout d'accord","Plutôt d’accord","Plutôt pas d'accord","Plutôt d’accord","Pas du tout d'accord","Plutôt d’accord","Pas du tout d'accord","Plutôt d’accord","Plutôt d’accord","J’y suis sensible, mais je n’agis pas beaucoup","Basés sur le goût;Basés sur le prix;Basés sur la proximité géographique;Basés sur la qualité nutritionnelle","Limiter son empreinte écologique","Une démarche que j’admire sans suivre","Le prix;Le manque d’offre proche;Le manque d’habitude;Je ne sais pas où chercher;Aucun obstacle particulier","Aides financières (chèques alimentation, épiceries solidaires…);Plus d’événements ou d’animations sur l’alimentation locale;Plus d’offres en ligne / en livraison"
"2025/05/26 12:52:26 PM UTC+3","Bretagne","Plutôt d’accord","Ni d’accord ni pas d’accord (neutre)","Ni d’accord ni pas d’accord (neutre)","Plutôt d’accord","Plutôt d’accord","Tout à fait d’accord","Tout à fait d’accord","Tout à fait d’accord","Plutôt pas d'accord","Plutôt d’accord","Pas du tout d'accord","Plutôt d’accord","Tout à fait d’accord","Tout à fait d’accord","Plutôt d’accord","Plutôt d’accord","Ni d’accord ni pas d’accord (neutre)","Ni d’accord ni pas d’accord (neutre)","Ni d’accord ni pas d’accord (neutre)","Plutôt pas d'accord","Ni d’accord ni pas d’accord (neutre)","Plutôt d’accord","Plutôt pas d'accord","Pas du tout d'accord","Plutôt d’accord","Tout à fait d’accord","Tout à fait d’accord","Ni d’accord ni pas d’accord (neutre)","Plutôt d’accord","Plutôt d’accord","Tout à fait d’accord","Tout à fait d’accord","Tout à fait d’accord","Plutôt d’accord","Plutôt pas d'accord","Plutôt d’accord","Plutôt d’accord","Pas du tout d'accord","Plutôt pas d'accord","Pas du tout d'accord","Pas du tout d'accord","Pas du tout d'accord","Ni d’accord ni pas d’accord (neutre)","Pas du tout d'accord","Tout à fait d’accord","Ni d’accord ni pas d’accord (neutre)","Plutôt d’accord","Plutôt d’accord","C’est important, mais ce n’est pas toujours simple","Basés sur la proximité géographique;Basés sur la qualité nutritionnelle;Basés sur l’impact environnemental;Basés sur la facilité d’accès","Soutenir les producteurs;Limiter son empreinte écologique;S’ancrer dans un territoire","Un réflexe","Le manque d’offre proche;Le manque d’information claire","Meilleure signalétique des produits locaux;Plus d’événements ou d’animations sur l’alimentation locale;Plus de liens avec les producteurs (visites, témoignages…)"
"2025/05/26 12:53:40 PM UTC+3","Bretagne","Ni d’accord ni pas d’accord (neutre)","Plutôt pas d'accord","Plutôt d’accord","Plutôt pas d'accord","Ni d’accord ni pas d’accord (neutre)","Plutôt d’accord","Tout à fait d’accord","Ni d’accord ni pas d’accord (neutre)","Pas du tout d'accord","Plutôt pas d'accord","Pas du tout d'accord","Pas du tout d'accord","Pas du tout d'accord","Plutôt pas d'accord","Pas du tout d'accord","Pas du tout d'accord","Ni d’accord ni pas d’accord (neutre)","Plutôt d’accord","Plutôt d’accord","Plutôt pas d'accord","Plutôt pas d'accord","Plutôt pas d'accord","Ni d’accord ni pas d’accord (neutre)","Pas du tout d'accord","Tout à fait d’accord","Tout à fait d’accord","Tout à fait d’accord","Tout à fait d’accord","Tout à fait d’accord","Tout à fait d’accord","Plutôt pas d'accord","Tout à fait d’accord","Plutôt pas d'accord","Plutôt pas d'accord","Ni d’accord ni pas d’accord (neutre)","Ni d’accord ni pas d’accord (neutre)","Tout à fait d’accord","Pas du tout d'accord","Plutôt d’accord","Pas du tout d'accord","Pas du tout d'accord","Pas du tout d'accord","Tout à fait d’accord","Ni d’accord ni pas d’accord (neutre)","Tout à fait d’accord","Ni d’accord ni pas d’accord (neutre)","Tout à fait d’accord","Tout à fait d’accord","C’est important, mais ce n’est pas toujours simple","Basés sur le prix;Basés sur l’impact environnemental","Soutenir les producteurs;Limiter son empreinte écologique","Un effort;Une démarche que j’admire sans suivre","Le prix;Le manque d’information claire;Le manque de temps;Le manque d’habitude","Meilleure signalétique des produits locaux;Aides financières (chèques alimentation, épiceries solidaires…);Plus d’événements ou d’animations sur l’alimentation locale"
"2025/05/26 12:55:52 PM UTC+3","Centre-Val de Loire","Ni d’accord ni pas d’accord (neutre)","Tout à fait d’accord","Plutôt pas d'accord","Pas du tout d'accord","Pas du tout d'accord","Plutôt pas d'accord","Pas du tout d'accord","Plutôt d’accord","Pas du tout d'accord","Ni d’accord ni pas d’accord (neutre)","Pas du tout d'accord","Pas du tout d'accord","Pas du tout d'accord","Pas du tout d'accord","Pas du tout d'accord","Pas du tout d'accord","Pas du tout d'accord","Plutôt pas d'accord","Plutôt pas d'accord","Pas du tout d'accord","Pas du tout d'accord","Pas du tout d'accord","Pas du tout d'accord","Pas du tout d'accord","Tout à fait d’accord","Tout à fait d’accord","Tout à fait d’accord","Ni d’accord ni pas d’accord (neutre)","Ni d’accord ni pas d’accord (neutre)","Tout à fait d’accord","Plutôt pas d'accord","Ni d’accord ni pas d’accord (neutre)","Ni d’accord ni pas d’accord (neutre)","Ni d’accord ni pas d’accord (neutre)","Ni d’accord ni pas d’accord (neutre)","Pas du tout d'accord","Plutôt d’accord","Pas du tout d'accord","Pas du tout d'accord","Pas du tout d'accord","Tout à fait d’accord","Pas du tout d'accord","Pas du tout d'accord","Pas du tout d'accord","Tout à fait d’accord","Ni d’accord ni pas d’accord (neutre)","Ni d’accord ni pas d’accord (neutre)","Plutôt d’accord","J’y suis sensible, mais je n’agis pas beaucoup","Basés sur le prix;Basés sur la proximité géographique;Basés sur la facilité d’accès","Soutenir les producteurs;Manger plus sainement;Réduire les intermédiaires","Une démarche que j’admire sans suivre","Le manque d’offre proche;Je ne sais pas où chercher","Meilleure signalétique des produits locaux;Plus d’événements ou d’animations sur l’alimentation locale"
"2025/05/26 12:57:03 PM UTC+3","Bretagne","Plutôt d’accord","Plutôt d’accord","Ni d’accord ni pas d’accord (neutre)","Plutôt d’accord","Ni d’accord ni pas d’accord (neutre)","Plutôt d’accord","Ni d’accord ni pas d’accord (neutre)","Tout à fait d’accord","Tout à fait d’accord","Plutôt d’accord","Pas du tout d'accord","Tout à fait d’accord","Plutôt d’accord","Tout à fait d’accord","Plutôt d’accord","Tout à fait d’accord","Plutôt d’accord","Plutôt d’accord","Plutôt d’accord","Plutôt d’accord","Plutôt d’accord","Tout à fait d’accord","Tout à fait d’accord","Plutôt d’accord","Plutôt d’accord","Plutôt d’accord","Ni d’accord ni pas d’accord (neutre)","Pas du tout d'accord","Ni d’accord ni pas d’accord (neutre)","Tout à fait d’accord","Tout à fait d’accord","Plutôt d’accord","Plutôt d’accord","Ni d’accord ni pas d’accord (neutre)","Pas du tout d'accord","Plutôt d’accord","Ni d’accord ni pas d’accord (neutre)","Pas du tout d'accord","Pas du tout d'accord","Plutôt d’accord","Ni d’accord ni pas d’accord (neutre)","Ni d’accord ni pas d’accord (neutre)","Plutôt d’accord","Plutôt d’accord","Tout à fait d’accord","Plutôt d’accord","Plutôt d’accord","Tout à fait d’accord","C’est important, mais ce n’est pas toujours simple","Basés sur le goût;Basés sur la proximité géographique;Basés sur la qualité nutritionnelle","Soutenir les producteurs;Manger plus sainement;Limiter son empreinte écologique;S’ancrer dans un territoire","Un réflexe","Le manque d’offre proche;Le manque de temps","Meilleure signalétique des produits locaux"
"2025/05/26 12:59:58 PM UTC+3","Bretagne","Plutôt pas d'accord","Pas du tout d'accord","Ni d’accord ni pas d’accord (neutre)","Pas du tout d'accord","Ni d’accord ni pas d’accord (neutre)","Plutôt d’accord","Tout à fait d’accord","Plutôt d’accord","Pas du tout d'accord","Plutôt d’accord","Pas du tout d'accord","Pas du tout d'accord","Pas du tout d'accord","Pas du tout d'accord","Pas du tout d'accord","Pas du tout d'accord","Tout à fait d’accord","Tout à fait d’accord","Tout à fait d’accord","Pas du tout d'accord","Plutôt pas d'accord","Plutôt d’accord","Plutôt d’accord","Plutôt d’accord","Plutôt d’accord","Ni d’accord ni pas d’accord (neutre)","Ni d’accord ni pas d’accord (neutre)","Pas du tout d'accord","Plutôt pas d'accord","Ni d’accord ni pas d’accord (neutre)","Plutôt pas d'accord","Plutôt pas d'accord","Pas du tout d'accord","Pas du tout d'accord","Pas du tout d'accord","Pas du tout d'accord","Tout à fait d’accord","Pas du tout d'accord","Pas du tout d'accord","Plutôt pas d'accord","Plutôt pas d'accord","Pas du tout d'accord","Plutôt d’accord","Plutôt pas d'accord","Plutôt d’accord","Plutôt pas d'accord","Tout à fait d’accord","Tout à fait d’accord","C’est important, mais ce n’est pas toujours simple","Basés sur le prix;Basés sur la qualité nutritionnelle;Basés sur l’impact environnemental","Soutenir les producteurs;Limiter son empreinte écologique","Un effort","Le prix;Le manque d’offre proche;Je ne sais pas où chercher","Meilleure signalétique des produits locaux;Aides financières (chèques alimentation, épiceries solidaires…)"
"2025/05/26 1:01:26 PM UTC+3","Bretagne","Plutôt d’accord","Tout à fait d’accord","Ni d’accord ni pas d’accord (neutre)","Plutôt d’accord","Plutôt d’accord","Plutôt d’accord","Plutôt d’accord","Tout à fait d’accord","Plutôt d’accord","Tout à fait d’accord","Tout à fait d’accord","Tout à fait d’accord","Tout à fait d’accord","Tout à fait d’accord","Plutôt d’accord","Tout à fait d’accord","Tout à fait d’accord","Plutôt d’accord","Tout à fait d’accord","Plutôt d’accord","Plutôt d’accord","Plutôt pas d'accord","Tout à fait d’accord","Plutôt d’accord","Tout à fait d’accord","Tout à fait d’accord","Plutôt d’accord","Plutôt d’accord","Plutôt d’accord","Plutôt d’accord","Plutôt d’accord","Tout à fait d’accord","Ni d’accord ni pas d’accord (neutre)","Plutôt d’accord","Ni d’accord ni pas d’accord (neutre)","Plutôt pas d'accord","Ni d’accord ni pas d’accord (neutre)","Plutôt pas d'accord","Plutôt d’accord","Plutôt d’accord","Ni d’accord ni pas d’accord (neutre)","Ni d’accord ni pas d’accord (neutre)","Tout à fait d’accord","Tout à fait d’accord","Plutôt d’accord","Plutôt d’accord","Plutôt d’accord","Tout à fait d’accord","C’est important, mais ce n’est pas toujours simple","Basés sur le prix;Basés sur la proximité géographique;Basés sur la qualité nutritionnelle;Basés sur l’impact environnemental;Basés sur la facilité d’accès","Soutenir les producteurs;Limiter son empreinte écologique;S’ancrer dans un territoire;Réduire les intermédiaires;Faire un acte politique","Un réflexe;Un idéal inaccessible","Le prix;Le manque d’offre proche;Le manque d’information claire","Meilleure signalétique des produits locaux;Aides financières (chèques alimentation, épiceries solidaires…);Plus d’événements ou d’animations sur l’alimentation locale;Plus d’offres en ligne / en livraison;Plus de liens avec les producteurs (visites, témoignages…)"
"2025/05/26 1:01:36 PM UTC+3","Centre-Val de Loire","Plutôt d’accord","Plutôt pas d'accord","Plutôt d’accord","Ni d’accord ni pas d’accord (neutre)","Ni d’accord ni pas d’accord (neutre)","Ni d’accord ni pas d’accord (neutre)","Pas du tout d'accord","Plutôt d’accord","Pas du tout d'accord","Pas du tout d'accord","Ni d’accord ni pas d’accord (neutre)","Plutôt pas d'accord","Ni d’accord ni pas d’accord (neutre)","Ni d’accord ni pas d’accord (neutre)","Pas du tout d'accord","Pas du tout d'accord","Plutôt pas d'accord","Plutôt d’accord","Ni d’accord ni pas d’accord (neutre)","Plutôt pas d'accord","Plutôt pas d'accord","Ni d’accord ni pas d’accord (neutre)","Plutôt pas d'accord","Pas du tout d'accord","Pas du tout d'accord","Pas du tout d'accord","Plutôt pas d'accord","Plutôt pas d'accord","Plutôt pas d'accord","Plutôt d’accord","Plutôt d’accord","Plutôt d’accord","Plutôt pas d'accord","Ni d’accord ni pas d’accord (neutre)","Plutôt d’accord","Plutôt d’accord","Plutôt d’accord","Plutôt d’accord","Pas du tout d'accord","Pas du tout d'accord","Pas du tout d'accord","Pas du tout d'accord","Ni d’accord ni pas d’accord (neutre)","Plutôt d’accord","Tout à fait d’accord","Ni d’accord ni pas d’accord (neutre)","Tout à fait d’accord","Tout à fait d’accord","C’est important, mais ce n’est pas toujours simple","Basés sur le goût;Basés sur le prix;Basés sur la facilité d’accès","Soutenir les producteurs;Manger plus sainement","Un effort;Une démarche que j’admire sans suivre","Le prix;Le manque d’information claire;Le manque de temps;Le manque d’habitude","Plus d’offres en ligne / en livraison;Plus de liens avec les producteurs (visites, témoignages…)"
"2025/05/26 1:01:50 PM UTC+3","Bretagne","Plutôt d’accord","Plutôt d’accord","Ni d’accord ni pas d’accord (neutre)","Plutôt pas d'accord","Plutôt pas d'accord","Ni d’accord ni pas d’accord (neutre)","Plutôt d’accord","Plutôt d’accord","Pas du tout d'accord","Plutôt pas d'accord","Pas du tout d'accord","Plutôt pas d'accord","Tout à fait d’accord","Plutôt pas d'accord","Ni d’accord ni pas d’accord (neutre)","Plutôt d’accord","Plutôt pas d'accord","Ni d’accord ni pas d’accord (neutre)","Ni d’accord ni pas d’accord (neutre)","Ni d’accord ni pas d’accord (neutre)","Plutôt pas d'accord","Plutôt d’accord","Ni d’accord ni pas d’accord (neutre)","Ni d’accord ni pas d’accord (neutre)","Plutôt d’accord","Plutôt d’accord","Plutôt d’accord","Tout à fait d’accord","Ni d’accord ni pas d’accord (neutre)","Plutôt d’accord","Ni d’accord ni pas d’accord (neutre)","Plutôt d’accord","Ni d’accord ni pas d’accord (neutre)","Ni d’accord ni pas d’accord (neutre)","Ni d’accord ni pas d’accord (neutre)","Plutôt d’accord","Ni d’accord ni pas d’accord (neutre)","Plutôt pas d'accord","Pas du tout d'accord","Plutôt pas d'accord","Plutôt pas d'accord","Pas du tout d'accord","Plutôt pas d'accord","Plutôt pas d'accord","Plutôt d’accord","Ni d’accord ni pas d’accord (neutre)","Plutôt d’accord","Plutôt d’accord","J’y suis sensible, mais je n’agis pas beaucoup","Basés sur le goût;Basés sur l’impact environnemental;Basés sur la facilité d’accès","Soutenir les producteurs;S’ancrer dans un territoire","Un effort","Le manque d’offre proche;Le manque d’habitude","Meilleure signalétique des produits locaux;Plus d’offres en ligne / en livraison"
"2025/05/26 1:03:07 PM UTC+3","Bretagne","Plutôt pas d'accord","Plutôt pas d'accord","Plutôt pas d'accord","Plutôt pas d'accord","Plutôt pas d'accord","Plutôt pas d'accord","Pas du tout d'accord","Plutôt pas d'accord","Ni d’accord ni pas d’accord (neutre)","Plutôt d’accord","Plutôt pas d'accord","Plutôt pas d'accord","Plutôt pas d'accord","Ni d’accord ni pas d’accord (neutre)","Plutôt pas d'accord","Plutôt pas d'accord","Plutôt d’accord","Plutôt d’accord","Plutôt pas d'accord","Pas du tout d'accord","Pas du tout d'accord","Plutôt d’accord","Plutôt d’accord","Pas du tout d'accord","Tout à fait d’accord","Tout à fait d’accord","Ni d’accord ni pas d’accord (neutre)","Pas du tout d'accord","Ni d’accord ni pas d’accord (neutre)","Tout à fait d’accord","Pas du tout d'accord","Pas du tout d'accord","Ni d’accord ni pas d’accord (neutre)","Plutôt pas d'accord","Plutôt d’accord","Tout à fait d’accord","Tout à fait d’accord","Pas du tout d'accord","Pas du tout d'accord","Pas du tout d'accord","Tout à fait d’accord","Pas du tout d'accord","Pas du tout d'accord","Pas du tout d'accord","Tout à fait d’accord","Pas du tout d'accord","Tout à fait d’accord","Ni d’accord ni pas d’accord (neutre)","C’est important, mais ce n’est pas toujours simple","Basés sur le goût;Basés sur le prix","Manger plus sainement;Limiter son empreinte écologique","Un effort","Le manque de temps;Le manque d’habitude","Aides financières (chèques alimentation, épiceries solidaires…);Plus d’événements ou d’animations sur l’alimentation locale;Plus d’offres en ligne / en livraison"
"2025/05/26 1:03:53 PM UTC+3","Nouvelle-Aquitaine","Plutôt d’accord","Plutôt d’accord","Plutôt d’accord","Plutôt d’accord","Tout à fait d’accord","Tout à fait d’accord","Plutôt d’accord","Plutôt d’accord","Pas du tout d'accord","Plutôt d’accord","Pas du tout d'accord","Tout à fait d’accord","Tout à fait d’accord","Tout à fait d’accord","Plutôt d’accord","Plutôt d’accord","Plutôt d’accord","Plutôt d’accord","Plutôt d’accord","Ni d’accord ni pas d’accord (neutre)","Ni d’accord ni pas d’accord (neutre)","Plutôt d’accord","Plutôt d’accord","Ni d’accord ni pas d’accord (neutre)","Tout à fait d’accord","Tout à fait d’accord","Tout à fait d’accord","Ni d’accord ni pas d’accord (neutre)","Ni d’accord ni pas d’accord (neutre)","Plutôt d’accord","Ni d’accord ni pas d’accord (neutre)","Tout à fait d’accord","Plutôt d’accord","Plutôt d’accord","Ni d’accord ni pas d’accord (neutre)","Tout à fait d’accord","Tout à fait d’accord","Ni d’accord ni pas d’accord (neutre)","Ni d’accord ni pas d’accord (neutre)","Plutôt d’accord","Tout à fait d’accord","Pas du tout d'accord","Plutôt d’accord","Plutôt d’accord","Plutôt d’accord","Plutôt d’accord","Plutôt d’accord","Plutôt d’accord","C’est important, mais ce n’est pas toujours simple","Basés sur le goût;Basés sur la proximité géographique;Basés sur l’impact environnemental;Saisonnalité ","Soutenir les producteurs;Limiter son empreinte écologique;S’ancrer dans un territoire;Réduire les intermédiaires;Faire un acte politique","Un réflexe","Le prix","Plus d’événements ou d’animations sur l’alimentation locale;Plus de liens avec les producteurs (visites, témoignages…)"
"2025/05/26 1:06:12 PM UTC+3","Bretagne","Ni d’accord ni pas d’accord (neutre)","Pas du tout d'accord","Plutôt pas d'accord","Plutôt pas d'accord","Ni d’accord ni pas d’accord (neutre)","Ni d’accord ni pas d’accord (neutre)","Ni d’accord ni pas d’accord (neutre)","Pas du tout d'accord","Pas du tout d'accord","Plutôt d’accord","Pas du tout d'accord","Ni d’accord ni pas d’accord (neutre)","Pas du tout d'accord","Pas du tout d'accord","Pas du tout d'accord","Pas du tout d'accord","Pas du tout d'accord","Plutôt d’accord","Plutôt d’accord","Plutôt d’accord","Plutôt d’accord","Plutôt d’accord","Pas du tout d'accord","Pas du tout d'accord","Tout à fait d’accord","Tout à fait d’accord","Tout à fait d’accord","Pas du tout d'accord","Plutôt pas d'accord","Plutôt pas d'accord","Plutôt d’accord","Tout à fait d’accord","Ni d’accord ni pas d’accord (neutre)","Ni d’accord ni pas d’accord (neutre)","Ni d’accord ni pas d’accord (neutre)","Plutôt pas d'accord","Tout à fait d’accord","Pas du tout d'accord","Plutôt d’accord","Pas du tout d'accord","Pas du tout d'accord","Pas du tout d'accord","Ni d’accord ni pas d’accord (neutre)","Pas du tout d'accord","Tout à fait d’accord","Ni d’accord ni pas d’accord (neutre)","Ni d’accord ni pas d’accord (neutre)","Tout à fait d’accord","J’y suis sensible, mais je n’agis pas beaucoup","Basés sur le goût;Basés sur le prix;Basés sur la proximité géographique;Basés sur la qualité nutritionnelle;Basés sur la facilité d’accès","Soutenir les producteurs;Manger plus sainement","Un effort","Le prix;Le manque d’offre proche","Aides financières (chèques alimentation, épiceries solidaires…);Plus d’offres en ligne / en livraison"
"2025/05/26 1:06:35 PM UTC+3","Bretagne","Tout à fait d’accord","Plutôt d’accord","Ni d’accord ni pas d’accord (neutre)","Tout à fait d’accord","Tout à fait d’accord","Tout à fait d’accord","Tout à fait d’accord","Tout à fait d’accord","Tout à fait d’accord","Plutôt d’accord","Tout à fait d’accord","Tout à fait d’accord","Pas du tout d'accord","Tout à fait d’accord","Tout à fait d’accord","Ni d’accord ni pas d’accord (neutre)","Tout à fait d’accord","Tout à fait d’accord","Tout à fait d’accord","Tout à fait d’accord","Tout à fait d’accord","Tout à fait d’accord","Tout à fait d’accord","Tout à fait d’accord","Tout à fait d’accord","Tout à fait d’accord","Tout à fait d’accord","Tout à fait d’accord","Tout à fait d’accord","Tout à fait d’accord","Tout à fait d’accord","Tout à fait d’accord","Plutôt d’accord","Tout à fait d’accord","Tout à fait d’accord","Tout à fait d’accord","Plutôt pas d'accord","Plutôt pas d'accord","Tout à fait d’accord","Ni d’accord ni pas d’accord (neutre)","Tout à fait d’accord","Ni d’accord ni pas d’accord (neutre)","Tout à fait d’accord","Tout à fait d’accord","Tout à fait d’accord","Tout à fait d’accord","Tout à fait d’accord","Tout à fait d’accord","C’est central pour moi, je fais beaucoup d’efforts","Basés sur le goût;Basés sur la proximité géographique;Basés sur la qualité nutritionnelle;Basés sur l’impact environnemental","Soutenir les producteurs;Manger plus sainement;Limiter son empreinte écologique;S’ancrer dans un territoire;Réduire les intermédiaires;Faire un acte politique","Un réflexe","Aucun obstacle particulier","Meilleure signalétique des produits locaux;Aides financières (chèques alimentation, épiceries solidaires…);Plus d’événements ou d’animations sur l’alimentation locale;Plus de liens avec les producteurs (visites, témoignages…)"
"2025/05/26 1:11:00 PM UTC+3","Bretagne","Ni d’accord ni pas d’accord (neutre)","Plutôt pas d'accord","Plutôt d’accord","Tout à fait d’accord","Plutôt d’accord","Plutôt d’accord","Plutôt d’accord","Ni d’accord ni pas d’accord (neutre)","Ni d’accord ni pas d’accord (neutre)","Ni d’accord ni pas d’accord (neutre)","Plutôt pas d'accord","Plutôt pas d'accord","Pas du tout d'accord","Ni d’accord ni pas d’accord (neutre)","Ni d’accord ni pas d’accord (neutre)","Ni d’accord ni pas d’accord (neutre)","Plutôt d’accord","Tout à fait d’accord","Plutôt d’accord","Ni d’accord ni pas d’accord (neutre)","Ni d’accord ni pas d’accord (neutre)","Plutôt d’accord","Plutôt d’accord","Plutôt pas d'accord","Tout à fait d’accord","Plutôt d’accord","Tout à fait d’accord","Pas du tout d'accord","Plutôt d’accord","Ni d’accord ni pas d’accord (neutre)","Plutôt d’accord","Ni d’accord ni pas d’accord (neutre)","Ni d’accord ni pas d’accord (neutre)","Ni d’accord ni pas d’accord (neutre)","Plutôt pas d'accord","Plutôt d’accord","Plutôt d’accord","Pas du tout d'accord","Pas du tout d'accord","Plutôt pas d'accord","Pas du tout d'accord","Pas du tout d'accord","Plutôt d’accord","Ni d’accord ni pas d’accord (neutre)","Plutôt d’accord","Plutôt pas d'accord","Plutôt d’accord","Plutôt d’accord","C’est important, mais ce n’est pas toujours simple","Basés sur le goût;Basés sur le prix;Basés sur la qualité nutritionnelle","Soutenir les producteurs;Limiter son empreinte écologique","Un effort","Le prix;Le manque d’offre proche","Meilleure signalétique des produits locaux;Aides financières (chèques alimentation, épiceries solidaires…)"
"2025/05/26 1:16:21 PM UTC+3","Bretagne","Tout à fait d’accord","Plutôt d’accord","Ni d’accord ni pas d’accord (neutre)","Tout à fait d’accord","Ni d’accord ni pas d’accord (neutre)","Plutôt d’accord","Plutôt d’accord","Plutôt pas d'accord","Tout à fait d’accord","Tout à fait d’accord","Tout à fait d’accord","Tout à fait d’accord","Tout à fait d’accord","Tout à fait d’accord","Plutôt d’accord","Tout à fait d’accord","Tout à fait d’accord","Tout à fait d’accord","Ni d’accord ni pas d’accord (neutre)","Plutôt d’accord","Plutôt pas d'accord","Plutôt d’accord","Plutôt d’accord","Pas du tout d'accord","Plutôt d’accord","Tout à fait d’accord","Tout à fait d’accord","Tout à fait d’accord","Tout à fait d’accord","Plutôt d’accord","Tout à fait d’accord","Tout à fait d’accord","Tout à fait d’accord","Plutôt d’accord","Plutôt d’accord","Tout à fait d’accord","Tout à fait d’accord","Pas du tout d'accord","Plutôt d’accord","Pas du tout d'accord","Pas du tout d'accord","Tout à fait d’accord","Tout à fait d’accord","Tout à fait d’accord","Tout à fait d’accord","Pas du tout d'accord","Ni d’accord ni pas d’accord (neutre)","Plutôt d’accord","C’est important, mais ce n’est pas toujours simple","Basés sur le goût;Basés sur la proximité géographique;Basés sur l’impact environnemental","Soutenir les producteurs;Manger plus sainement;Limiter son empreinte écologique;Réduire les intermédiaires","Un réflexe","Le manque d’information claire","Plus d’événements ou d’animations sur l’alimentation locale"
"2025/05/26 1:24:34 PM UTC+3","Bretagne","Ni d’accord ni pas d’accord (neutre)","Plutôt pas d'accord","Plutôt d’accord","Plutôt pas d'accord","Ni d’accord ni pas d’accord (neutre)","Plutôt pas d'accord","Tout à fait d’accord","Tout à fait d’accord","Plutôt pas d'accord","Plutôt d’accord","Plutôt pas d'accord","Ni d’accord ni pas d’accord (neutre)","Plutôt d’accord","Pas du tout d'accord","Plutôt pas d'accord","Plutôt d’accord","Ni d’accord ni pas d’accord (neutre)","Plutôt d’accord","Plutôt d’accord","Plutôt d’accord","Plutôt d’accord","Plutôt d’accord","Plutôt d’accord","Plutôt d’accord","Tout à fait d’accord","Tout à fait d’accord","Tout à fait d’accord","Plutôt pas d'accord","Plutôt d’accord","Tout à fait d’accord","Ni d’accord ni pas d’accord (neutre)","Plutôt d’accord","Ni d’accord ni pas d’accord (neutre)","Plutôt pas d'accord","Plutôt d’accord","Plutôt d’accord","Plutôt d’accord","Plutôt d’accord","Tout à fait d’accord","Plutôt pas d'accord","Tout à fait d’accord","Ni d’accord ni pas d’accord (neutre)","Ni d’accord ni pas d’accord (neutre)","Plutôt pas d'accord","Tout à fait d’accord","Tout à fait d’accord","Tout à fait d’accord","Tout à fait d’accord","C’est important, mais ce n’est pas toujours simple","Basés sur le goût;Basés sur le prix;Basés sur l’impact environnemental","Soutenir les producteurs;Limiter son empreinte écologique;S’ancrer dans un territoire","Un réflexe; ","Le manque d’offre proche;Le manque de temps;Le manque d’habitude","Aides financières (chèques alimentation, épiceries solidaires…)"
"2025/05/26 1:25:55 PM UTC+3","Nouvelle-Aquitaine","Plutôt d’accord","Ni d’accord ni pas d’accord (neutre)","Plutôt pas d'accord","Plutôt pas d'accord","Plutôt d’accord","Plutôt d’accord","Plutôt d’accord","Tout à fait d’accord","Plutôt pas d'accord","Ni d’accord ni pas d’accord (neutre)","Pas du tout d'accord","Ni d’accord ni pas d’accord (neutre)","Plutôt d’accord","Plutôt d’accord","Plutôt pas d'accord","Ni d’accord ni pas d’accord (neutre)","Plutôt pas d'accord","Plutôt pas d'accord","Plutôt pas d'accord","Plutôt pas d'accord","Ni d’accord ni pas d’accord (neutre)","Plutôt d’accord","Plutôt pas d'accord","Plutôt pas d'accord","Plutôt d’accord","Plutôt d’accord","Tout à fait d’accord","Ni d’accord ni pas d’accord (neutre)","Ni d’accord ni pas d’accord (neutre)","Plutôt d’accord","Plutôt pas d'accord","Ni d’accord ni pas d’accord (neutre)","Plutôt d’accord","Ni d’accord ni pas d’accord (neutre)","Ni d’accord ni pas d’accord (neutre)","Plutôt d’accord","Plutôt d’accord","Plutôt pas d'accord","Plutôt pas d'accord","Plutôt pas d'accord","Plutôt pas d'accord","Plutôt pas d'accord","Plutôt pas d'accord","Plutôt pas d'accord","Ni d’accord ni pas d’accord (neutre)","Plutôt pas d'accord","Ni d’accord ni pas d’accord (neutre)","Ni d’accord ni pas d’accord (neutre)","C’est important, mais ce n’est pas toujours simple","Basés sur la proximité géographique;Basés sur la facilité d’accès","Soutenir les producteurs;Manger plus sainement","Un choix dans la mesure du possible ","Le manque d’offre proche","Meilleure signalétique des produits locaux"
"2025/05/26 1:28:50 PM UTC+3","Bretagne","Plutôt d’accord","Plutôt pas d'accord","Ni d’accord ni pas d’accord (neutre)","Plutôt d’accord","Plutôt d’accord","Plutôt d’accord","Tout à fait d’accord","Ni d’accord ni pas d’accord (neutre)","Pas du tout d'accord","Plutôt d’accord","Pas du tout d'accord","Plutôt d’accord","Plutôt d’accord","Plutôt d’accord","Ni d’accord ni pas d’accord (neutre)","Plutôt d’accord","Pas du tout d'accord","Ni d’accord ni pas d’accord (neutre)","Pas du tout d'accord","Pas du tout d'accord","Plutôt pas d'accord","Plutôt d’accord","Plutôt d’accord","Plutôt pas d'accord","Plutôt d’accord","Plutôt d’accord","Tout à fait d’accord","Plutôt d’accord","Plutôt d’accord","Plutôt d’accord","Plutôt d’accord","Plutôt d’accord","Plutôt d’accord","Plutôt pas d'accord","Ni d’accord ni pas d’accord (neutre)","Plutôt pas d'accord","Plutôt d’accord","Plutôt pas d'accord","Pas du tout d'accord","Pas du tout d'accord","Ni d’accord ni pas d’accord (neutre)","Pas du tout d'accord","Plutôt d’accord","Plutôt d’accord","Plutôt d’accord","Plutôt d’accord","Ni d’accord ni pas d’accord (neutre)","Ni d’accord ni pas d’accord (neutre)","J’y suis sensible, mais je n’agis pas beaucoup","Basés sur le goût;Basés sur la proximité géographique;Basés sur la qualité nutritionnelle;Basés sur la facilité d’accès","Manger plus sainement;Limiter son empreinte écologique;Réduire les intermédiaires","Un effort","Le manque d’offre proche","Meilleure signalétique des produits locaux"
"2025/05/26 1:34:10 PM UTC+3","Bretagne","Ni d’accord ni pas d’accord (neutre)","Plutôt pas d'accord","Plutôt d’accord","Plutôt pas d'accord","Plutôt pas d'accord","Plutôt d’accord","Plutôt d’accord","Ni d’accord ni pas d’accord (neutre)","Pas du tout d'accord","Pas du tout d'accord","Plutôt pas d'accord","Ni d’accord ni pas d’accord (neutre)","Plutôt pas d'accord","Tout à fait d’accord","Plutôt d’accord","Pas du tout d'accord","Plutôt pas d'accord","Plutôt pas d'accord","Plutôt d’accord","Plutôt d’accord","Ni d’accord ni pas d’accord (neutre)","Pas du tout d'accord","Tout à fait d’accord","Tout à fait d’accord","Tout à fait d’accord","Plutôt d’accord","Tout à fait d’accord","Ni d’accord ni pas d’accord (neutre)","Plutôt d’accord","Tout à fait d’accord","Tout à fait d’accord","Tout à fait d’accord","Pas du tout d'accord","Plutôt pas d'accord","Plutôt pas d'accord","Pas du tout d'accord","Tout à fait d’accord","Pas du tout d'accord","Tout à fait d’accord","Tout à fait d’accord","Tout à fait d’accord","Plutôt d’accord","Tout à fait d’accord","Plutôt d’accord","Tout à fait d’accord","Plutôt d’accord","Plutôt d’accord","Tout à fait d’accord","J’y suis sensible, mais je n’agis pas beaucoup","Basés sur le prix;Basés sur la facilité d’accès","Soutenir les producteurs;Limiter son empreinte écologique;Réduire les intermédiaires","Un effort;Une démarche que j’admire sans suivre","Le prix;Le manque d’offre proche;Le manque d’information claire;Le manque de temps;Le manque d’habitude;Je ne sais pas où chercher","Meilleure signalétique des produits locaux;Aides financières (chèques alimentation, épiceries solidaires…);Plus d’événements ou d’animations sur l’alimentation locale;Plus d’offres en ligne / en livraison;Plus de liens avec les producteurs (visites, témoignages…)"
"2025/05/26 1:36:37 PM UTC+3","Bretagne","Plutôt pas d'accord","Plutôt pas d'accord","Plutôt d’accord","Plutôt pas d'accord","Pas du tout d'accord","Plutôt pas d'accord","Plutôt pas d'accord","Pas du tout d'accord","Plutôt pas d'accord","Plutôt d’accord","Pas du tout d'accord","Pas du tout d'accord","Pas du tout d'accord","Pas du tout d'accord","Pas du tout d'accord","Plutôt pas d'accord","Plutôt d’accord","Plutôt d’accord","Ni d’accord ni pas d’accord (neutre)","Pas du tout d'accord","Plutôt pas d'accord","Plutôt pas d'accord","Plutôt pas d'accord","Plutôt d’accord","Plutôt d’accord","Plutôt d’accord","Plutôt pas d'accord","Pas du tout d'accord","Plutôt pas d'accord","Ni d’accord ni pas d’accord (neutre)","Plutôt pas d'accord","Tout à fait d’accord","Plutôt pas d'accord","Plutôt pas d'accord","Plutôt pas d'accord","Plutôt d’accord","Plutôt pas d'accord","Pas du tout d'accord","Plutôt pas d'accord","Pas du tout d'accord","Plutôt d’accord","Plutôt pas d'accord","Plutôt pas d'accord","Pas du tout d'accord","Plutôt d’accord","Pas du tout d'accord","Plutôt d’accord","Plutôt d’accord","J’y suis sensible, mais je n’agis pas beaucoup","Basés sur le prix","Soutenir les producteurs;Réduire les intermédiaires;Faire un acte politique","Un effort;Un idéal inaccessible","Le prix;Je ne sais pas où chercher","Aides financières (chèques alimentation, épiceries solidaires…)"
"2025/05/26 1:38:51 PM UTC+3","Grand Est","Plutôt d’accord","Ni d’accord ni pas d’accord (neutre)","Plutôt d’accord","Plutôt d’accord","Tout à fait d’accord","Tout à fait d’accord","Tout à fait d’accord","Plutôt d’accord","Plutôt pas d'accord","Ni d’accord ni pas d’accord (neutre)","Pas du tout d'accord","Plutôt pas d'accord","Plutôt pas d'accord","Plutôt pas d'accord","Plutôt pas d'accord","Plutôt pas d'accord","Plutôt d’accord","Plutôt d’accord","Plutôt d’accord","Plutôt pas d'accord","Ni d’accord ni pas d’accord (neutre)","Plutôt pas d'accord","Plutôt d’accord","Plutôt d’accord","Tout à fait d’accord","Tout à fait d’accord","Tout à fait d’accord","Tout à fait d’accord","Tout à fait d’accord","Tout à fait d’accord","Tout à fait d’accord","Tout à fait d’accord","Plutôt pas d'accord","Plutôt pas d'accord","Plutôt pas d'accord","Ni d’accord ni pas d’accord (neutre)","Tout à fait d’accord","Plutôt pas d'accord","Tout à fait d’accord","Plutôt pas d'accord","Plutôt d’accord","Plutôt pas d'accord","Plutôt d’accord","Ni d’accord ni pas d’accord (neutre)","Plutôt d’accord","Tout à fait d’accord","Plutôt d’accord","Plutôt d’accord","C’est important, mais ce n’est pas toujours simple","Basés sur le goût;Basés sur le prix;Basés sur la proximité géographique;Basés sur l’impact environnemental;Végétarianisme","Soutenir les producteurs;Limiter son empreinte écologique;S’ancrer dans un territoire;Réduire les intermédiaires;Faire un acte politique","Un effort;Une démarche que j’admire sans suivre","Le prix;Le manque d’information claire;Le manque de temps;Le manque d’habitude","Aides financières (chèques alimentation, épiceries solidaires…);Plus d’événements ou d’animations sur l’alimentation locale;Plus de liens avec les producteurs (visites, témoignages…)"
"2025/05/26 1:40:48 PM UTC+3","Provence-Alpes-Côte d’Azur","Tout à fait d’accord","Tout à fait d’accord","Plutôt pas d'accord","Ni d’accord ni pas d’accord (neutre)","Plutôt d’accord","Plutôt d’accord","Ni d’accord ni pas d’accord (neutre)","Plutôt d’accord","Tout à fait d’accord","Tout à fait d’accord","Plutôt pas d'accord","Ni d’accord ni pas d’accord (neutre)","Ni d’accord ni pas d’accord (neutre)","Plutôt pas d'accord","Plutôt pas d'accord","Ni d’accord ni pas d’accord (neutre)","Tout à fait d’accord","Plutôt d’accord","Plutôt d’accord","Plutôt d’accord","Plutôt d’accord","Tout à fait d’accord","Tout à fait d’accord","Plutôt pas d'accord","Tout à fait d’accord","Tout à fait d’accord","Tout à fait d’accord","Plutôt d’accord","Plutôt d’accord","Plutôt d’accord","Plutôt d’accord","Plutôt d’accord","Plutôt d’accord","Plutôt d’accord","Plutôt d’accord","Tout à fait d’accord","Tout à fait d’accord","Plutôt pas d'accord","Plutôt pas d'accord","Plutôt pas d'accord","Pas du tout d'accord","Pas du tout d'accord","Tout à fait d’accord","Tout à fait d’accord","Tout à fait d’accord","Plutôt d’accord","Tout à fait d’accord","Tout à fait d’accord","C’est important, mais ce n’est pas toujours simple","Basés sur le goût;Basés sur la qualité nutritionnelle;Basés sur l’impact environnemental","Soutenir les producteurs;Manger plus sainement;Limiter son empreinte écologique","Un réflexe","Aucun obstacle particulier","Meilleure signalétique des produits locaux;Plus de liens avec les producteurs (visites, témoignages…)"
"2025/05/26 1:46:19 PM UTC+3","Auvergne-Rhône-Alpes","Tout à fait d’accord","Plutôt d’accord","Plutôt d’accord","Ni d’accord ni pas d’accord (neutre)","Plutôt pas d'accord","Plutôt d’accord","Tout à fait d’accord","Ni d’accord ni pas d’accord (neutre)","Pas du tout d'accord","Ni d’accord ni pas d’accord (neutre)","Pas du tout d'accord","Pas du tout d'accord","Pas du tout d'accord","Pas du tout d'accord","Pas du tout d'accord","Pas du tout d'accord","Plutôt d’accord","Tout à fait d’accord","Ni d’accord ni pas d’accord (neutre)","Ni d’accord ni pas d’accord (neutre)","Pas du tout d'accord","Plutôt d’accord","Plutôt d’accord","Ni d’accord ni pas d’accord (neutre)","Tout à fait d’accord","Plutôt d’accord","Tout à fait d’accord","Plutôt pas d'accord","Plutôt d’accord","Tout à fait d’accord","Plutôt pas d'accord","Plutôt pas d'accord","Ni d’accord ni pas d’accord (neutre)","Pas du tout d'accord","Pas du tout d'accord","Plutôt pas d'accord","Ni d’accord ni pas d’accord (neutre)","Pas du tout d'accord","Pas du tout d'accord","Pas du tout d'accord","Plutôt d’accord","Pas du tout d'accord","Plutôt pas d'accord","Pas du tout d'accord","Plutôt d’accord","Ni d’accord ni pas d’accord (neutre)","Ni d’accord ni pas d’accord (neutre)","Plutôt d’accord","J’y suis sensible, mais je n’agis pas beaucoup","Basés sur la proximité géographique;Basés sur la qualité nutritionnelle;Basés sur la facilité d’accès","Soutenir les producteurs;Limiter son empreinte écologique;Réduire les intermédiaires","Un effort;Une démarche que j’admire sans suivre","Le manque d’offre proche;Le manque de temps;Le manque d’habitude","Meilleure signalétique des produits locaux;Plus d’offres en ligne / en livraison;Plus de liens avec les producteurs (visites, témoignages…)"
"2025/05/26 1:48:05 PM UTC+3","Bretagne","Plutôt pas d'accord","Pas du tout d'accord","Plutôt d’accord","Ni d’accord ni pas d’accord (neutre)","Plutôt pas d'accord","Tout à fait d’accord","Plutôt pas d'accord","Plutôt d’accord","Pas du tout d'accord","Pas du tout d'accord","Pas du tout d'accord","Pas du tout d'accord","Pas du tout d'accord","Pas du tout d'accord","Pas du tout d'accord","Pas du tout d'accord","Plutôt d’accord","Plutôt d’accord","Plutôt pas d'accord","Pas du tout d'accord","Pas du tout d'accord","Plutôt d’accord","Pas du tout d'accord","Pas du tout d'accord","Plutôt d’accord","Plutôt pas d'accord","Pas du tout d'accord","Pas du tout d'accord","Tout à fait d’accord","Tout à fait d’accord","Plutôt d’accord","Tout à fait d’accord","Plutôt d’accord","Ni d’accord ni pas d’accord (neutre)","Pas du tout d'accord","Plutôt d’accord","Plutôt d’accord","Pas du tout d'accord","Pas du tout d'accord","Pas du tout d'accord","Pas du tout d'accord","Pas du tout d'accord","Ni d’accord ni pas d’accord (neutre)","Pas du tout d'accord","Tout à fait d’accord","Ni d’accord ni pas d’accord (neutre)","Plutôt d’accord","Tout à fait d’accord","J’y suis sensible, mais je n’agis pas beaucoup","Basés sur le goût;Basés sur le prix;Basés sur la qualité nutritionnelle","Soutenir les producteurs;Limiter son empreinte écologique","Un effort;Une contrainte;Une démarche que j’admire sans suivre","Le manque de temps;Le manque d’habitude","Aides financières (chèques alimentation, épiceries solidaires…)"
"2025/05/26 1:53:07 PM UTC+3","Bretagne","Tout à fait d’accord","Tout à fait d’accord","Plutôt d’accord","Plutôt d’accord","Plutôt d’accord","Tout à fait d’accord","Plutôt d’accord","Plutôt d’accord","Ni d’accord ni pas d’accord (neutre)","Ni d’accord ni pas d’accord (neutre)","Plutôt pas d'accord","Plutôt d’accord","Plutôt d’accord","Plutôt d’accord","Plutôt d’accord","Plutôt d’accord","Ni d’accord ni pas d’accord (neutre)","Ni d’accord ni pas d’accord (neutre)","Plutôt d’accord","Ni d’accord ni pas d’accord (neutre)","Ni d’accord ni pas d’accord (neutre)","Plutôt d’accord","Plutôt d’accord","Plutôt d’accord","Tout à fait d’accord","Plutôt d’accord","Plutôt d’accord","Plutôt d’accord","Plutôt d’accord","Plutôt d’accord","Ni d’accord ni pas d’accord (neutre)","Plutôt d’accord","Plutôt d’accord","Ni d’accord ni pas d’accord (neutre)","Ni d’accord ni pas d’accord (neutre)","Plutôt d’accord","Plutôt d’accord","Pas du tout d'accord","Pas du tout d'accord","Pas du tout d'accord","Pas du tout d'accord","Pas du tout d'accord","Plutôt d’accord","Plutôt d’accord","Tout à fait d’accord","Plutôt d’accord","Tout à fait d’accord","Tout à fait d’accord","C’est important, mais ce n’est pas toujours simple","Basés sur le goût;Basés sur la proximité géographique;Basés sur l’impact environnemental","Soutenir les producteurs;Manger plus sainement;Limiter son empreinte écologique","Un effort","Le prix;Le manque d’offre proche","Meilleure signalétique des produits locaux;Plus d’événements ou d’animations sur l’alimentation locale"
"2025/05/26 1:57:23 PM UTC+3","Bretagne","Tout à fait d’accord","Tout à fait d’accord","Plutôt d’accord","Tout à fait d’accord","Tout à fait d’accord","Tout à fait d’accord","Plutôt d’accord","Tout à fait d’accord","Tout à fait d’accord","Tout à fait d’accord","Tout à fait d’accord","Tout à fait d’accord","Tout à fait d’accord","Plutôt d’accord","Ni d’accord ni pas d’accord (neutre)","Tout à fait d’accord","Plutôt d’accord","Plutôt d’accord","Ni d’accord ni pas d’accord (neutre)","Tout à fait d’accord","Plutôt d’accord","Plutôt d’accord","Tout à fait d’accord","Tout à fait d’accord","Tout à fait d’accord","Tout à fait d’accord","Tout à fait d’accord","Plutôt pas d'accord","Plutôt d’accord","Tout à fait d’accord","Plutôt d’accord","Tout à fait d’accord","Tout à fait d’accord","Tout à fait d’accord","Tout à fait d’accord","Tout à fait d’accord","Plutôt d’accord","Plutôt pas d'accord","Plutôt d’accord","Tout à fait d’accord","Tout à fait d’accord","Tout à fait d’accord","Ni d’accord ni pas d’accord (neutre)","Plutôt d’accord","Ni d’accord ni pas d’accord (neutre)","Ni d’accord ni pas d’accord (neutre)","Plutôt d’accord","Plutôt d’accord","C’est important, mais ce n’est pas toujours simple","Basés sur le goût;Basés sur la proximité géographique","Soutenir les producteurs;Manger plus sainement;Réduire les intermédiaires","Un réflexe","Aucun obstacle particulier","Rien de tout cela / je ne souhaite pas changer"
"2025/05/26 1:59:16 PM UTC+3","Bretagne","Pas du tout d'accord","Pas du tout d'accord","Tout à fait d’accord","Ni d’accord ni pas d’accord (neutre)","Pas du tout d'accord","Pas du tout d'accord","Pas du tout d'accord","Pas du tout d'accord","Pas du tout d'accord","Pas du tout d'accord","Pas du tout d'accord","Pas du tout d'accord","Pas du tout d'accord","Pas du tout d'accord","Pas du tout d'accord","Pas du tout d'accord","Tout à fait d’accord","Plutôt d’accord","Pas du tout d'accord","Pas du tout d'accord","Pas du tout d'accord","Pas du tout d'accord","Pas du tout d'accord","Pas du tout d'accord","Plutôt pas d'accord","Pas du tout d'accord","Pas du tout d'accord","Pas du tout d'accord","Pas du tout d'accord","Plutôt d’accord","Pas du tout d'accord","Pas du tout d'accord","Plutôt d’accord","Pas du tout d'accord","Pas du tout d'accord","Plutôt d’accord","Pas du tout d'accord","Pas du tout d'accord","Pas du tout d'accord","Pas du tout d'accord","Pas du tout d'accord","Pas du tout d'accord","Pas du tout d'accord","Pas du tout d'accord","Pas du tout d'accord","Ni d’accord ni pas d’accord (neutre)","Pas du tout d'accord","Tout à fait d’accord","J’y suis sensible, mais je n’agis pas beaucoup","Basés sur le goût;Basés sur la qualité nutritionnelle","Manger plus sainement","Une démarche que j’admire sans suivre","Le manque d’habitude;Je ne sais pas où chercher","Meilleure signalétique des produits locaux;Aides financières (chèques alimentation, épiceries solidaires…);Plus de liens avec les producteurs (visites, témoignages…)"
"2025/05/26 2:02:37 PM UTC+3","Bretagne","Plutôt d’accord","Tout à fait d’accord","Plutôt d’accord","Tout à fait d’accord","Plutôt d’accord","Plutôt d’accord","Ni d’accord ni pas d’accord (neutre)","Ni d’accord ni pas d’accord (neutre)","Pas du tout d'accord","Tout à fait d’accord","Pas du tout d'accord","Pas du tout d'accord","Pas du tout d'accord","Tout à fait d’accord","Pas du tout d'accord","Pas du tout d'accord","Pas du tout d'accord","Tout à fait d’accord","Plutôt d’accord","Pas du tout d'accord","Ni d’accord ni pas d’accord (neutre)","Plutôt d’accord","Pas du tout d'accord","Pas du tout d'accord","Tout à fait d’accord","Tout à fait d’accord","Tout à fait d’accord","Tout à fait d’accord","Plutôt d’accord","Plutôt d’accord","Ni d’accord ni pas d’accord (neutre)","Plutôt d’accord","Ni d’accord ni pas d’accord (neutre)","Ni d’accord ni pas d’accord (neutre)","Ni d’accord ni pas d’accord (neutre)","Pas du tout d'accord","Plutôt d’accord","Pas du tout d'accord","Pas du tout d'accord","Pas du tout d'accord","Pas du tout d'accord","Pas du tout d'accord","Tout à fait d’accord","Pas du tout d'accord","Tout à fait d’accord","Pas du tout d'accord","Tout à fait d’accord","Tout à fait d’accord","C’est central pour moi, je fais beaucoup d’efforts","Basés sur le goût;Basés sur le prix;Basés sur la proximité géographique;Basés sur la qualité nutritionnelle","Soutenir les producteurs;Manger plus sainement","Pas facile pour les personnes qui travaillent et qui n’ont pas le temps d’aller au marché ","Le manque de temps;Je ne sais pas où chercher","Meilleure signalétique des produits locaux;Aides financières (chèques alimentation, épiceries solidaires…);Plus d’offres en ligne / en livraison"
"2025/05/26 2:06:55 PM UTC+3","Bretagne","Plutôt d’accord","Ni d’accord ni pas d’accord (neutre)","Plutôt d’accord","Plutôt d’accord","Plutôt d’accord","Tout à fait d’accord","Plutôt d’accord","Tout à fait d’accord","Ni d’accord ni pas d’accord (neutre)","Plutôt d’accord","Ni d’accord ni pas d’accord (neutre)","Ni d’accord ni pas d’accord (neutre)","Ni d’accord ni pas d’accord (neutre)","Plutôt d’accord","Plutôt d’accord","Ni d’accord ni pas d’accord (neutre)","Plutôt d’accord","Plutôt d’accord","Ni d’accord ni pas d’accord (neutre)","Ni d’accord ni pas d’accord (neutre)","Ni d’accord ni pas d’accord (neutre)","Plutôt d’accord","Plutôt d’accord","Plutôt pas d'accord","Tout à fait d’accord","Tout à fait d’accord","Plutôt d’accord","Ni d’accord ni pas d’accord (neutre)","Ni d’accord ni pas d’accord (neutre)","Ni d’accord ni pas d’accord (neutre)","Plutôt d’accord","Ni d’accord ni pas d’accord (neutre)","Plutôt d’accord","Ni d’accord ni pas d’accord (neutre)","Plutôt d’accord","Plutôt d’accord","Plutôt d’accord","Tout à fait d’accord","Ni d’accord ni pas d’accord (neutre)","Ni d’accord ni pas d’accord (neutre)","Plutôt pas d'accord","Plutôt pas d'accord","Plutôt d’accord","Plutôt d’accord","Plutôt d’accord","Ni d’accord ni pas d’accord (neutre)","Plutôt pas d'accord","Ni d’accord ni pas d’accord (neutre)","J’y suis sensible, mais je n’agis pas beaucoup","Basés sur le goût;Basés sur le prix;Basés sur la proximité géographique","Soutenir les producteurs;Manger plus sainement","Un réflexe","Le manque d’offre proche;Le manque de temps","Plus d’événements ou d’animations sur l’alimentation locale"
"2025/05/26 2:16:39 PM UTC+3","Bretagne","Plutôt pas d'accord","Plutôt pas d'accord","Plutôt pas d'accord","Plutôt d’accord","Plutôt pas d'accord","Plutôt pas d'accord","Plutôt pas d'accord","Plutôt pas d'accord","Plutôt pas d'accord","Plutôt d’accord","Plutôt pas d'accord","Plutôt pas d'accord","Plutôt pas d'accord","Plutôt d’accord","Plutôt pas d'accord","Plutôt pas d'accord","Plutôt pas d'accord","Plutôt pas d'accord","Plutôt pas d'accord","Plutôt pas d'accord","Plutôt pas d'accord","Plutôt d’accord","Plutôt d’accord","Plutôt pas d'accord","Plutôt pas d'accord","Plutôt d’accord","Plutôt d’accord","Plutôt pas d'accord","Plutôt pas d'accord","Plutôt pas d'accord","Plutôt d’accord","Plutôt d’accord","Plutôt d’accord","Ni d’accord ni pas d’accord (neutre)","Plutôt pas d'accord","Plutôt d’accord","Plutôt d’accord","Plutôt pas d'accord","Plutôt pas d'accord","Plutôt pas d'accord","Plutôt pas d'accord","Plutôt pas d'accord","Plutôt pas d'accord","Plutôt pas d'accord","Plutôt d’accord","Ni d’accord ni pas d’accord (neutre)","Ni d’accord ni pas d’accord (neutre)","Plutôt d’accord","J’y suis sensible, mais je n’agis pas beaucoup","Basés sur le goût;Basés sur le prix;Basés sur la qualité nutritionnelle","Soutenir les producteurs;Manger plus sainement","Un effort","Le manque d’information claire;Le manque d’habitude","Meilleure signalétique des produits locaux;Plus d’événements ou d’animations sur l’alimentation locale"
"2025/05/26 2:17:43 PM UTC+3","Auvergne-Rhône-Alpes","Plutôt d’accord","Plutôt d’accord","Ni d’accord ni pas d’accord (neutre)","Ni d’accord ni pas d’accord (neutre)","Ni d’accord ni pas d’accord (neutre)","Plutôt d’accord","Tout à fait d’accord","Ni d’accord ni pas d’accord (neutre)","Plutôt pas d'accord","Plutôt pas d'accord","Pas du tout d'accord","Plutôt pas d'accord","Pas du tout d'accord","Plutôt pas d'accord","Pas du tout d'accord","Plutôt d’accord","Plutôt d’accord","Plutôt d’accord","Plutôt pas d'accord","Plutôt pas d'accord","Plutôt pas d'accord","Plutôt d’accord","Plutôt pas d'accord","Pas du tout d'accord","Plutôt d’accord","Plutôt d’accord","Plutôt d’accord","Plutôt pas d'accord","Ni d’accord ni pas d’accord (neutre)","Plutôt d’accord","Plutôt pas d'accord","Ni d’accord ni pas d’accord (neutre)","Plutôt pas d'accord","Plutôt pas d'accord","Plutôt pas d'accord","Plutôt d’accord","Plutôt d’accord","Pas du tout d'accord","Plutôt pas d'accord","Plutôt pas d'accord","Plutôt d’accord","Plutôt pas d'accord","Ni d’accord ni pas d’accord (neutre)","Plutôt pas d'accord","Ni d’accord ni pas d’accord (neutre)","Ni d’accord ni pas d’accord (neutre)","Plutôt d’accord","Plutôt d’accord","J’y suis sensible, mais je n’agis pas beaucoup","Basés sur le prix;Basés sur la proximité géographique","Soutenir les producteurs;Réduire les intermédiaires","Un effort","Le prix;Le manque d’habitude;Je ne sais pas où chercher","Meilleure signalétique des produits locaux"
"2025/05/26 2:22:38 PM UTC+3","Centre-Val de Loire","Ni d’accord ni pas d’accord (neutre)","Plutôt d’accord","Plutôt pas d'accord","Ni d’accord ni pas d’accord (neutre)","Ni d’accord ni pas d’accord (neutre)","Plutôt d’accord","Plutôt d’accord","Ni d’accord ni pas d’accord (neutre)","Plutôt pas d'accord","Plutôt pas d'accord","Pas du tout d'accord","Plutôt pas d'accord","Pas du tout d'accord","Plutôt pas d'accord","Plutôt pas d'accord","Pas du tout d'accord","Plutôt pas d'accord","Ni d’accord ni pas d’accord (neutre)","Plutôt pas d'accord","Pas du tout d'accord","Ni d’accord ni pas d’accord (neutre)","Plutôt d’accord","Ni d’accord ni pas d’accord (neutre)","Pas du tout d'accord","Plutôt d’accord","Ni d’accord ni pas d’accord (neutre)","Plutôt d’accord","Plutôt d’accord","Plutôt d’accord","Ni d’accord ni pas d’accord (neutre)","Ni d’accord ni pas d’accord (neutre)","Plutôt d’accord","Ni d’accord ni pas d’accord (neutre)","Ni d’accord ni pas d’accord (neutre)","Pas du tout d'accord","Plutôt pas d'accord","Plutôt d’accord","Pas du tout d'accord","Pas du tout d'accord","Plutôt pas d'accord","Pas du tout d'accord","Pas du tout d'accord","Ni d’accord ni pas d’accord (neutre)","Plutôt pas d'accord","Plutôt d’accord","Ni d’accord ni pas d’accord (neutre)","Plutôt d’accord","Tout à fait d’accord","C’est important, mais ce n’est pas toujours simple","Basés sur le goût;Basés sur le prix;Basés sur la proximité géographique;Basés sur la qualité nutritionnelle;Basés sur l’impact environnemental;Basés sur la facilité d’accès","Soutenir les producteurs;Manger plus sainement;Limiter son empreinte écologique;S’ancrer dans un territoire","Un effort","Le prix;Le manque d’offre proche;Le manque d’information claire;Le manque de temps","Meilleure signalétique des produits locaux;Plus de liens avec les producteurs (visites, témoignages…)"
"2025/05/26 2:32:35 PM UTC+3","Île-de-France","Plutôt d’accord","Plutôt d’accord","Pas du tout d'accord","Plutôt pas d'accord","Plutôt pas d'accord","Plutôt d’accord","Pas du tout d'accord","Plutôt d’accord","Pas du tout d'accord","Tout à fait d’accord","Pas du tout d'accord","Pas du tout d'accord","Pas du tout d'accord","Tout à fait d’accord","Pas du tout d'accord","Pas du tout d'accord","Pas du tout d'accord","Plutôt pas d'accord","Plutôt pas d'accord","Ni d’accord ni pas d’accord (neutre)","Ni d’accord ni pas d’accord (neutre)","Plutôt d’accord","Ni d’accord ni pas d’accord (neutre)","Pas du tout d'accord","Tout à fait d’accord","Tout à fait d’accord","Tout à fait d’accord","Tout à fait d’accord","Ni d’accord ni pas d’accord (neutre)","Tout à fait d’accord","Ni d’accord ni pas d’accord (neutre)","Tout à fait d’accord","Ni d’accord ni pas d’accord (neutre)","Plutôt pas d'accord","Plutôt pas d'accord","Plutôt pas d'accord","Tout à fait d’accord","Plutôt pas d'accord","Pas du tout d'accord","Pas du tout d'accord","Pas du tout d'accord","Pas du tout d'accord","Ni d’accord ni pas d’accord (neutre)","Pas du tout d'accord","Ni d’accord ni pas d’accord (neutre)","Ni d’accord ni pas d’accord (neutre)","Ni d’accord ni pas d’accord (neutre)","Tout à fait d’accord","J’y suis sensible, mais je n’agis pas beaucoup","Basés sur le prix;Basés sur la facilité d’accès","Soutenir les producteurs;Limiter son empreinte écologique;Réduire les intermédiaires","Un effort;Une démarche que j’admire sans suivre","Le manque de temps","Plus de liens avec les producteurs (visites, témoignages…)"
"2025/05/26 2:35:13 PM UTC+3","Centre-Val de Loire","Plutôt pas d'accord","Plutôt pas d'accord","Plutôt d’accord","Plutôt pas d'accord","Ni d’accord ni pas d’accord (neutre)","Plutôt pas d'accord","Plutôt pas d'accord","Plutôt pas d'accord","Pas du tout d'accord","Ni d’accord ni pas d’accord (neutre)","Pas du tout d'accord","Plutôt pas d'accord","Pas du tout d'accord","Plutôt pas d'accord","Pas du tout d'accord","Plutôt pas d'accord","Plutôt pas d'accord","Ni d’accord ni pas d’accord (neutre)","Ni d’accord ni pas d’accord (neutre)","Plutôt pas d'accord","Ni d’accord ni pas d’accord (neutre)","Ni d’accord ni pas d’accord (neutre)","Plutôt pas d'accord","Plutôt pas d'accord","Ni d’accord ni pas d’accord (neutre)","Plutôt pas d'accord","Plutôt pas d'accord","Plutôt pas d'accord","Ni d’accord ni pas d’accord (neutre)","Tout à fait d’accord","Plutôt d’accord","Plutôt d’accord","Plutôt pas d'accord","Plutôt pas d'accord","Plutôt pas d'accord","Plutôt pas d'accord","Tout à fait d’accord","Ni d’accord ni pas d’accord (neutre)","Ni d’accord ni pas d’accord (neutre)","Tout à fait d’accord","Ni d’accord ni pas d’accord (neutre)","Plutôt pas d'accord","Ni d’accord ni pas d’accord (neutre)","Plutôt pas d'accord","Tout à fait d’accord","Plutôt d’accord","Ni d’accord ni pas d’accord (neutre)","Plutôt d’accord","J’y suis sensible, mais je n’agis pas beaucoup","Basés sur le goût;Basés sur le prix;Basés sur la qualité nutritionnelle;Basés sur l’impact environnemental","Soutenir les producteurs;Limiter son empreinte écologique;Réduire les intermédiaires","Une démarche que j’admire sans suivre","Le prix;Le manque d’habitude","Aides financières (chèques alimentation, épiceries solidaires…);Plus de liens avec les producteurs (visites, témoignages…)"
"2025/05/26 2:35:31 PM UTC+3","Bourgogne-Franche-Comté","Ni d’accord ni pas d’accord (neutre)","Plutôt pas d'accord","Plutôt d’accord","Plutôt d’accord","Ni d’accord ni pas d’accord (neutre)","Ni d’accord ni pas d’accord (neutre)","Plutôt d’accord","Tout à fait d’accord","Pas du tout d'accord","Pas du tout d'accord","Pas du tout d'accord","Plutôt pas d'accord","Pas du tout d'accord","Plutôt pas d'accord","Plutôt pas d'accord","Ni d’accord ni pas d’accord (neutre)","Plutôt pas d'accord","Plutôt pas d'accord","Plutôt d’accord","Ni d’accord ni pas d’accord (neutre)","Ni d’accord ni pas d’accord (neutre)","Plutôt d’accord","Plutôt pas d'accord","Ni d’accord ni pas d’accord (neutre)","Plutôt d’accord","Ni d’accord ni pas d’accord (neutre)","Plutôt d’accord","Ni d’accord ni pas d’accord (neutre)","Plutôt pas d'accord","Tout à fait d’accord","Plutôt pas d'accord","Plutôt d’accord","Ni d’accord ni pas d’accord (neutre)","Plutôt pas d'accord","Ni d’accord ni pas d’accord (neutre)","Plutôt d’accord","Ni d’accord ni pas d’accord (neutre)","Ni d’accord ni pas d’accord (neutre)","Ni d’accord ni pas d’accord (neutre)","Ni d’accord ni pas d’accord (neutre)","Ni d’accord ni pas d’accord (neutre)","Ni d’accord ni pas d’accord (neutre)","Plutôt d’accord","Ni d’accord ni pas d’accord (neutre)","Tout à fait d’accord","Ni d’accord ni pas d’accord (neutre)","Plutôt d’accord","Plutôt d’accord","J’y suis sensible, mais je n’agis pas beaucoup","Basés sur le prix;Basés sur la qualité nutritionnelle;Basés sur l’impact environnemental","Soutenir les producteurs;Limiter son empreinte écologique;Réduire les intermédiaires","Un idéal inaccessible;Une démarche que j’admire sans suivre","Le manque d’information claire;Le manque de temps;Le manque d’habitude","Plus d’événements ou d’animations sur l’alimentation locale;Plus d’offres en ligne / en livraison;Plus de liens avec les producteurs (visites, témoignages…)"
"2025/05/26 2:35:37 PM UTC+3","Bretagne","Plutôt pas d'accord","Ni d’accord ni pas d’accord (neutre)","Plutôt pas d'accord","Plutôt pas d'accord","Plutôt pas d'accord","Plutôt pas d'accord","Plutôt pas d'accord","Pas du tout d'accord","Plutôt d’accord","Plutôt pas d'accord","Tout à fait d’accord","Plutôt pas d'accord","Pas du tout d'accord","Ni d’accord ni pas d’accord (neutre)","Plutôt pas d'accord","Pas du tout d'accord","Plutôt pas d'accord","Plutôt pas d'accord","Ni d’accord ni pas d’accord (neutre)","Ni d’accord ni pas d’accord (neutre)","Plutôt pas d'accord","Plutôt pas d'accord","Plutôt pas d'accord","Plutôt pas d'accord","Plutôt pas d'accord","Pas du tout d'accord","Pas du tout d'accord","Ni d’accord ni pas d’accord (neutre)","Plutôt pas d'accord","Ni d’accord ni pas d’accord (neutre)","Ni d’accord ni pas d’accord (neutre)","Plutôt d’accord","Ni d’accord ni pas d’accord (neutre)","Plutôt pas d'accord","Ni d’accord ni pas d’accord (neutre)","Plutôt pas d'accord","Plutôt pas d'accord","Plutôt d’accord","Ni d’accord ni pas d’accord (neutre)","Ni d’accord ni pas d’accord (neutre)","Ni d’accord ni pas d’accord (neutre)","Plutôt d’accord","Plutôt d’accord","Ni d’accord ni pas d’accord (neutre)","Plutôt pas d'accord","Ni d’accord ni pas d’accord (neutre)","Plutôt pas d'accord","Pas du tout d'accord","C’est important, mais ce n’est pas toujours simple","Basés sur le goût;Basés sur la proximité géographique","Soutenir les producteurs;Limiter son empreinte écologique;Faire un acte politique","Un effort","Le prix","Plus de liens avec les producteurs (visites, témoignages…)"
"2025/05/26 2:44:45 PM UTC+3","Bourgogne-Franche-Comté","Plutôt d’accord","Plutôt d’accord","Plutôt d’accord","Plutôt d’accord","Ni d’accord ni pas d’accord (neutre)","Plutôt d’accord","Ni d’accord ni pas d’accord (neutre)","Plutôt d’accord","Ni d’accord ni pas d’accord (neutre)","Ni d’accord ni pas d’accord (neutre)","Plutôt d’accord","Tout à fait d’accord","Tout à fait d’accord","Plutôt d’accord","Ni d’accord ni pas d’accord (neutre)","Plutôt d’accord","Plutôt d’accord","Plutôt d’accord","Ni d’accord ni pas d’accord (neutre)","Ni d’accord ni pas d’accord (neutre)","Ni d’accord ni pas d’accord (neutre)","Plutôt d’accord","Plutôt d’accord","Ni d’accord ni pas d’accord (neutre)","Plutôt d’accord","Plutôt d’accord","Plutôt d’accord","Ni d’accord ni pas d’accord (neutre)","Ni d’accord ni pas d’accord (neutre)","Plutôt d’accord","Ni d’accord ni pas d’accord (neutre)","Ni d’accord ni pas d’accord (neutre)","Ni d’accord ni pas d’accord (neutre)","Plutôt pas d'accord","Plutôt d’accord","Tout à fait d’accord","Plutôt pas d'accord","Pas du tout d'accord","Plutôt pas d'accord","Plutôt pas d'accord","Plutôt pas d'accord","Plutôt pas d'accord","Plutôt d’accord","Ni d’accord ni pas d’accord (neutre)","Plutôt d’accord","Ni d’accord ni pas d’accord (neutre)","Plutôt d’accord","Plutôt d’accord","C’est important, mais ce n’est pas toujours simple","Basés sur le goût;Basés sur la proximité géographique;Basés sur la qualité nutritionnelle","Soutenir les producteurs;Manger plus sainement","Un réflexe;Un effort","Le manque d’offre proche;Le manque de temps","Plus d’offres en ligne / en livraison"
"2025/05/26 2:45:52 PM UTC+3","Bretagne","Plutôt d’accord","Ni d’accord ni pas d’accord (neutre)","Plutôt d’accord","Plutôt d’accord","Tout à fait d’accord","Tout à fait d’accord","Tout à fait d’accord","Tout à fait d’accord","Pas du tout d'accord","Pas du tout d'accord","Pas du tout d'accord","Pas du tout d'accord","Pas du tout d'accord","Pas du tout d'accord","Pas du tout d'accord","Pas du tout d'accord","Plutôt d’accord","Plutôt d’accord","Tout à fait d’accord","Plutôt pas d'accord","Ni d’accord ni pas d’accord (neutre)","Tout à fait d’accord","Tout à fait d’accord","Plutôt pas d'accord","Tout à fait d’accord","Tout à fait d’accord","Tout à fait d’accord","Tout à fait d’accord","Tout à fait d’accord","Tout à fait d’accord","Plutôt d’accord","Plutôt d’accord","Plutôt d’accord","Plutôt d’accord","Pas du tout d'accord","Pas du tout d'accord","Plutôt d’accord","Pas du tout d'accord","Pas du tout d'accord","Pas du tout d'accord","Plutôt d’accord","Pas du tout d'accord","Tout à fait d’accord","Ni d’accord ni pas d’accord (neutre)","Tout à fait d’accord","Plutôt d’accord","Tout à fait d’accord","Tout à fait d’accord","C’est important, mais ce n’est pas toujours simple","Basés sur le prix;Basés sur la proximité géographique;Basés sur l’impact environnemental","Soutenir les producteurs;Limiter son empreinte écologique;S’ancrer dans un territoire","un idéal difficile à réaliser mais faisable ","Le manque d’offre proche;Le manque de temps","Meilleure signalétique des produits locaux;Plus d’événements ou d’animations sur l’alimentation locale;Plus de liens avec les producteurs (visites, témoignages…)"
"2025/05/26 2:49:03 PM UTC+3","Normandie","Plutôt d’accord","Ni d’accord ni pas d’accord (neutre)","Tout à fait d’accord","Tout à fait d’accord","Tout à fait d’accord","Plutôt d’accord","Ni d’accord ni pas d’accord (neutre)","Ni d’accord ni pas d’accord (neutre)","Plutôt pas d'accord","Tout à fait d’accord","Pas du tout d'accord","Plutôt pas d'accord","Pas du tout d'accord","Ni d’accord ni pas d’accord (neutre)","Plutôt pas d'accord","Ni d’accord ni pas d’accord (neutre)","Plutôt d’accord","Plutôt d’accord","Plutôt pas d'accord","Pas du tout d'accord","Ni d’accord ni pas d’accord (neutre)","Tout à fait d’accord","Tout à fait d’accord","Pas du tout d'accord","Tout à fait d’accord","Plutôt d’accord","Tout à fait d’accord","Pas du tout d'accord","Plutôt pas d'accord","Ni d’accord ni pas d’accord (neutre)","Ni d’accord ni pas d’accord (neutre)","Pas du tout d'accord","Plutôt pas d'accord","Ni d’accord ni pas d’accord (neutre)","Plutôt d’accord","Tout à fait d’accord","Tout à fait d’accord","Pas du tout d'accord","Pas du tout d'accord","Pas du tout d'accord","Plutôt d’accord","Pas du tout d'accord","Tout à fait d’accord","Tout à fait d’accord","Tout à fait d’accord","Pas du tout d'accord","Plutôt d’accord","Tout à fait d’accord","C’est important, mais ce n’est pas toujours simple","Basés sur le prix;Basés sur la qualité nutritionnelle;Basés sur la facilité d’accès","Soutenir les producteurs;Manger plus sainement;Réduire les intermédiaires","Un idéal inaccessible","Le prix;Le manque d’offre proche;Le manque de temps","Meilleure signalétique des produits locaux;Aides financières (chèques alimentation, épiceries solidaires…);Plus d’événements ou d’animations sur l’alimentation locale"
"2025/05/26 2:50:15 PM UTC+3","Nouvelle-Aquitaine","Plutôt pas d'accord","Plutôt pas d'accord","Ni d’accord ni pas d’accord (neutre)","Plutôt pas d'accord","Plutôt d’accord","Ni d’accord ni pas d’accord (neutre)","Ni d’accord ni pas d’accord (neutre)","Plutôt d’accord","Plutôt pas d'accord","Plutôt d’accord","Plutôt pas d'accord","Plutôt pas d'accord","Plutôt pas d'accord","Ni d’accord ni pas d’accord (neutre)","Plutôt pas d'accord","Plutôt pas d'accord","Plutôt d’accord","Plutôt d’accord","Ni d’accord ni pas d’accord (neutre)","Plutôt pas d'accord","Ni d’accord ni pas d’accord (neutre)","Plutôt d’accord","Ni d’accord ni pas d’accord (neutre)","Plutôt d’accord","Plutôt d’accord","Tout à fait d’accord","Tout à fait d’accord","Plutôt pas d'accord","Plutôt d’accord","Tout à fait d’accord","Ni d’accord ni pas d’accord (neutre)","Plutôt d’accord","Ni d’accord ni pas d’accord (neutre)","Plutôt pas d'accord","Plutôt pas d'accord","Plutôt d’accord","Ni d’accord ni pas d’accord (neutre)","Plutôt pas d'accord","Plutôt pas d'accord","Plutôt pas d'accord","Plutôt pas d'accord","Plutôt pas d'accord","Plutôt pas d'accord","Plutôt pas d'accord","Plutôt d’accord","Plutôt pas d'accord","Ni d’accord ni pas d’accord (neutre)","Plutôt d’accord","J’y suis sensible, mais je n’agis pas beaucoup","Basés sur le goût;Basés sur le prix;Basés sur l’impact environnemental","Soutenir les producteurs;Manger plus sainement;Réduire les intermédiaires","Une démarche que j’admire sans suivre","Je ne sais pas où chercher","Meilleure signalétique des produits locaux;Plus de liens avec les producteurs (visites, témoignages…)"
"2025/05/26 2:54:37 PM UTC+3","Grand Est","Plutôt pas d'accord","Pas du tout d'accord","Plutôt d’accord","Ni d’accord ni pas d’accord (neutre)","Plutôt pas d'accord","Plutôt pas d'accord","Plutôt d’accord","Ni d’accord ni pas d’accord (neutre)","Pas du tout d'accord","Ni d’accord ni pas d’accord (neutre)","Pas du tout d'accord","Pas du tout d'accord","Pas du tout d'accord","Plutôt pas d'accord","Pas du tout d'accord","Pas du tout d'accord","Plutôt pas d'accord","Plutôt d’accord","Ni d’accord ni pas d’accord (neutre)","Pas du tout d'accord","Ni d’accord ni pas d’accord (neutre)","Plutôt d’accord","Plutôt pas d'accord","Tout à fait d’accord","Tout à fait d’accord","Plutôt d’accord","Plutôt d’accord","Plutôt d’accord","Ni d’accord ni pas d’accord (neutre)","Ni d’accord ni pas d’accord (neutre)","Plutôt d’accord","Tout à fait d’accord","Plutôt d’accord","Ni d’accord ni pas d’accord (neutre)","Plutôt d’accord","Ni d’accord ni pas d’accord (neutre)","Ni d’accord ni pas d’accord (neutre)","Pas du tout d'accord","Pas du tout d'accord","Pas du tout d'accord","Pas du tout d'accord","Pas du tout d'accord","Pas du tout d'accord","Pas du tout d'accord","Plutôt d’accord","Pas du tout d'accord","Ni d’accord ni pas d’accord (neutre)","Tout à fait d’accord","J’y suis sensible, mais je n’agis pas beaucoup","Basés sur le goût;Basés sur le prix;Basés sur l’impact environnemental;Basés sur la facilité d’accès","Soutenir les producteurs;Réduire les intermédiaires","Un effort;Une démarche que j’admire sans suivre","Le manque de temps;Le manque d’habitude","Plus d’offres en ligne / en livraison"
"2025/05/26 2:55:50 PM UTC+3","Bourgogne-Franche-Comté","Plutôt d’accord","Ni d’accord ni pas d’accord (neutre)","Plutôt pas d'accord","Ni d’accord ni pas d’accord (neutre)","Ni d’accord ni pas d’accord (neutre)","Ni d’accord ni pas d’accord (neutre)","Tout à fait d’accord","Plutôt d’accord","Plutôt pas d'accord","Plutôt d’accord","Pas du tout d'accord","Ni d’accord ni pas d’accord (neutre)","Pas du tout d'accord","Ni d’accord ni pas d’accord (neutre)","Plutôt pas d'accord","Pas du tout d'accord","Plutôt pas d'accord","Plutôt d’accord","Ni d’accord ni pas d’accord (neutre)","Ni d’accord ni pas d’accord (neutre)","Ni d’accord ni pas d’accord (neutre)","Plutôt d’accord","Tout à fait d’accord","Plutôt d’accord","Plutôt d’accord","Tout à fait d’accord","Tout à fait d’accord","Ni d’accord ni pas d’accord (neutre)","Plutôt d’accord","Plutôt d’accord","Ni d’accord ni pas d’accord (neutre)","Plutôt d’accord","Plutôt pas d'accord","Ni d’accord ni pas d’accord (neutre)","Pas du tout d'accord","Plutôt pas d'accord","Plutôt d’accord","Pas du tout d'accord","Pas du tout d'accord","Tout à fait d’accord","Pas du tout d'accord","Pas du tout d'accord","Ni d’accord ni pas d’accord (neutre)","Plutôt d’accord","Plutôt d’accord","Ni d’accord ni pas d’accord (neutre)","Ni d’accord ni pas d’accord (neutre)","Plutôt d’accord","C’est important, mais ce n’est pas toujours simple","Basés sur le goût;Basés sur le prix;Basés sur la proximité géographique","Soutenir les producteurs;Manger plus sainement;Limiter son empreinte écologique","Un effort","Le prix;Le manque d’offre proche","Meilleure signalétique des produits locaux;Aides financières (chèques alimentation, épiceries solidaires…)"
"2025/05/26 3:00:27 PM UTC+3","Pays de la Loire","Ni d’accord ni pas d’accord (neutre)","Plutôt d’accord","Plutôt d’accord","Plutôt d’accord","Plutôt d’accord","Plutôt d’accord","Plutôt d’accord","Plutôt d’accord","Plutôt pas d'accord","Ni d’accord ni pas d’accord (neutre)","Pas du tout d'accord","Plutôt pas d'accord","Plutôt pas d'accord","Ni d’accord ni pas d’accord (neutre)","Plutôt pas d'accord","Plutôt pas d'accord","Plutôt pas d'accord","Ni d’accord ni pas d’accord (neutre)","Ni d’accord ni pas d’accord (neutre)","Plutôt pas d'accord","Plutôt d’accord","Plutôt d’accord","Ni d’accord ni pas d’accord (neutre)","Ni d’accord ni pas d’accord (neutre)","Tout à fait d’accord","Tout à fait d’accord","Tout à fait d’accord","Tout à fait d’accord","Tout à fait d’accord","Plutôt d’accord","Tout à fait d’accord","Tout à fait d’accord","Plutôt pas d'accord","Ni d’accord ni pas d’accord (neutre)","Plutôt pas d'accord","Plutôt pas d'accord","Ni d’accord ni pas d’accord (neutre)","Plutôt pas d'accord","Pas du tout d'accord","Ni d’accord ni pas d’accord (neutre)","Pas du tout d'accord","Pas du tout d'accord","Ni d’accord ni pas d’accord (neutre)","Ni d’accord ni pas d’accord (neutre)","Plutôt d’accord","Plutôt d’accord","Plutôt d’accord","Plutôt d’accord","J’y suis sensible, mais je n’agis pas beaucoup","Basés sur la qualité nutritionnelle;Basés sur l’impact environnemental","Soutenir les producteurs;Réduire les intermédiaires","Un idéal inaccessible","Le prix;Le manque d’offre proche","Meilleure signalétique des produits locaux;Aides financières (chèques alimentation, épiceries solidaires…)"
"2025/05/26 3:05:24 PM UTC+3","Bretagne","Plutôt d’accord","Plutôt pas d'accord","Plutôt d’accord","Pas du tout d'accord","Pas du tout d'accord","Pas du tout d'accord","Pas du tout d'accord","Plutôt pas d'accord","Pas du tout d'accord","Pas du tout d'accord","Pas du tout d'accord","Pas du tout d'accord","Pas du tout d'accord","Pas du tout d'accord","Pas du tout d'accord","Pas du tout d'accord","Plutôt d’accord","Tout à fait d’accord","Ni d’accord ni pas d’accord (neutre)","Pas du tout d'accord","Pas du tout d'accord","Pas du tout d'accord","Pas du tout d'accord","Pas du tout d'accord","Plutôt d’accord","Plutôt d’accord","Plutôt d’accord","Ni d’accord ni pas d’accord (neutre)","Plutôt pas d'accord","Plutôt pas d'accord","Pas du tout d'accord","Pas du tout d'accord","Plutôt pas d'accord","Pas du tout d'accord","Pas du tout d'accord","Plutôt d’accord","Tout à fait d’accord","Pas du tout d'accord","Pas du tout d'accord","Pas du tout d'accord","Pas du tout d'accord","Pas du tout d'accord","Plutôt pas d'accord","Pas du tout d'accord","Tout à fait d’accord","Pas du tout d'accord","Tout à fait d’accord","Ni d’accord ni pas d’accord (neutre)","Je m’y intéresse peu ou pas","Basés sur le prix;Basés sur la qualité nutritionnelle;Basés sur la facilité d’accès","Soutenir les producteurs;S’ancrer dans un territoire;Faire un acte politique","Un effort;Une contrainte","Le prix;Le manque d’information claire;Le manque d’habitude;Je ne sais pas où chercher","Meilleure signalétique des produits locaux;Aides financières (chèques alimentation, épiceries solidaires…);Plus d’événements ou d’animations sur l’alimentation locale;Plus de liens avec les producteurs (visites, témoignages…)"
"2025/05/26 3:07:15 PM UTC+3","Bretagne","Plutôt d’accord","Plutôt pas d'accord","Plutôt d’accord","Plutôt d’accord","Ni d’accord ni pas d’accord (neutre)","Tout à fait d’accord","Ni d’accord ni pas d’accord (neutre)","Plutôt pas d'accord","Plutôt pas d'accord","Plutôt d’accord","Pas du tout d'accord","Plutôt pas d'accord","Plutôt d’accord","Ni d’accord ni pas d’accord (neutre)","Plutôt pas d'accord","Ni d’accord ni pas d’accord (neutre)","Ni d’accord ni pas d’accord (neutre)","Pas du tout d'accord","Plutôt pas d'accord","Pas du tout d'accord","Plutôt d’accord","Ni d’accord ni pas d’accord (neutre)","Plutôt d’accord","Ni d’accord ni pas d’accord (neutre)","Tout à fait d’accord","Tout à fait d’accord","Tout à fait d’accord","Ni d’accord ni pas d’accord (neutre)","Plutôt pas d'accord","Plutôt d’accord","Plutôt pas d'accord","Plutôt pas d'accord","Plutôt pas d'accord","Plutôt pas d'accord","Pas du tout d'accord","Plutôt pas d'accord","Plutôt d’accord","Plutôt pas d'accord","Plutôt pas d'accord","Plutôt d’accord","Plutôt pas d'accord","Plutôt pas d'accord","Ni d’accord ni pas d’accord (neutre)","Ni d’accord ni pas d’accord (neutre)","Plutôt d’accord","Plutôt pas d'accord","Plutôt d’accord","Plutôt d’accord","J’y suis sensible, mais je n’agis pas beaucoup","Basés sur le prix;Basés sur la facilité d’accès","Soutenir les producteurs;Limiter son empreinte écologique;Réduire les intermédiaires","Un effort;peu accessible, pas assez mis en avant, plusieurs endroits trop éparpillé","Le prix;Le manque d’information claire;Je ne sais pas où chercher","Plus d’événements ou d’animations sur l’alimentation locale;Plus de liens avec les producteurs (visites, témoignages…)"
"2025/05/26 3:07:31 PM UTC+3","Bretagne","Ni d’accord ni pas d’accord (neutre)","Plutôt pas d'accord","Ni d’accord ni pas d’accord (neutre)","Plutôt pas d'accord","Ni d’accord ni pas d’accord (neutre)","Ni d’accord ni pas d’accord (neutre)","Plutôt d’accord","Tout à fait d’accord","Pas du tout d'accord","Ni d’accord ni pas d’accord (neutre)","Pas du tout d'accord","Ni d’accord ni pas d’accord (neutre)","Tout à fait d’accord","Plutôt d’accord","Plutôt pas d'accord","Plutôt d’accord","Ni d’accord ni pas d’accord (neutre)","Plutôt d’accord","Ni d’accord ni pas d’accord (neutre)","Plutôt pas d'accord","Ni d’accord ni pas d’accord (neutre)","Plutôt d’accord","Plutôt d’accord","Pas du tout d'accord","Ni d’accord ni pas d’accord (neutre)","Ni d’accord ni pas d’accord (neutre)","Plutôt d’accord","Pas du tout d'accord","Ni d’accord ni pas d’accord (neutre)","Plutôt pas d'accord","Plutôt d’accord","Plutôt pas d'accord","Plutôt d’accord","Ni d’accord ni pas d’accord (neutre)","Plutôt pas d'accord","Ni d’accord ni pas d’accord (neutre)","Plutôt pas d'accord","Pas du tout d'accord","Pas du tout d'accord","Pas du tout d'accord","Pas du tout d'accord","Pas du tout d'accord","Pas du tout d'accord","Plutôt pas d'accord","Ni d’accord ni pas d’accord (neutre)","Ni d’accord ni pas d’accord (neutre)","Ni d’accord ni pas d’accord (neutre)","Ni d’accord ni pas d’accord (neutre)","J’y suis sensible, mais je n’agis pas beaucoup","Basés sur le goût;Basés sur la facilité d’accès","Soutenir les producteurs;Réduire les intermédiaires","Un effort","Le manque d’offre proche","Meilleure signalétique des produits locaux;Rien de tout cela / je ne souhaite pas changer"
"2025/05/26 3:08:50 PM UTC+3","Bretagne","Plutôt pas d'accord","Plutôt pas d'accord","Plutôt pas d'accord","Plutôt pas d'accord","Plutôt pas d'accord","Plutôt d’accord","Plutôt pas d'accord","Plutôt d’accord","Plutôt pas d'accord","Plutôt pas d'accord","Plutôt pas d'accord","Plutôt pas d'accord","Plutôt pas d'accord","Plutôt pas d'accord","Plutôt pas d'accord","Plutôt pas d'accord","Plutôt pas d'accord","Plutôt pas d'accord","Plutôt pas d'accord","Plutôt pas d'accord","Plutôt pas d'accord","Plutôt d’accord","Plutôt pas d'accord","Plutôt pas d'accord","Plutôt d’accord","Plutôt pas d'accord","Plutôt pas d'accord","Plutôt pas d'accord","Plutôt pas d'accord","Plutôt d’accord","Plutôt pas d'accord","Plutôt pas d'accord","Plutôt pas d'accord","Plutôt pas d'accord","Plutôt pas d'accord","Plutôt d’accord","Plutôt d’accord","Plutôt pas d'accord","Plutôt pas d'accord","Plutôt pas d'accord","Plutôt pas d'accord","Plutôt pas d'accord","Plutôt pas d'accord","Plutôt pas d'accord","Plutôt d’accord","Plutôt pas d'accord","Plutôt d’accord","Plutôt d’accord","J’y suis sensible, mais je n’agis pas beaucoup","Basés sur le prix;Basés sur la facilité d’accès","Soutenir les producteurs;Réduire les intermédiaires","Un idéal inaccessible","Le prix","Meilleure signalétique des produits locaux;Plus de liens avec les producteurs (visites, témoignages…)"
"2025/05/26 3:10:25 PM UTC+3","Île-de-France","Plutôt pas d'accord","Plutôt d’accord","Plutôt d’accord","Plutôt d’accord","Ni d’accord ni pas d’accord (neutre)","Plutôt d’accord","Tout à fait d’accord","Plutôt d’accord","Ni d’accord ni pas d’accord (neutre)","Ni d’accord ni pas d’accord (neutre)","Ni d’accord ni pas d’accord (neutre)","Ni d’accord ni pas d’accord (neutre)","Ni d’accord ni pas d’accord (neutre)","Plutôt d’accord","Plutôt d’accord","Ni d’accord ni pas d’accord (neutre)","Plutôt pas d'accord","Ni d’accord ni pas d’accord (neutre)","Ni d’accord ni pas d’accord (neutre)","Ni d’accord ni pas d’accord (neutre)","Plutôt d’accord","Plutôt d’accord","Ni d’accord ni pas d’accord (neutre)","Ni d’accord ni pas d’accord (neutre)","Tout à fait d’accord","Tout à fait d’accord","Tout à fait d’accord","Tout à fait d’accord","Tout à fait d’accord","Tout à fait d’accord","Tout à fait d’accord","Tout à fait d’accord","Ni d’accord ni pas d’accord (neutre)","Ni d’accord ni pas d’accord (neutre)","Ni d’accord ni pas d’accord (neutre)","Tout à fait d’accord","Tout à fait d’accord","Plutôt d’accord","Ni d’accord ni pas d’accord (neutre)","Tout à fait d’accord","Ni d’accord ni pas d’accord (neutre)","Tout à fait d’accord","Tout à fait d’accord","Plutôt d’accord","Tout à fait d’accord","Plutôt d’accord","Plutôt d’accord","Tout à fait d’accord","C’est central pour moi, je fais beaucoup d’efforts","Basés sur le prix;Basés sur la proximité géographique;Basés sur l’impact environnemental","Soutenir les producteurs;Limiter son empreinte écologique","Un réflexe","Le prix;Le manque d’offre proche","Aides financières (chèques alimentation, épiceries solidaires…);Plus d’offres en ligne / en livraison"
"2025/05/26 3:19:12 PM UTC+3","Normandie","Plutôt d’accord","Plutôt d’accord","Ni d’accord ni pas d’accord (neutre)","Tout à fait d’accord","Ni d’accord ni pas d’accord (neutre)","Plutôt d’accord","Plutôt d’accord","Plutôt d’accord","Pas du tout d'accord","Plutôt d’accord","Pas du tout d'accord","Plutôt d’accord","Pas du tout d'accord","Pas du tout d'accord","Pas du tout d'accord","Pas du tout d'accord","Tout à fait d’accord","Tout à fait d’accord","Tout à fait d’accord","Tout à fait d’accord","Ni d’accord ni pas d’accord (neutre)","Plutôt d’accord","Ni d’accord ni pas d’accord (neutre)","Ni d’accord ni pas d’accord (neutre)","Tout à fait d’accord","Tout à fait d’accord","Tout à fait d’accord","Ni d’accord ni pas d’accord (neutre)","Ni d’accord ni pas d’accord (neutre)","Ni d’accord ni pas d’accord (neutre)","Ni d’accord ni pas d’accord (neutre)","Ni d’accord ni pas d’accord (neutre)","Plutôt pas d'accord","Pas du tout d'accord","Pas du tout d'accord","Plutôt d’accord","Plutôt d’accord","Plutôt pas d'accord","Plutôt d’accord","Pas du tout d'accord","Plutôt d’accord","Plutôt d’accord","Plutôt d’accord","Pas du tout d'accord","Plutôt pas d'accord","Pas du tout d'accord","Plutôt d’accord","Plutôt d’accord","J’y suis sensible, mais je n’agis pas beaucoup","Basés sur le goût;Basés sur le prix;Basés sur la proximité géographique;Basés sur la qualité nutritionnelle","Soutenir les producteurs;Limiter son empreinte écologique;S’ancrer dans un territoire;Faire un acte politique","Un effort;Une démarche que j’admire sans suivre","Le prix;Le manque d’offre proche;Le manque de temps;Le manque d’habitude;Je ne sais pas où chercher","Meilleure signalétique des produits locaux;Aides financières (chèques alimentation, épiceries solidaires…);Plus d’offres en ligne / en livraison"
"2025/05/26 3:28:33 PM UTC+3","Normandie","Tout à fait d’accord","Ni d’accord ni pas d’accord (neutre)","Tout à fait d’accord","Tout à fait d’accord","Plutôt d’accord","Tout à fait d’accord","Plutôt d’accord","Ni d’accord ni pas d’accord (neutre)","Plutôt d’accord","Plutôt d’accord","Ni d’accord ni pas d’accord (neutre)","Plutôt d’accord","Ni d’accord ni pas d’accord (neutre)","Plutôt d’accord","Ni d’accord ni pas d’accord (neutre)","Ni d’accord ni pas d’accord (neutre)","Tout à fait d’accord","Ni d’accord ni pas d’accord (neutre)","Ni d’accord ni pas d’accord (neutre)","Ni d’accord ni pas d’accord (neutre)","Plutôt d’accord","Tout à fait d’accord","Plutôt d’accord","Ni d’accord ni pas d’accord (neutre)","Tout à fait d’accord","Tout à fait d’accord","Tout à fait d’accord","Ni d’accord ni pas d’accord (neutre)","Ni d’accord ni pas d’accord (neutre)","Plutôt d’accord","Ni d’accord ni pas d’accord (neutre)","Tout à fait d’accord","Plutôt d’accord","Plutôt d’accord","Ni d’accord ni pas d’accord (neutre)","Tout à fait d’accord","Plutôt d’accord","Plutôt pas d'accord","Ni d’accord ni pas d’accord (neutre)","Ni d’accord ni pas d’accord (neutre)","Ni d’accord ni pas d’accord (neutre)","Ni d’accord ni pas d’accord (neutre)","Plutôt d’accord","Plutôt d’accord","Tout à fait d’accord","Tout à fait d’accord","Tout à fait d’accord","Tout à fait d’accord","C’est central pour moi, je fais beaucoup d’efforts","Basés sur le goût;Basés sur le prix;Basés sur la proximité géographique;Basés sur la qualité nutritionnelle","Soutenir les producteurs;Manger plus sainement;Limiter son empreinte écologique;Réduire les intermédiaires","Un réflexe","Aucun obstacle particulier","Meilleure signalétique des produits locaux;Plus d’événements ou d’animations sur l’alimentation locale"
"2025/05/26 3:31:10 PM UTC+3","Pays de la Loire","Ni d’accord ni pas d’accord (neutre)","Plutôt pas d'accord","Plutôt d’accord","Plutôt d’accord","Plutôt d’accord","Tout à fait d’accord","Plutôt pas d'accord","Tout à fait d’accord","Pas du tout d'accord","Plutôt d’accord","Pas du tout d'accord","Plutôt d’accord","Plutôt d’accord","Plutôt d’accord","Plutôt pas d'accord","Plutôt d’accord","Plutôt d’accord","Plutôt d’accord","Plutôt pas d'accord","Pas du tout d'accord","Ni d’accord ni pas d’accord (neutre)","Plutôt d’accord","Tout à fait d’accord","Plutôt pas d'accord","Tout à fait d’accord","Plutôt d’accord","Plutôt d’accord","Plutôt pas d'accord","Plutôt pas d'accord","Plutôt d’accord","Tout à fait d’accord","Ni d’accord ni pas d’accord (neutre)","Plutôt d’accord","Ni d’accord ni pas d’accord (neutre)","Ni d’accord ni pas d’accord (neutre)","Plutôt d’accord","Tout à fait d’accord","Ni d’accord ni pas d’accord (neutre)","Pas du tout d'accord","Tout à fait d’accord","Plutôt d’accord","Pas du tout d'accord","Plutôt d’accord","Plutôt d’accord","Ni d’accord ni pas d’accord (neutre)","Ni d’accord ni pas d’accord (neutre)","Ni d’accord ni pas d’accord (neutre)","Tout à fait d’accord","C’est important, mais ce n’est pas toujours simple","Basés sur le goût;Basés sur la qualité nutritionnelle;Basés sur la facilité d’accès","Soutenir les producteurs;Manger plus sainement;Réduire les intermédiaires","Un effort;Un idéal inaccessible;Une contrainte","Le manque d’offre proche;Le manque d’information claire;Le manque de temps","Meilleure signalétique des produits locaux;Plus d’offres en ligne / en livraison"
"2025/05/26 3:32:28 PM UTC+3","Nouvelle-Aquitaine","Plutôt d’accord","Plutôt d’accord","Tout à fait d’accord","Plutôt d’accord","Plutôt d’accord","Plutôt d’accord","Plutôt d’accord","Plutôt d’accord","Plutôt d’accord","Plutôt d’accord","Plutôt pas d'accord","Ni d’accord ni pas d’accord (neutre)","Ni d’accord ni pas d’accord (neutre)","Plutôt pas d'accord","Plutôt pas d'accord","Ni d’accord ni pas d’accord (neutre)","Plutôt d’accord","Plutôt pas d'accord","Plutôt pas d'accord","Plutôt pas d'accord","Plutôt d’accord","Plutôt d’accord","Plutôt d’accord","Plutôt pas d'accord","Tout à fait d’accord","Tout à fait d’accord","Tout à fait d’accord","Plutôt d’accord","Plutôt d’accord","Tout à fait d’accord","Plutôt pas d'accord","Plutôt d’accord","Plutôt d’accord","Plutôt pas d'accord","Plutôt d’accord","Plutôt pas d'accord","Plutôt d’accord","Plutôt pas d'accord","Plutôt d’accord","Tout à fait d’accord","Plutôt pas d'accord","Plutôt pas d'accord","Plutôt d’accord","Plutôt d’accord","Plutôt d’accord","Plutôt pas d'accord","Plutôt d’accord","Plutôt d’accord","C’est important, mais ce n’est pas toujours simple","Basés sur le goût;Basés sur le prix;Basés sur la proximité géographique;Basés sur la qualité nutritionnelle","Soutenir les producteurs;Manger plus sainement;Réduire les intermédiaires","Un effort","Le manque d’information claire;Le manque de temps","Meilleure signalétique des produits locaux;Plus d’événements ou d’animations sur l’alimentation locale"
"2025/05/26 3:35:44 PM UTC+3","Hauts-de-France","Ni d’accord ni pas d’accord (neutre)","Tout à fait d’accord","Plutôt d’accord","Ni d’accord ni pas d’accord (neutre)","Plutôt d’accord","Tout à fait d’accord","Tout à fait d’accord","Tout à fait d’accord","Plutôt d’accord","Tout à fait d’accord","Ni d’accord ni pas d’accord (neutre)","Tout à fait d’accord","Plutôt pas d'accord","Tout à fait d’accord","Plutôt d’accord","Ni d’accord ni pas d’accord (neutre)","Tout à fait d’accord","Plutôt d’accord","Plutôt d’accord","Plutôt d’accord","Tout à fait d’accord","Tout à fait d’accord","Tout à fait d’accord","Plutôt d’accord","Plutôt d’accord","Tout à fait d’accord","Tout à fait d’accord","Plutôt d’accord","Ni d’accord ni pas d’accord (neutre)","Plutôt d’accord","Tout à fait d’accord","Tout à fait d’accord","Tout à fait d’accord","Ni d’accord ni pas d’accord (neutre)","Plutôt pas d'accord","Ni d’accord ni pas d’accord (neutre)","Tout à fait d’accord","Plutôt pas d'accord","Plutôt d’accord","Plutôt d’accord","Plutôt d’accord","Plutôt pas d'accord","Plutôt d’accord","Plutôt d’accord","Tout à fait d’accord","Plutôt pas d'accord","Tout à fait d’accord","Tout à fait d’accord","C’est important, mais ce n’est pas toujours simple","Basés sur le goût;Basés sur la proximité géographique;Basés sur la qualité nutritionnelle","Manger plus sainement;S’ancrer dans un territoire;Réduire les intermédiaires;Faire un acte politique","Un réflexe","Le manque d’offre proche;Le manque d’information claire","Meilleure signalétique des produits locaux;Plus d’événements ou d’animations sur l’alimentation locale;Plus d’offres en ligne / en livraison;Plus de liens avec les producteurs (visites, témoignages…)"
"2025/05/26 3:37:42 PM UTC+3","Bretagne","Plutôt pas d'accord","Ni d’accord ni pas d’accord (neutre)","Plutôt d’accord","Plutôt pas d'accord","Ni d’accord ni pas d’accord (neutre)","Plutôt d’accord","Ni d’accord ni pas d’accord (neutre)","Ni d’accord ni pas d’accord (neutre)","Pas du tout d'accord","Plutôt pas d'accord","Pas du tout d'accord","Plutôt pas d'accord","Pas du tout d'accord","Pas du tout d'accord","Pas du tout d'accord","Pas du tout d'accord","Pas du tout d'accord","Ni d’accord ni pas d’accord (neutre)","Ni d’accord ni pas d’accord (neutre)","Plutôt pas d'accord","Plutôt pas d'accord","Plutôt pas d'accord","Pas du tout d'accord","Pas du tout d'accord","Ni d’accord ni pas d’accord (neutre)","Plutôt pas d'accord","Ni d’accord ni pas d’accord (neutre)","Pas du tout d'accord","Plutôt pas d'accord","Plutôt pas d'accord","Plutôt pas d'accord","Plutôt pas d'accord","Plutôt pas d'accord","Plutôt pas d'accord","Plutôt pas d'accord","Plutôt pas d'accord","Plutôt d’accord","Plutôt pas d'accord","Pas du tout d'accord","Plutôt pas d'accord","Ni d’accord ni pas d’accord (neutre)","Pas du tout d'accord","Plutôt pas d'accord","Pas du tout d'accord","Pas du tout d'accord","Pas du tout d'accord","Plutôt pas d'accord","Plutôt pas d'accord","J’y suis sensible, mais je n’agis pas beaucoup","Basés sur le goût;Basés sur la facilité d’accès","Limiter son empreinte écologique;Réduire les intermédiaires","Une contrainte;Une démarche que j’admire sans suivre","Le prix;Le manque d’information claire;Le manque de temps;Le manque d’habitude","Aides financières (chèques alimentation, épiceries solidaires…)"
"2025/05/26 3:42:16 PM UTC+3","Bretagne","Plutôt pas d'accord","Pas du tout d'accord","Tout à fait d’accord","Tout à fait d’accord","Ni d’accord ni pas d’accord (neutre)","Plutôt pas d'accord","Pas du tout d'accord","Tout à fait d’accord","Pas du tout d'accord","Tout à fait d’accord","Pas du tout d'accord","Pas du tout d'accord","Pas du tout d'accord","Pas du tout d'accord","Pas du tout d'accord","Pas du tout d'accord","Tout à fait d’accord","Tout à fait d’accord","Pas du tout d'accord","Pas du tout d'accord","Pas du tout d'accord","Ni d’accord ni pas d’accord (neutre)","Pas du tout d'accord","Pas du tout d'accord","Tout à fait d’accord","Tout à fait d’accord","Tout à fait d’accord","Tout à fait d’accord","Tout à fait d’accord","Tout à fait d’accord","Pas du tout d'accord","Tout à fait d’accord","Pas du tout d'accord","Plutôt d’accord","Ni d’accord ni pas d’accord (neutre)","Ni d’accord ni pas d’accord (neutre)","Tout à fait d’accord","Ni d’accord ni pas d’accord (neutre)","Pas du tout d'accord","Tout à fait d’accord","Pas du tout d'accord","Pas du tout d'accord","Tout à fait d’accord","Pas du tout d'accord","Tout à fait d’accord","Pas du tout d'accord","Pas du tout d'accord","Tout à fait d’accord","J’y suis sensible, mais je n’agis pas beaucoup","Basés sur le prix;Basés sur la qualité nutritionnelle","Soutenir les producteurs;Réduire les intermédiaires","Un effort","Le prix;Le manque d’offre proche;Le manque de temps","Meilleure signalétique des produits locaux;Plus d’événements ou d’animations sur l’alimentation locale"
"2025/05/26 3:42:57 PM UTC+3","Auvergne-Rhône-Alpes","Tout à fait d’accord","Tout à fait d’accord","Plutôt pas d'accord","Plutôt pas d'accord","Plutôt d’accord","Plutôt d’accord","Plutôt d’accord","Tout à fait d’accord","Ni d’accord ni pas d’accord (neutre)","Tout à fait d’accord","Pas du tout d'accord","Plutôt d’accord","Ni d’accord ni pas d’accord (neutre)","Tout à fait d’accord","Plutôt d’accord","Plutôt pas d'accord","Plutôt pas d'accord","Ni d’accord ni pas d’accord (neutre)","Plutôt pas d'accord","Plutôt pas d'accord","Plutôt pas d'accord","Plutôt d’accord","Plutôt d’accord","Ni d’accord ni pas d’accord (neutre)","Tout à fait d’accord","Tout à fait d’accord","Tout à fait d’accord","Plutôt d’accord","Plutôt d’accord","Ni d’accord ni pas d’accord (neutre)","Ni d’accord ni pas d’accord (neutre)","Ni d’accord ni pas d’accord (neutre)","Plutôt d’accord","Plutôt d’accord","Plutôt d’accord","Plutôt d’accord","Plutôt d’accord","Pas du tout d'accord","Pas du tout d'accord","Pas du tout d'accord","Pas du tout d'accord","Pas du tout d'accord","Ni d’accord ni pas d’accord (neutre)","Plutôt d’accord","Tout à fait d’accord","Tout à fait d’accord","Tout à fait d’accord","Tout à fait d’accord","C’est important, mais ce n’est pas toujours simple","Basés sur le goût;Basés sur le prix;Basés sur la proximité géographique;Basés sur la facilité d’accès","Soutenir les producteurs;Manger plus sainement;Limiter son empreinte écologique;S’ancrer dans un territoire;Réduire les intermédiaires;Faire un acte politique","Un effort","Le manque d’information claire;Le manque d’habitude","Meilleure signalétique des produits locaux;Plus de liens avec les producteurs (visites, témoignages…)"
"2025/05/26 3:49:06 PM UTC+3","Bretagne","Plutôt pas d'accord","Plutôt pas d'accord","Ni d’accord ni pas d’accord (neutre)","Tout à fait d’accord","Ni d’accord ni pas d’accord (neutre)","Tout à fait d’accord","Plutôt d’accord","Plutôt d’accord","Plutôt pas d'accord","Plutôt pas d'accord","Pas du tout d'accord","Pas du tout d'accord","Pas du tout d'accord","Pas du tout d'accord","Plutôt pas d'accord","Plutôt pas d'accord","Ni d’accord ni pas d’accord (neutre)","Ni d’accord ni pas d’accord (neutre)","Ni d’accord ni pas d’accord (neutre)","Pas du tout d'accord","Plutôt pas d'accord","Ni d’accord ni pas d’accord (neutre)","Plutôt pas d'accord","Ni d’accord ni pas d’accord (neutre)","Ni d’accord ni pas d’accord (neutre)","Plutôt d’accord","Plutôt d’accord","Plutôt pas d'accord","Ni d’accord ni pas d’accord (neutre)","Plutôt d’accord","Ni d’accord ni pas d’accord (neutre)","Plutôt pas d'accord","Plutôt d’accord","Ni d’accord ni pas d’accord (neutre)","Ni d’accord ni pas d’accord (neutre)","Tout à fait d’accord","Tout à fait d’accord","Plutôt pas d'accord","Ni d’accord ni pas d’accord (neutre)","Plutôt d’accord","Pas du tout d'accord","Pas du tout d'accord","Plutôt d’accord","Ni d’accord ni pas d’accord (neutre)","Plutôt d’accord","Plutôt d’accord","Plutôt d’accord","Plutôt d’accord","J’y suis sensible, mais je n’agis pas beaucoup","Basés sur le goût;Basés sur le prix;Basés sur la proximité géographique;Basés sur la qualité nutritionnelle","Soutenir les producteurs;Manger plus sainement;Limiter son empreinte écologique;S’ancrer dans un territoire","Un réflexe;Un effort","Le prix;Le manque d’habitude","Plus d’événements ou d’animations sur l’alimentation locale;Plus de liens avec les producteurs (visites, témoignages…)"
"2025/05/26 3:58:41 PM UTC+3","Île-de-France","Plutôt d’accord","Plutôt d’accord","Plutôt d’accord","Ni d’accord ni pas d’accord (neutre)","Ni d’accord ni pas d’accord (neutre)","Plutôt d’accord","Plutôt d’accord","Plutôt d’accord","Pas du tout d'accord","Plutôt d’accord","Pas du tout d'accord","Plutôt d’accord","Tout à fait d’accord","Tout à fait d’accord","Plutôt d’accord","Tout à fait d’accord","Tout à fait d’accord","Plutôt d’accord","Plutôt d’accord","Ni d’accord ni pas d’accord (neutre)","Ni d’accord ni pas d’accord (neutre)","Tout à fait d’accord","Tout à fait d’accord","Plutôt d’accord","Plutôt d’accord","Plutôt d’accord","Plutôt d’accord","Ni d’accord ni pas d’accord (neutre)","Plutôt d’accord","Tout à fait d’accord","Ni d’accord ni pas d’accord (neutre)","Ni d’accord ni pas d’accord (neutre)","Tout à fait d’accord","Ni d’accord ni pas d’accord (neutre)","Plutôt d’accord","Ni d’accord ni pas d’accord (neutre)","Plutôt pas d'accord","Pas du tout d'accord","Pas du tout d'accord","Tout à fait d’accord","Pas du tout d'accord","Pas du tout d'accord","Plutôt d’accord","Plutôt d’accord","Tout à fait d’accord","Ni d’accord ni pas d’accord (neutre)","Plutôt d’accord","Plutôt d’accord","C’est important, mais ce n’est pas toujours simple","Basés sur le goût;Basés sur la proximité géographique;Basés sur la qualité nutritionnelle","Soutenir les producteurs","Un réflexe","Le manque d’offre proche;Le manque de temps","Meilleure signalétique des produits locaux;Plus de liens avec les producteurs (visites, témoignages…)"
"2025/05/26 4:16:21 PM UTC+3","Normandie","Plutôt d’accord","Plutôt d’accord","Plutôt d’accord","Plutôt d’accord","Plutôt d’accord","Ni d’accord ni pas d’accord (neutre)","Tout à fait d’accord","Plutôt d’accord","Tout à fait d’accord","Plutôt d’accord","Ni d’accord ni pas d’accord (neutre)","Plutôt d’accord","Ni d’accord ni pas d’accord (neutre)","Plutôt d’accord","Plutôt d’accord","Plutôt d’accord","Plutôt d’accord","Ni d’accord ni pas d’accord (neutre)","Ni d’accord ni pas d’accord (neutre)","Ni d’accord ni pas d’accord (neutre)","Plutôt d’accord","Plutôt d’accord","Plutôt d’accord","Ni d’accord ni pas d’accord (neutre)","Plutôt d’accord","Plutôt d’accord","Plutôt d’accord","Ni d’accord ni pas d’accord (neutre)","Ni d’accord ni pas d’accord (neutre)","Plutôt d’accord","Ni d’accord ni pas d’accord (neutre)","Ni d’accord ni pas d’accord (neutre)","Ni d’accord ni pas d’accord (neutre)","Ni d’accord ni pas d’accord (neutre)","Plutôt d’accord","Plutôt d’accord","Plutôt d’accord","Pas du tout d'accord","Ni d’accord ni pas d’accord (neutre)","Plutôt d’accord","Ni d’accord ni pas d’accord (neutre)","Ni d’accord ni pas d’accord (neutre)","Ni d’accord ni pas d’accord (neutre)","Plutôt d’accord","Ni d’accord ni pas d’accord (neutre)","Plutôt d’accord","Plutôt d’accord","Plutôt d’accord","C’est important, mais ce n’est pas toujours simple","Basés sur la facilité d’accès","Soutenir les producteurs;Manger plus sainement;Réduire les intermédiaires","Un effort","Le prix;Le manque d’offre proche;Le manque de temps","Plus d’événements ou d’animations sur l’alimentation locale;Plus d’offres en ligne / en livraison;Plus de liens avec les producteurs (visites, témoignages…)"
"2025/05/26 4:16:27 PM UTC+3","Normandie","Tout à fait d’accord","Tout à fait d’accord","Plutôt d’accord","Plutôt d’accord","Plutôt d’accord","Tout à fait d’accord","Plutôt d’accord","Tout à fait d’accord","Tout à fait d’accord","Tout à fait d’accord","Plutôt d’accord","Tout à fait d’accord","Tout à fait d’accord","Tout à fait d’accord","Plutôt d’accord","Tout à fait d’accord","Tout à fait d’accord","Tout à fait d’accord","Plutôt d’accord","Plutôt d’accord","Tout à fait d’accord","Tout à fait d’accord","Tout à fait d’accord","Tout à fait d’accord","Tout à fait d’accord","Tout à fait d’accord","Tout à fait d’accord","Tout à fait d’accord","Plutôt d’accord","Plutôt d’accord","Plutôt d’accord","Tout à fait d’accord","Plutôt d’accord","Plutôt d’accord","Ni d’accord ni pas d’accord (neutre)","Tout à fait d’accord","Plutôt d’accord","Ni d’accord ni pas d’accord (neutre)","Ni d’accord ni pas d’accord (neutre)","Tout à fait d’accord","Tout à fait d’accord","Ni d’accord ni pas d’accord (neutre)","Tout à fait d’accord","Tout à fait d’accord","Tout à fait d’accord","Plutôt d’accord","Plutôt d’accord","Tout à fait d’accord","C’est central pour moi, je fais beaucoup d’efforts","Basés sur le goût;Basés sur le prix;Basés sur la proximité géographique","Soutenir les producteurs;Manger plus sainement;Réduire les intermédiaires","Un réflexe;Un effort","Le prix;Le manque d’offre proche","Meilleure signalétique des produits locaux;Aides financières (chèques alimentation, épiceries solidaires…);Plus d’événements ou d’animations sur l’alimentation locale"
"2025/05/26 4:24:20 PM UTC+3","Normandie","Tout à fait d’accord","Tout à fait d’accord","Tout à fait d’accord","Tout à fait d’accord","Tout à fait d’accord","Tout à fait d’accord","Plutôt d’accord","Tout à fait d’accord","Plutôt d’accord","Plutôt d’accord","Ni d’accord ni pas d’accord (neutre)","Ni d’accord ni pas d’accord (neutre)","Plutôt d’accord","Plutôt d’accord","Plutôt d’accord","Plutôt d’accord","Tout à fait d’accord","Plutôt d’accord","Plutôt d’accord","Plutôt d’accord","Plutôt pas d'accord","Plutôt d’accord","Ni d’accord ni pas d’accord (neutre)","Pas du tout d'accord","Tout à fait d’accord","Tout à fait d’accord","Tout à fait d’accord","Plutôt d’accord","Plutôt d’accord","Plutôt pas d'accord","Pas du tout d'accord","Pas du tout d'accord","Ni d’accord ni pas d’accord (neutre)","Ni d’accord ni pas d’accord (neutre)","Plutôt d’accord","Plutôt d’accord","Plutôt d’accord","Pas du tout d'accord","Pas du tout d'accord","Pas du tout d'accord","Plutôt pas d'accord","Pas du tout d'accord","Tout à fait d’accord","Tout à fait d’accord","Tout à fait d’accord","Tout à fait d’accord","Tout à fait d’accord","Tout à fait d’accord","C’est important, mais ce n’est pas toujours simple","Basés sur le goût;Basés sur la proximité géographique;Basés sur la qualité nutritionnelle","Soutenir les producteurs;Manger plus sainement;Réduire les intermédiaires","Un réflexe","Aucun obstacle particulier","Plus d’événements ou d’animations sur l’alimentation locale;Plus d’offres en ligne / en livraison"
"2025/05/26 4:30:13 PM UTC+3","Auvergne-Rhône-Alpes","Plutôt d’accord","Tout à fait d’accord","Plutôt d’accord","Plutôt d’accord","Plutôt d’accord","Plutôt d’accord","Tout à fait d’accord","Tout à fait d’accord","Plutôt d’accord","Plutôt d’accord","Pas du tout d'accord","Ni d’accord ni pas d’accord (neutre)","Plutôt pas d'accord","Tout à fait d’accord","Plutôt d’accord","Ni d’accord ni pas d’accord (neutre)","Tout à fait d’accord","Plutôt pas d'accord","Ni d’accord ni pas d’accord (neutre)","Plutôt pas d'accord","Plutôt d’accord","Plutôt d’accord","Tout à fait d’accord","Tout à fait d’accord","Tout à fait d’accord","Tout à fait d’accord","Tout à fait d’accord","Ni d’accord ni pas d’accord (neutre)","Plutôt d’accord","Plutôt d’accord","Plutôt d’accord","Plutôt d’accord","Plutôt d’accord","Plutôt pas d'accord","Plutôt pas d'accord","Plutôt d’accord","Plutôt d’accord","Plutôt pas d'accord","Ni d’accord ni pas d’accord (neutre)","Plutôt pas d'accord","Plutôt d’accord","Plutôt pas d'accord","Plutôt d’accord","Plutôt d’accord","Plutôt d’accord","Plutôt pas d'accord","Plutôt d’accord","Plutôt d’accord","C’est important, mais ce n’est pas toujours simple","Basés sur le goût;Basés sur le prix;Basés sur la proximité géographique","Soutenir les producteurs;Manger plus sainement;Limiter son empreinte écologique;Réduire les intermédiaires","Un effort","Le prix;Le manque de temps","Plus d’offres en ligne / en livraison"
"2025/05/26 4:36:19 PM UTC+3","Auvergne-Rhône-Alpes","Plutôt d’accord","Plutôt d’accord","Ni d’accord ni pas d’accord (neutre)","Tout à fait d’accord","Plutôt d’accord","Plutôt d’accord","Plutôt d’accord","Plutôt d’accord","Plutôt d’accord","Tout à fait d’accord","Pas du tout d'accord","Ni d’accord ni pas d’accord (neutre)","Pas du tout d'accord","Ni d’accord ni pas d’accord (neutre)","Pas du tout d'accord","Ni d’accord ni pas d’accord (neutre)","Plutôt d’accord","Plutôt d’accord","Pas du tout d'accord","Pas du tout d'accord","Plutôt d’accord","Ni d’accord ni pas d’accord (neutre)","Ni d’accord ni pas d’accord (neutre)","Tout à fait d’accord","Plutôt d’accord","Plutôt d’accord","Ni d’accord ni pas d’accord (neutre)","Pas du tout d'accord","Plutôt d’accord","Tout à fait d’accord","Ni d’accord ni pas d’accord (neutre)","Plutôt d’accord","Plutôt pas d'accord","Ni d’accord ni pas d’accord (neutre)","Plutôt d’accord","Tout à fait d’accord","Tout à fait d’accord","Pas du tout d'accord","Plutôt pas d'accord","Pas du tout d'accord","Plutôt pas d'accord","Pas du tout d'accord","Plutôt d’accord","Pas du tout d'accord","Plutôt d’accord","Ni d’accord ni pas d’accord (neutre)","Plutôt d’accord","Tout à fait d’accord","C’est important, mais ce n’est pas toujours simple","Basés sur le goût;Basés sur le prix;Basés sur l’impact environnemental","Manger plus sainement;Limiter son empreinte écologique","Un effort","Le prix","Aides financières (chèques alimentation, épiceries solidaires…)"
"2025/05/26 4:39:36 PM UTC+3","Bretagne","Tout à fait d’accord","Tout à fait d’accord","Plutôt d’accord","Plutôt d’accord","Tout à fait d’accord","Tout à fait d’accord","Tout à fait d’accord","Tout à fait d’accord","Tout à fait d’accord","Tout à fait d’accord","Ni d’accord ni pas d’accord (neutre)","Tout à fait d’accord","Tout à fait d’accord","Tout à fait d’accord","Tout à fait d’accord","Tout à fait d’accord","Plutôt d’accord","Tout à fait d’accord","Ni d’accord ni pas d’accord (neutre)","Ni d’accord ni pas d’accord (neutre)","Tout à fait d’accord","Tout à fait d’accord","Tout à fait d’accord","Tout à fait d’accord","Tout à fait d’accord","Plutôt d’accord","Ni d’accord ni pas d’accord (neutre)","Ni d’accord ni pas d’accord (neutre)","Tout à fait d’accord","Tout à fait d’accord","Ni d’accord ni pas d’accord (neutre)","Tout à fait d’accord","Tout à fait d’accord","Tout à fait d’accord","Ni d’accord ni pas d’accord (neutre)","Tout à fait d’accord","Ni d’accord ni pas d’accord (neutre)","Ni d’accord ni pas d’accord (neutre)","Ni d’accord ni pas d’accord (neutre)","Ni d’accord ni pas d’accord (neutre)","Ni d’accord ni pas d’accord (neutre)","Ni d’accord ni pas d’accord (neutre)","Tout à fait d’accord","Tout à fait d’accord","Tout à fait d’accord","Ni d’accord ni pas d’accord (neutre)","Tout à fait d’accord","Tout à fait d’accord","C’est central pour moi, je fais beaucoup d’efforts","Basés sur le goût;Basés sur la qualité nutritionnelle","Manger plus sainement","Un réflexe","Aucun obstacle particulier","Plus de liens avec les producteurs (visites, témoignages…)"
"2025/05/26 4:40:51 PM UTC+3","Pays de la Loire","Tout à fait d’accord","Tout à fait d’accord","Tout à fait d’accord","Ni d’accord ni pas d’accord (neutre)","Ni d’accord ni pas d’accord (neutre)","Plutôt d’accord","Plutôt d’accord","Ni d’accord ni pas d’accord (neutre)","Plutôt pas d'accord","Plutôt d’accord","Pas du tout d'accord","Plutôt pas d'accord","Plutôt pas d'accord","Ni d’accord ni pas d’accord (neutre)","Pas du tout d'accord","Pas du tout d'accord","Plutôt pas d'accord","Plutôt d’accord","Plutôt pas d'accord","Pas du tout d'accord","Pas du tout d'accord","Plutôt d’accord","Plutôt d’accord","Plutôt d’accord","Tout à fait d’accord","Plutôt d’accord","Tout à fait d’accord","Tout à fait d’accord","Plutôt d’accord","Plutôt d’accord","Pas du tout d'accord","Plutôt d’accord","Plutôt d’accord","Plutôt pas d'accord","Plutôt pas d'accord","Plutôt d’accord","Plutôt d’accord","Pas du tout d'accord","Pas du tout d'accord","Ni d’accord ni pas d’accord (neutre)","Plutôt pas d'accord","Plutôt pas d'accord","Plutôt d’accord","Ni d’accord ni pas d’accord (neutre)","Tout à fait d’accord","Plutôt d’accord","Tout à fait d’accord","Tout à fait d’accord","C’est important, mais ce n’est pas toujours simple","Basés sur le goût;Basés sur le prix;Basés sur la proximité géographique","Soutenir les producteurs;Limiter son empreinte écologique;S’ancrer dans un territoire;Réduire les intermédiaires;Faire un acte politique","Un effort","Le manque de temps;Le manque d’habitude","Aides financières (chèques alimentation, épiceries solidaires…)"
"2025/05/26 4:55:27 PM UTC+3","Bretagne","Tout à fait d’accord","Tout à fait d’accord","Tout à fait d’accord","Tout à fait d’accord","Tout à fait d’accord","Tout à fait d’accord","Tout à fait d’accord","Tout à fait d’accord","Plutôt d’accord","Plutôt d’accord","Plutôt d’accord","Tout à fait d’accord","Plutôt d’accord","Plutôt d’accord","Tout à fait d’accord","Plutôt d’accord","Tout à fait d’accord","Tout à fait d’accord","Plutôt d’accord","Plutôt d’accord","Plutôt d’accord","Plutôt d’accord","Tout à fait d’accord","Tout à fait d’accord","Tout à fait d’accord","Tout à fait d’accord","Plutôt d’accord","Tout à fait d’accord","Tout à fait d’accord","Tout à fait d’accord","Tout à fait d’accord","Tout à fait d’accord","Tout à fait d’accord","Plutôt d’accord","Tout à fait d’accord","Plutôt d’accord","Tout à fait d’accord","Plutôt d’accord","Plutôt d’accord","Tout à fait d’accord","Plutôt pas d'accord","Plutôt pas d'accord","Tout à fait d’accord","Plutôt d’accord","Plutôt d’accord","Tout à fait d’accord","Plutôt d’accord","Tout à fait d’accord","C’est important, mais ce n’est pas toujours simple","Basés sur le prix;Basés sur la proximité géographique;Basés sur la facilité d’accès","Soutenir les producteurs;Manger plus sainement;Limiter son empreinte écologique;Réduire les intermédiaires","Un réflexe","Le prix;Le manque d’offre proche;Le manque de temps","Aides financières (chèques alimentation, épiceries solidaires…);Plus d’offres en ligne / en livraison"
"2025/05/26 5:03:19 PM UTC+3","Bretagne","Plutôt d’accord","Tout à fait d’accord","Ni d’accord ni pas d’accord (neutre)","Ni d’accord ni pas d’accord (neutre)","Plutôt d’accord","Tout à fait d’accord","Plutôt pas d'accord","Tout à fait d’accord","Pas du tout d'accord","Plutôt d’accord","Pas du tout d'accord","Plutôt pas d'accord","Pas du tout d'accord","Plutôt d’accord","Plutôt pas d'accord","Plutôt pas d'accord","Plutôt d’accord","Ni d’accord ni pas d’accord (neutre)","Ni d’accord ni pas d’accord (neutre)","Pas du tout d'accord","Pas du tout d'accord","Tout à fait d’accord","Pas du tout d'accord","Plutôt pas d'accord","Plutôt d’accord","Ni d’accord ni pas d’accord (neutre)","Plutôt pas d'accord","Plutôt pas d'accord","Pas du tout d'accord","Plutôt d’accord","Plutôt d’accord","Plutôt d’accord","Ni d’accord ni pas d’accord (neutre)","Plutôt pas d'accord","Pas du tout d'accord","Plutôt d’accord","Plutôt d’accord","Pas du tout d'accord","Pas du tout d'accord","Ni d’accord ni pas d’accord (neutre)","Pas du tout d'accord","Pas du tout d'accord","Plutôt d’accord","Pas du tout d'accord","Plutôt d’accord","Pas du tout d'accord","Plutôt d’accord","Plutôt d’accord","J’y suis sensible, mais je n’agis pas beaucoup","Basés sur le goût;Basés sur la qualité nutritionnelle","Soutenir les producteurs;Manger plus sainement","Un effort","Le manque d’information claire;Le manque de temps","Plus d’offres en ligne / en livraison"
"2025/05/26 5:03:57 PM UTC+3","Pays de la Loire","Plutôt d’accord","Tout à fait d’accord","Pas du tout d'accord","Plutôt pas d'accord","Ni d’accord ni pas d’accord (neutre)","Plutôt d’accord","Tout à fait d’accord","Tout à fait d’accord","Pas du tout d'accord","Plutôt d’accord","Pas du tout d'accord","Pas du tout d'accord","Ni d’accord ni pas d’accord (neutre)","Ni d’accord ni pas d’accord (neutre)","Pas du tout d'accord","Pas du tout d'accord","Plutôt pas d'accord","Plutôt d’accord","Ni d’accord ni pas d’accord (neutre)","Pas du tout d'accord","Ni d’accord ni pas d’accord (neutre)","Tout à fait d’accord","Pas du tout d'accord","Pas du tout d'accord","Plutôt d’accord","Ni d’accord ni pas d’accord (neutre)","Plutôt pas d'accord","Pas du tout d'accord","Plutôt d’accord","Tout à fait d’accord","Ni d’accord ni pas d’accord (neutre)","Tout à fait d’accord","Plutôt d’accord","Plutôt pas d'accord","Plutôt pas d'accord","Plutôt d’accord","Plutôt d’accord","Pas du tout d'accord","Pas du tout d'accord","Pas du tout d'accord","Pas du tout d'accord","Pas du tout d'accord","Pas du tout d'accord","Pas du tout d'accord","Plutôt pas d'accord","Ni d’accord ni pas d’accord (neutre)","Tout à fait d’accord","Tout à fait d’accord","J’y suis sensible, mais je n’agis pas beaucoup","Basés sur le goût;Basés sur le prix;Basés sur l’impact environnemental;Basés sur la facilité d’accès","Soutenir les producteurs;Manger plus sainement;Limiter son empreinte écologique;S’ancrer dans un territoire;Réduire les intermédiaires","Un effort;Un idéal inaccessible;Une contrainte;Une démarche que j’admire sans suivre","Le manque d’information claire;Le manque de temps;Le manque d’habitude","Meilleure signalétique des produits locaux;Plus de liens avec les producteurs (visites, témoignages…)"
"2025/05/26 5:13:49 PM UTC+3","Bretagne","Plutôt d’accord","Plutôt d’accord","Plutôt d’accord","Plutôt d’accord","Plutôt d’accord","Ni d’accord ni pas d’accord (neutre)","Tout à fait d’accord","Tout à fait d’accord","Plutôt pas d'accord","Tout à fait d’accord","Pas du tout d'accord","Pas du tout d'accord","Pas du tout d'accord","Plutôt pas d'accord","Plutôt pas d'accord","Plutôt pas d'accord","Plutôt d’accord","Plutôt d’accord","Plutôt d’accord","Plutôt pas d'accord","Plutôt d’accord","Tout à fait d’accord","Plutôt d’accord","Pas du tout d'accord","Tout à fait d’accord","Tout à fait d’accord","Tout à fait d’accord","Tout à fait d’accord","Tout à fait d’accord","Tout à fait d’accord","Tout à fait d’accord","Tout à fait d’accord","Plutôt d’accord","Plutôt d’accord","Plutôt d’accord","Plutôt d’accord","Tout à fait d’accord","Plutôt d’accord","Plutôt d’accord","Tout à fait d’accord","Pas du tout d'accord","Pas du tout d'accord","Tout à fait d’accord","Ni d’accord ni pas d’accord (neutre)","Tout à fait d’accord","Ni d’accord ni pas d’accord (neutre)","Ni d’accord ni pas d’accord (neutre)","Plutôt d’accord","C’est important, mais ce n’est pas toujours simple","Basés sur le goût;Basés sur le prix;Basés sur la proximité géographique;Basés sur la qualité nutritionnelle;Basés sur l’impact environnemental;Basés sur la facilité d’accès","Soutenir les producteurs;Limiter son empreinte écologique","Un effort;Un efforts nécessaire","Le manque d’information claire","Meilleure signalétique des produits locaux"
"2025/05/26 5:29:20 PM UTC+3","Pays de la Loire","Plutôt d’accord","Ni d’accord ni pas d’accord (neutre)","Ni d’accord ni pas d’accord (neutre)","Plutôt pas d'accord","Plutôt d’accord","Tout à fait d’accord","Plutôt d’accord","Plutôt d’accord","Plutôt pas d'accord","Ni d’accord ni pas d’accord (neutre)","Pas du tout d'accord","Plutôt pas d'accord","Plutôt d’accord","Plutôt pas d'accord","Ni d’accord ni pas d’accord (neutre)","Plutôt pas d'accord","Plutôt pas d'accord","Ni d’accord ni pas d’accord (neutre)","Plutôt pas d'accord","Plutôt pas d'accord","Ni d’accord ni pas d’accord (neutre)","Plutôt d’accord","Plutôt d’accord","Plutôt d’accord","Plutôt d’accord","Plutôt d’accord","Plutôt d’accord","Plutôt d’accord","Ni d’accord ni pas d’accord (neutre)","Tout à fait d’accord","Ni d’accord ni pas d’accord (neutre)","Plutôt d’accord","Plutôt d’accord","Plutôt d’accord","Plutôt d’accord","Plutôt d’accord","Plutôt d’accord","Plutôt d’accord","Plutôt pas d'accord","Ni d’accord ni pas d’accord (neutre)","Ni d’accord ni pas d’accord (neutre)","Ni d’accord ni pas d’accord (neutre)","Plutôt d’accord","Ni d’accord ni pas d’accord (neutre)","Plutôt d’accord","Ni d’accord ni pas d’accord (neutre)","Ni d’accord ni pas d’accord (neutre)","Plutôt d’accord","C’est important, mais ce n’est pas toujours simple","Basés sur le goût;Basés sur le prix;Basés sur la qualité nutritionnelle","Soutenir les producteurs;Limiter son empreinte écologique","Un effort","Le prix;Le manque d’offre proche;Le manque d’habitude","Meilleure signalétique des produits locaux;Aides financières (chèques alimentation, épiceries solidaires…)"
"2025/05/26 5:30:03 PM UTC+3","Île-de-France","Pas du tout d'accord","Ni d’accord ni pas d’accord (neutre)","Plutôt d’accord","Plutôt pas d'accord","Pas du tout d'accord","Pas du tout d'accord","Pas du tout d'accord","Pas du tout d'accord","Pas du tout d'accord","Ni d’accord ni pas d’accord (neutre)","Pas du tout d'accord","Pas du tout d'accord","Pas du tout d'accord","Pas du tout d'accord","Pas du tout d'accord","Pas du tout d'accord","Pas du tout d'accord","Ni d’accord ni pas d’accord (neutre)","Pas du tout d'accord","Plutôt d’accord","Pas du tout d'accord","Pas du tout d'accord","Pas du tout d'accord","Pas du tout d'accord","Plutôt d’accord","Plutôt d’accord","Ni d’accord ni pas d’accord (neutre)","Plutôt pas d'accord","Pas du tout d'accord","Pas du tout d'accord","Pas du tout d'accord","Plutôt d’accord","Pas du tout d'accord","Ni d’accord ni pas d’accord (neutre)","Plutôt d’accord","Plutôt pas d'accord","Plutôt d’accord","Plutôt pas d'accord","Ni d’accord ni pas d’accord (neutre)","Tout à fait d’accord","Pas du tout d'accord","Pas du tout d'accord","Plutôt d’accord","Plutôt pas d'accord","Pas du tout d'accord","Pas du tout d'accord","Plutôt d’accord","Plutôt d’accord","J’y suis sensible, mais je n’agis pas beaucoup","Basés sur le prix;Basés sur la qualité nutritionnelle","Soutenir les producteurs;Limiter son empreinte écologique","Une démarche que j’admire sans suivre","Le prix","Aides financières (chèques alimentation, épiceries solidaires…);Plus d’offres en ligne / en livraison"
"2025/05/26 5:40:52 PM UTC+3","Provence-Alpes-Côte d’Azur","Plutôt d’accord","Plutôt d’accord","Tout à fait d’accord","Plutôt d’accord","Ni d’accord ni pas d’accord (neutre)","Plutôt d’accord","Plutôt d’accord","Plutôt pas d'accord","Pas du tout d'accord","Plutôt d’accord","Pas du tout d'accord","Plutôt d’accord","Pas du tout d'accord","Pas du tout d'accord","Pas du tout d'accord","Pas du tout d'accord","Plutôt d’accord","Plutôt d’accord","Plutôt pas d'accord","Plutôt pas d'accord","Plutôt pas d'accord","Plutôt d’accord","Plutôt pas d'accord","Pas du tout d'accord","Tout à fait d’accord","Tout à fait d’accord","Plutôt d’accord","Plutôt d’accord","Ni d’accord ni pas d’accord (neutre)","Plutôt pas d'accord","Pas du tout d'accord","Plutôt d’accord","Plutôt pas d'accord","Plutôt d’accord","Plutôt d’accord","Tout à fait d’accord","Plutôt d’accord","Plutôt pas d'accord","Pas du tout d'accord","Pas du tout d'accord","Plutôt d’accord","Pas du tout d'accord","Pas du tout d'accord","Pas du tout d'accord","Plutôt d’accord","Ni d’accord ni pas d’accord (neutre)","Plutôt d’accord","Plutôt d’accord","C’est important, mais ce n’est pas toujours simple","Basés sur le goût;Basés sur la proximité géographique","Soutenir les producteurs;Manger plus sainement;Limiter son empreinte écologique","Un réflexe;Un idéal inaccessible","Le prix;Le manque d’information claire","Meilleure signalétique des produits locaux;Aides financières (chèques alimentation, épiceries solidaires…)"
"2025/05/26 5:49:20 PM UTC+3","Pays de la Loire","Pas du tout d'accord","Plutôt pas d'accord","Ni d’accord ni pas d’accord (neutre)","Pas du tout d'accord","Plutôt pas d'accord","Ni d’accord ni pas d’accord (neutre)","Ni d’accord ni pas d’accord (neutre)","Pas du tout d'accord","Pas du tout d'accord","Pas du tout d'accord","Pas du tout d'accord","Pas du tout d'accord","Pas du tout d'accord","Plutôt pas d'accord","Pas du tout d'accord","Pas du tout d'accord","Pas du tout d'accord","Pas du tout d'accord","Pas du tout d'accord","Plutôt pas d'accord","Pas du tout d'accord","Plutôt pas d'accord","Ni d’accord ni pas d’accord (neutre)","Plutôt pas d'accord","Pas du tout d'accord","Plutôt pas d'accord","Plutôt pas d'accord","Plutôt pas d'accord","Plutôt pas d'accord","Pas du tout d'accord","Pas du tout d'accord","Plutôt pas d'accord","Plutôt pas d'accord","Pas du tout d'accord","Plutôt pas d'accord","Pas du tout d'accord","Plutôt pas d'accord","Pas du tout d'accord","Plutôt pas d'accord","Pas du tout d'accord","Plutôt pas d'accord","Pas du tout d'accord","Plutôt pas d'accord","Pas du tout d'accord","Plutôt pas d'accord","Pas du tout d'accord","Plutôt pas d'accord","Plutôt pas d'accord","C’est important, mais ce n’est pas toujours simple","Basés sur le prix","Soutenir les producteurs;Limiter son empreinte écologique;Réduire les intermédiaires","Un idéal inaccessible;Une démarche que j’admire sans suivre","Le prix","Aides financières (chèques alimentation, épiceries solidaires…)"
"2025/05/26 5:56:28 PM UTC+3","Île-de-France","Pas du tout d'accord","Pas du tout d'accord","Pas du tout d'accord","Plutôt pas d'accord","Pas du tout d'accord","Pas du tout d'accord","Plutôt pas d'accord","Pas du tout d'accord","Pas du tout d'accord","Plutôt d’accord","Plutôt d’accord","Pas du tout d'accord","Pas du tout d'accord","Plutôt pas d'accord","Pas du tout d'accord","Pas du tout d'accord","Pas du tout d'accord","Plutôt pas d'accord","Pas du tout d'accord","Plutôt pas d'accord","Pas du tout d'accord","Plutôt pas d'accord","Pas du tout d'accord","Pas du tout d'accord","Pas du tout d'accord","Pas du tout d'accord","Pas du tout d'accord","Plutôt pas d'accord","Pas du tout d'accord","Pas du tout d'accord","Pas du tout d'accord","Plutôt pas d'accord","Pas du tout d'accord","Pas du tout d'accord","Pas du tout d'accord","Pas du tout d'accord","Pas du tout d'accord","Plutôt pas d'accord","Pas du tout d'accord","Pas du tout d'accord","Pas du tout d'accord","Pas du tout d'accord","Pas du tout d'accord","Pas du tout d'accord","Pas du tout d'accord","Pas du tout d'accord","Pas du tout d'accord","Pas du tout d'accord","J’y suis sensible, mais je n’agis pas beaucoup","Basés sur le goût;Basés sur le prix;Basés sur la qualité nutritionnelle","Soutenir les producteurs;Limiter son empreinte écologique","Un idéal inaccessible;Une démarche que j’admire sans suivre","Le prix;Le manque d’offre proche","Meilleure signalétique des produits locaux;Aides financières (chèques alimentation, épiceries solidaires…)"
"2025/05/26 6:21:59 PM UTC+3","Bretagne","Pas du tout d'accord","Tout à fait d’accord","Tout à fait d’accord","Tout à fait d’accord","Plutôt d’accord","Plutôt pas d'accord","Plutôt pas d'accord","Tout à fait d’accord","Pas du tout d'accord","Plutôt d’accord","Plutôt pas d'accord","Plutôt d’accord","Tout à fait d’accord","Plutôt d’accord","Tout à fait d’accord","Tout à fait d’accord","Plutôt d’accord","Plutôt d’accord","Tout à fait d’accord","Plutôt pas d'accord","Plutôt d’accord","Tout à fait d’accord","Tout à fait d’accord","Tout à fait d’accord","Plutôt pas d'accord","Plutôt pas d'accord","Plutôt pas d'accord","Plutôt pas d'accord","Plutôt d’accord","Tout à fait d’accord","Plutôt d’accord","Plutôt pas d'accord","Plutôt pas d'accord","Plutôt d’accord","Plutôt pas d'accord","Plutôt pas d'accord","Tout à fait d’accord","Pas du tout d'accord","Plutôt d’accord","Plutôt pas d'accord","Tout à fait d’accord","Pas du tout d'accord","Tout à fait d’accord","Tout à fait d’accord","Tout à fait d’accord","Plutôt pas d'accord","Tout à fait d’accord","Tout à fait d’accord","C’est important, mais ce n’est pas toujours simple","Basés sur le goût;Basés sur la proximité géographique;Basés sur la qualité nutritionnelle;Basés sur l’impact environnemental","Soutenir les producteurs;Manger plus sainement;Limiter son empreinte écologique;Réduire les intermédiaires","Un effort;Une démarche que j’admire sans suivre","Le prix;Le manque d’habitude","Plus d’événements ou d’animations sur l’alimentation locale;Plus d’offres en ligne / en livraison;Plus de liens avec les producteurs (visites, témoignages…)"
"2025/05/26 6:36:07 PM UTC+3","Normandie","Pas du tout d'accord","Plutôt d’accord","Ni d’accord ni pas d’accord (neutre)","Ni d’accord ni pas d’accord (neutre)","Pas du tout d'accord","Tout à fait d’accord","Tout à fait d’accord","Pas du tout d'accord","Pas du tout d'accord","Pas du tout d'accord","Pas du tout d'accord","Pas du tout d'accord","Tout à fait d’accord","Pas du tout d'accord","Pas du tout d'accord","Pas du tout d'accord","Pas du tout d'accord","Pas du tout d'accord","Pas du tout d'accord","Pas du tout d'accord","Pas du tout d'accord","Pas du tout d'accord","Pas du tout d'accord","Pas du tout d'accord","Pas du tout d'accord","Pas du tout d'accord","Pas du tout d'accord","Pas du tout d'accord","Pas du tout d'accord","Pas du tout d'accord","Pas du tout d'accord","Pas du tout d'accord","Pas du tout d'accord","Pas du tout d'accord","Pas du tout d'accord","Pas du tout d'accord","Pas du tout d'accord","Pas du tout d'accord","Pas du tout d'accord","Pas du tout d'accord","Pas du tout d'accord","Pas du tout d'accord","Pas du tout d'accord","Pas du tout d'accord","Pas du tout d'accord","Pas du tout d'accord","Pas du tout d'accord","Pas du tout d'accord","Je m’y intéresse peu ou pas","Basés sur la facilité d’accès;6","Aucun de ces éléments ne me motive","Une démarche que j’admire sans suivre","Je ne sais pas où chercher","Rien de tout cela / je ne souhaite pas changer"
"2025/05/26 6:42:13 PM UTC+3","Bretagne","Plutôt d’accord","Plutôt d’accord","Tout à fait d’accord","Plutôt d’accord","Ni d’accord ni pas d’accord (neutre)","Plutôt d’accord","Ni d’accord ni pas d’accord (neutre)","Ni d’accord ni pas d’accord (neutre)","Ni d’accord ni pas d’accord (neutre)","Plutôt d’accord","Plutôt pas d'accord","Plutôt pas d'accord","Plutôt pas d'accord","Plutôt d’accord","Plutôt pas d'accord","Plutôt pas d'accord","Ni d’accord ni pas d’accord (neutre)","Plutôt d’accord","Plutôt pas d'accord","Plutôt pas d'accord","Tout à fait d’accord","Tout à fait d’accord","Plutôt d’accord","Tout à fait d’accord","Plutôt d’accord","Plutôt d’accord","Plutôt d’accord","Plutôt pas d'accord","Ni d’accord ni pas d’accord (neutre)","Ni d’accord ni pas d’accord (neutre)","Plutôt d’accord","Tout à fait d’accord","Ni d’accord ni pas d’accord (neutre)","Plutôt pas d'accord","Plutôt pas d'accord","Plutôt d’accord","Plutôt d’accord","Plutôt pas d'accord","Plutôt d’accord","Plutôt d’accord","Plutôt pas d'accord","Plutôt pas d'accord","Ni d’accord ni pas d’accord (neutre)","Plutôt pas d'accord","Plutôt d’accord","Ni d’accord ni pas d’accord (neutre)","Ni d’accord ni pas d’accord (neutre)","Plutôt d’accord","J’y suis sensible, mais je n’agis pas beaucoup","Basés sur le goût;Basés sur la proximité géographique;Basés sur la qualité nutritionnelle;Basés sur la facilité d’accès","Soutenir les producteurs;Manger plus sainement;Limiter son empreinte écologique;Réduire les intermédiaires","Une démarche que j’admire sans suivre;Je le fais par période ","Le manque d’habitude","Plus d’événements ou d’animations sur l’alimentation locale"
"2025/05/26 6:44:26 PM UTC+3","Bretagne","Pas du tout d'accord","Pas du tout d'accord","Plutôt pas d'accord","Ni d’accord ni pas d’accord (neutre)","Pas du tout d'accord","Plutôt pas d'accord","Plutôt pas d'accord","Plutôt pas d'accord","Pas du tout d'accord","Ni d’accord ni pas d’accord (neutre)","Pas du tout d'accord","Pas du tout d'accord","Plutôt pas d'accord","Pas du tout d'accord","Plutôt pas d'accord","Pas du tout d'accord","Pas du tout d'accord","Ni d’accord ni pas d’accord (neutre)","Ni d’accord ni pas d’accord (neutre)","Tout à fait d’accord","Pas du tout d'accord","Ni d’accord ni pas d’accord (neutre)","Ni d’accord ni pas d’accord (neutre)","Tout à fait d’accord","Tout à fait d’accord","Tout à fait d’accord","Plutôt d’accord","Pas du tout d'accord","Ni d’accord ni pas d’accord (neutre)","Ni d’accord ni pas d’accord (neutre)","Plutôt pas d'accord","Pas du tout d'accord","Plutôt pas d'accord","Plutôt pas d'accord","Plutôt d’accord","Ni d’accord ni pas d’accord (neutre)","Ni d’accord ni pas d’accord (neutre)","Ni d’accord ni pas d’accord (neutre)","Pas du tout d'accord","Plutôt pas d'accord","Pas du tout d'accord","Pas du tout d'accord","Pas du tout d'accord","Ni d’accord ni pas d’accord (neutre)","Ni d’accord ni pas d’accord (neutre)","Pas du tout d'accord","Ni d’accord ni pas d’accord (neutre)","Ni d’accord ni pas d’accord (neutre)","Je m’y intéresse peu ou pas","Basés sur le goût;Basés sur le prix;Basés sur la proximité géographique","Soutenir les producteurs;Limiter son empreinte écologique;Réduire les intermédiaires","Un effort","Le prix;Le manque d’offre proche","Aides financières (chèques alimentation, épiceries solidaires…);Plus d’événements ou d’animations sur l’alimentation locale"
"2025/05/26 6:45:45 PM UTC+3","Centre-Val de Loire","Tout à fait d’accord","Tout à fait d’accord","Plutôt d’accord","Ni d’accord ni pas d’accord (neutre)","Tout à fait d’accord","Plutôt d’accord","Plutôt d’accord","Tout à fait d’accord","Pas du tout d'accord","Plutôt pas d'accord","Pas du tout d'accord","Pas du tout d'accord","Pas du tout d'accord","Pas du tout d'accord","Pas du tout d'accord","Ni d’accord ni pas d’accord (neutre)","Ni d’accord ni pas d’accord (neutre)","Plutôt d’accord","Ni d’accord ni pas d’accord (neutre)","Ni d’accord ni pas d’accord (neutre)","Plutôt d’accord","Plutôt d’accord","Plutôt pas d'accord","Pas du tout d'accord","Plutôt d’accord","Plutôt pas d'accord","Ni d’accord ni pas d’accord (neutre)","Ni d’accord ni pas d’accord (neutre)","Plutôt d’accord","Tout à fait d’accord","Ni d’accord ni pas d’accord (neutre)","Pas du tout d'accord","Plutôt pas d'accord","Plutôt pas d'accord","Plutôt d’accord","Plutôt d’accord","Plutôt pas d'accord","Plutôt pas d'accord","Plutôt d’accord","Plutôt d’accord","Tout à fait d’accord","Pas du tout d'accord","Tout à fait d’accord","Pas du tout d'accord","Plutôt d’accord","Pas du tout d'accord","Tout à fait d’accord","Tout à fait d’accord","C’est important, mais ce n’est pas toujours simple","Basés sur le prix;Basés sur la proximité géographique;Basés sur la qualité nutritionnelle","Soutenir les producteurs;Limiter son empreinte écologique","Un effort","Le prix","Aides financières (chèques alimentation, épiceries solidaires…)"
"2025/05/26 6:46:00 PM UTC+3","Auvergne-Rhône-Alpes","Plutôt d’accord","Tout à fait d’accord","Plutôt d’accord","Tout à fait d’accord","Tout à fait d’accord","Plutôt d’accord","Tout à fait d’accord","Tout à fait d’accord","Plutôt d’accord","Tout à fait d’accord","Pas du tout d'accord","Tout à fait d’accord","Pas du tout d'accord","Tout à fait d’accord","Plutôt d’accord","Plutôt d’accord","Tout à fait d’accord","Tout à fait d’accord","Plutôt d’accord","Pas du tout d'accord","Ni d’accord ni pas d’accord (neutre)","Plutôt d’accord","Tout à fait d’accord","Ni d’accord ni pas d’accord (neutre)","Tout à fait d’accord","Tout à fait d’accord","Tout à fait d’accord","Tout à fait d’accord","Tout à fait d’accord","Ni d’accord ni pas d’accord (neutre)","Plutôt d’accord","Tout à fait d’accord","Plutôt d’accord","Plutôt d’accord","Plutôt d’accord","Tout à fait d’accord","Plutôt d’accord","Ni d’accord ni pas d’accord (neutre)","Ni d’accord ni pas d’accord (neutre)","Ni d’accord ni pas d’accord (neutre)","Pas du tout d'accord","Pas du tout d'accord","Tout à fait d’accord","Tout à fait d’accord","Tout à fait d’accord","Ni d’accord ni pas d’accord (neutre)","Ni d’accord ni pas d’accord (neutre)","Tout à fait d’accord","C’est important, mais ce n’est pas toujours simple","Basés sur le goût;Basés sur le prix;Basés sur la proximité géographique","Soutenir les producteurs;Manger plus sainement;Limiter son empreinte écologique;Réduire les intermédiaires","Un réflexe;Un effort","Le prix;Le manque d’offre proche;Le manque de temps","Meilleure signalétique des produits locaux;Plus d’offres en ligne / en livraison"
"2025/05/26 6:54:20 PM UTC+3","Provence-Alpes-Côte d’Azur","Plutôt d’accord","Plutôt d’accord","Plutôt d’accord","Tout à fait d’accord","Plutôt d’accord","Plutôt d’accord","Plutôt d’accord","Ni d’accord ni pas d’accord (neutre)","Plutôt pas d'accord","Plutôt d’accord","Pas du tout d'accord","Ni d’accord ni pas d’accord (neutre)","Plutôt pas d'accord","Ni d’accord ni pas d’accord (neutre)","Plutôt d’accord","Plutôt d’accord","Plutôt d’accord","Plutôt d’accord","Ni d’accord ni pas d’accord (neutre)","Plutôt pas d'accord","Plutôt d’accord","Plutôt d’accord","Plutôt d’accord","Plutôt d’accord","Tout à fait d’accord","Plutôt d’accord","Plutôt d’accord","Ni d’accord ni pas d’accord (neutre)","Plutôt d’accord","Plutôt d’accord","Plutôt d’accord","Ni d’accord ni pas d’accord (neutre)","Plutôt d’accord","Ni d’accord ni pas d’accord (neutre)","Plutôt d’accord","Ni d’accord ni pas d’accord (neutre)","Plutôt d’accord","Plutôt pas d'accord","Plutôt pas d'accord","Ni d’accord ni pas d’accord (neutre)","Plutôt pas d'accord","Plutôt pas d'accord","Plutôt d’accord","Plutôt d’accord","Plutôt d’accord","Ni d’accord ni pas d’accord (neutre)","Plutôt d’accord","Plutôt d’accord","C’est important, mais ce n’est pas toujours simple","Basés sur le goût;Basés sur la proximité géographique;Basés sur la facilité d’accès","Manger plus sainement;Réduire les intermédiaires","Un effort","Le manque d’offre proche;Le manque de temps","Meilleure signalétique des produits locaux;Plus de liens avec les producteurs (visites, témoignages…)"
"2025/05/26 6:54:26 PM UTC+3","Pays de la Loire","Plutôt d’accord","Plutôt d’accord","Ni d’accord ni pas d’accord (neutre)","Plutôt d’accord","Plutôt d’accord","Plutôt d’accord","Plutôt d’accord","Plutôt d’accord","Plutôt pas d'accord","Plutôt d’accord","Plutôt pas d'accord","Tout à fait d’accord","Tout à fait d’accord","Tout à fait d’accord","Plutôt d’accord","Plutôt d’accord","Plutôt d’accord","Plutôt d’accord","Ni d’accord ni pas d’accord (neutre)","Ni d’accord ni pas d’accord (neutre)","Plutôt d’accord","Plutôt d’accord","Plutôt d’accord","Ni d’accord ni pas d’accord (neutre)","Plutôt d’accord","Plutôt d’accord","Tout à fait d’accord","Plutôt pas d'accord","Tout à fait d’accord","Tout à fait d’accord","Ni d’accord ni pas d’accord (neutre)","Ni d’accord ni pas d’accord (neutre)","Ni d’accord ni pas d’accord (neutre)","Tout à fait d’accord","Plutôt d’accord","Plutôt d’accord","Tout à fait d’accord","Tout à fait d’accord","Ni d’accord ni pas d’accord (neutre)","Ni d’accord ni pas d’accord (neutre)","Ni d’accord ni pas d’accord (neutre)","Ni d’accord ni pas d’accord (neutre)","Ni d’accord ni pas d’accord (neutre)","Ni d’accord ni pas d’accord (neutre)","Ni d’accord ni pas d’accord (neutre)","Ni d’accord ni pas d’accord (neutre)","Ni d’accord ni pas d’accord (neutre)","Ni d’accord ni pas d’accord (neutre)","J’y suis sensible, mais je n’agis pas beaucoup","Basés sur le goût;Basés sur le prix;Basés sur la proximité géographique;Basés sur la qualité nutritionnelle","Manger plus sainement;Limiter son empreinte écologique;Réduire les intermédiaires","Un effort","Le prix;Le manque d’habitude","Aides financières (chèques alimentation, épiceries solidaires…);Plus d’événements ou d’animations sur l’alimentation locale"
"2025/05/26 6:57:05 PM UTC+3","Normandie","Plutôt d’accord","Ni d’accord ni pas d’accord (neutre)","Plutôt d’accord","Plutôt pas d'accord","Plutôt d’accord","Plutôt d’accord","Plutôt d’accord","Plutôt d’accord","Pas du tout d'accord","Plutôt d’accord","Plutôt d’accord","Plutôt pas d'accord","Ni d’accord ni pas d’accord (neutre)","Plutôt pas d'accord","Pas du tout d'accord","Pas du tout d'accord","Pas du tout d'accord","Plutôt d’accord","Plutôt pas d'accord","Pas du tout d'accord","Plutôt pas d'accord","Plutôt d’accord","Plutôt d’accord","Pas du tout d'accord","Plutôt d’accord","Plutôt d’accord","Plutôt d’accord","Pas du tout d'accord","Pas du tout d'accord","Plutôt d’accord","Plutôt pas d'accord","Plutôt pas d'accord","Pas du tout d'accord","Plutôt pas d'accord","Pas du tout d'accord","Plutôt d’accord","Tout à fait d’accord","Pas du tout d'accord","Pas du tout d'accord","Pas du tout d'accord","Pas du tout d'accord","Pas du tout d'accord","Plutôt pas d'accord","Pas du tout d'accord","Ni d’accord ni pas d’accord (neutre)","Plutôt d’accord","Tout à fait d’accord","Tout à fait d’accord","J’y suis sensible, mais je n’agis pas beaucoup","Basés sur le prix;Basés sur la qualité nutritionnelle","Savoir ce que je mange","Une démarche que j’admire sans suivre","Le prix;Je ne sais pas où chercher","Aides financières (chèques alimentation, épiceries solidaires…);Plus d’offres en ligne / en livraison"
"2025/05/26 7:04:34 PM UTC+3","Centre-Val de Loire","Tout à fait d’accord","Tout à fait d’accord","Plutôt d’accord","Plutôt d’accord","Ni d’accord ni pas d’accord (neutre)","Tout à fait d’accord","Ni d’accord ni pas d’accord (neutre)","Ni d’accord ni pas d’accord (neutre)","Plutôt pas d'accord","Ni d’accord ni pas d’accord (neutre)","Pas du tout d'accord","Pas du tout d'accord","Pas du tout d'accord","Plutôt pas d'accord","Plutôt pas d'accord","Pas du tout d'accord","Ni d’accord ni pas d’accord (neutre)","Plutôt d’accord","Plutôt d’accord","Ni d’accord ni pas d’accord (neutre)","Ni d’accord ni pas d’accord (neutre)","Plutôt pas d'accord","Plutôt d’accord","Plutôt d’accord","Tout à fait d’accord","Tout à fait d’accord","Tout à fait d’accord","Ni d’accord ni pas d’accord (neutre)","Plutôt d’accord","Ni d’accord ni pas d’accord (neutre)","Ni d’accord ni pas d’accord (neutre)","Tout à fait d’accord","Plutôt pas d'accord","Plutôt pas d'accord","Plutôt pas d'accord","Tout à fait d’accord","Tout à fait d’accord","Ni d’accord ni pas d’accord (neutre)","Pas du tout d'accord","Pas du tout d'accord","Pas du tout d'accord","Pas du tout d'accord","Ni d’accord ni pas d’accord (neutre)","Plutôt d’accord","Tout à fait d’accord","Plutôt d’accord","Plutôt d’accord","Plutôt d’accord","J’y suis sensible, mais je n’agis pas beaucoup","Basés sur le goût;Basés sur le prix;Basés sur la qualité nutritionnelle","Limiter son empreinte écologique;S’ancrer dans un territoire","Une démarche que j’admire sans suivre","Le prix","Aides financières (chèques alimentation, épiceries solidaires…)"
"2025/05/26 7:05:50 PM UTC+3","Grand Est","Ni d’accord ni pas d’accord (neutre)","Ni d’accord ni pas d’accord (neutre)","Plutôt d’accord","Tout à fait d’accord","Plutôt d’accord","Plutôt d’accord","Plutôt d’accord","Plutôt d’accord","Ni d’accord ni pas d’accord (neutre)","Plutôt d’accord","Pas du tout d'accord","Ni d’accord ni pas d’accord (neutre)","Plutôt pas d'accord","Plutôt d’accord","Plutôt d’accord","Plutôt d’accord","Plutôt d’accord","Tout à fait d’accord","Plutôt d’accord","Plutôt pas d'accord","Ni d’accord ni pas d’accord (neutre)","Plutôt d’accord","Plutôt d’accord","Tout à fait d’accord","Plutôt d’accord","Ni d’accord ni pas d’accord (neutre)","Plutôt d’accord","Plutôt pas d'accord","Plutôt pas d'accord","Ni d’accord ni pas d’accord (neutre)","Ni d’accord ni pas d’accord (neutre)","Plutôt d’accord","Ni d’accord ni pas d’accord (neutre)","Ni d’accord ni pas d’accord (neutre)","Ni d’accord ni pas d’accord (neutre)","Plutôt d’accord","Plutôt d’accord","Plutôt pas d'accord","Pas du tout d'accord","Pas du tout d'accord","Tout à fait d’accord","Plutôt pas d'accord","Plutôt d’accord","Plutôt d’accord","Plutôt d’accord","Plutôt d’accord","Plutôt d’accord","Plutôt d’accord","C’est important, mais ce n’est pas toujours simple","Basés sur le goût;Basés sur le prix;Basés sur la proximité géographique","Soutenir les producteurs;Réduire les intermédiaires","Un idéal inaccessible","Le prix;Le manque d’offre proche","Meilleure signalétique des produits locaux;Plus d’offres en ligne / en livraison"
"2025/05/26 7:09:58 PM UTC+3","Pays de la Loire","Ni d’accord ni pas d’accord (neutre)","Plutôt d’accord","Plutôt d’accord","Tout à fait d’accord","Plutôt d’accord","Plutôt d’accord","Pas du tout d'accord","Plutôt d’accord","Pas du tout d'accord","Ni d’accord ni pas d’accord (neutre)","Plutôt pas d'accord","Plutôt pas d'accord","Plutôt pas d'accord","Plutôt pas d'accord","Ni d’accord ni pas d’accord (neutre)","Ni d’accord ni pas d’accord (neutre)","Plutôt d’accord","Plutôt d’accord","Ni d’accord ni pas d’accord (neutre)","Pas du tout d'accord","Plutôt d’accord","Plutôt d’accord","Plutôt d’accord","Plutôt d’accord","Plutôt d’accord","Plutôt d’accord","Plutôt pas d'accord","Plutôt d’accord","Plutôt d’accord","Ni d’accord ni pas d’accord (neutre)","Plutôt d’accord","Tout à fait d’accord","Plutôt pas d'accord","Tout à fait d’accord","Ni d’accord ni pas d’accord (neutre)","Plutôt d’accord","Tout à fait d’accord","Tout à fait d’accord","Ni d’accord ni pas d’accord (neutre)","Plutôt d’accord","Plutôt d’accord","Pas du tout d'accord","Plutôt d’accord","Plutôt d’accord","Tout à fait d’accord","Tout à fait d’accord","Tout à fait d’accord","Tout à fait d’accord","C’est important, mais ce n’est pas toujours simple","Basés sur le goût;Basés sur le prix;","Soutenir les producteurs;Manger plus sainement;Limiter son empreinte écologique;Faire un acte politique","Un effort;Une démarche que j’admire sans suivre","Le prix;Le manque d’offre proche;Le manque de temps","Meilleure signalétique des produits locaux;Aides financières (chèques alimentation, épiceries solidaires…);Plus d’événements ou d’animations sur l’alimentation locale;Plus d’offres en ligne / en livraison;Plus de liens avec les producteurs (visites, témoignages…)"
"2025/05/26 7:15:29 PM UTC+3","Centre-Val de Loire","Ni d’accord ni pas d’accord (neutre)","Plutôt d’accord","Plutôt pas d'accord","Plutôt pas d'accord","Ni d’accord ni pas d’accord (neutre)","Plutôt d’accord","Plutôt pas d'accord","Tout à fait d’accord","Plutôt d’accord","Plutôt d’accord","Plutôt d’accord","Ni d’accord ni pas d’accord (neutre)","Pas du tout d'accord","Ni d’accord ni pas d’accord (neutre)","Ni d’accord ni pas d’accord (neutre)","Pas du tout d'accord","Tout à fait d’accord","Plutôt d’accord","Plutôt d’accord","Plutôt pas d'accord","Ni d’accord ni pas d’accord (neutre)","Ni d’accord ni pas d’accord (neutre)","Ni d’accord ni pas d’accord (neutre)","Ni d’accord ni pas d’accord (neutre)","Ni d’accord ni pas d’accord (neutre)","Plutôt pas d'accord","Plutôt pas d'accord","Plutôt pas d'accord","Ni d’accord ni pas d’accord (neutre)","Tout à fait d’accord","Ni d’accord ni pas d’accord (neutre)","Tout à fait d’accord","Plutôt pas d'accord","Ni d’accord ni pas d’accord (neutre)","Plutôt d’accord","Plutôt d’accord","Tout à fait d’accord","Pas du tout d'accord","Pas du tout d'accord","Ni d’accord ni pas d’accord (neutre)","Pas du tout d'accord","Pas du tout d'accord","Plutôt d’accord","Plutôt d’accord","Tout à fait d’accord","Tout à fait d’accord","Tout à fait d’accord","Tout à fait d’accord","C’est important, mais ce n’est pas toujours simple","Basés sur le prix;Basés sur la proximité géographique;Basés sur l’impact environnemental","Soutenir les producteurs;Manger plus sainement;Limiter son empreinte écologique;Réduire les intermédiaires","Un effort;Un idéal inaccessible","Le prix","Meilleure signalétique des produits locaux;Aides financières (chèques alimentation, épiceries solidaires…);Plus de liens avec les producteurs (visites, témoignages…)"
"2025/05/26 7:19:36 PM UTC+3","Île-de-France","Plutôt d’accord","Pas du tout d'accord","Plutôt d’accord","Plutôt d’accord","Ni d’accord ni pas d’accord (neutre)","Plutôt d’accord","Tout à fait d’accord","Plutôt d’accord","Plutôt pas d'accord","Plutôt d’accord","Pas du tout d'accord","Pas du tout d'accord","Pas du tout d'accord","Plutôt pas d'accord","Pas du tout d'accord","Pas du tout d'accord","Pas du tout d'accord","Plutôt d’accord","Ni d’accord ni pas d’accord (neutre)","Pas du tout d'accord","Plutôt d’accord","Plutôt d’accord","Plutôt pas d'accord","Plutôt pas d'accord","Plutôt d’accord","Plutôt d’accord","Ni d’accord ni pas d’accord (neutre)","Pas du tout d'accord","Plutôt pas d'accord","Ni d’accord ni pas d’accord (neutre)","Plutôt d’accord","Plutôt d’accord","Plutôt pas d'accord","Plutôt pas d'accord","Plutôt pas d'accord","Plutôt pas d'accord","Plutôt d’accord","Pas du tout d'accord","Pas du tout d'accord","Plutôt d’accord","Pas du tout d'accord","Pas du tout d'accord","Ni d’accord ni pas d’accord (neutre)","Pas du tout d'accord","Plutôt d’accord","Plutôt pas d'accord","Ni d’accord ni pas d’accord (neutre)","Ni d’accord ni pas d’accord (neutre)","J’y suis sensible, mais je n’agis pas beaucoup","Basés sur le prix;Basés sur la qualité nutritionnelle","Soutenir les producteurs;Manger plus sainement","Une démarche que j’admire sans suivre","Le prix;Le manque d’habitude","Meilleure signalétique des produits locaux"
"2025/05/26 7:36:45 PM UTC+3","Pays de la Loire","Plutôt d’accord","Plutôt d’accord","Plutôt pas d'accord","Plutôt d’accord","Plutôt d’accord","Tout à fait d’accord","Tout à fait d’accord","Plutôt d’accord","Tout à fait d’accord","Ni d’accord ni pas d’accord (neutre)","Pas du tout d'accord","Tout à fait d’accord","Pas du tout d'accord","Plutôt pas d'accord","Plutôt pas d'accord","Plutôt d’accord","Tout à fait d’accord","Plutôt d’accord","Ni d’accord ni pas d’accord (neutre)","Ni d’accord ni pas d’accord (neutre)","Ni d’accord ni pas d’accord (neutre)","Tout à fait d’accord","Tout à fait d’accord","Tout à fait d’accord","Plutôt d’accord","Plutôt d’accord","Tout à fait d’accord","Ni d’accord ni pas d’accord (neutre)","Plutôt d’accord","Tout à fait d’accord","Plutôt d’accord","Tout à fait d’accord","Plutôt d’accord","Pas du tout d'accord","Plutôt d’accord","Plutôt d’accord","Plutôt pas d'accord","Ni d’accord ni pas d’accord (neutre)","Tout à fait d’accord","Tout à fait d’accord","Tout à fait d’accord","Tout à fait d’accord","Plutôt pas d'accord","Plutôt d’accord","Plutôt d’accord","Tout à fait d’accord","Ni d’accord ni pas d’accord (neutre)","Tout à fait d’accord","C’est important, mais ce n’est pas toujours simple","Basés sur le prix;Basés sur l’impact environnemental;Basés sur la facilité d’accès","Limiter son empreinte écologique;Réduire les intermédiaires;Faire un acte politique","Une contrainte","Le manque de temps","Aides financières (chèques alimentation, épiceries solidaires…)"
"2025/05/26 7:37:44 PM UTC+3","Bretagne","Plutôt d’accord","Ni d’accord ni pas d’accord (neutre)","Pas du tout d'accord","Plutôt d’accord","Plutôt d’accord","Ni d’accord ni pas d’accord (neutre)","Tout à fait d’accord","Ni d’accord ni pas d’accord (neutre)","Plutôt pas d'accord","Plutôt d’accord","Pas du tout d'accord","Pas du tout d'accord","Plutôt pas d'accord","Plutôt d’accord","Plutôt d’accord","Pas du tout d'accord","Plutôt pas d'accord","Plutôt d’accord","Plutôt d’accord","Pas du tout d'accord","Plutôt pas d'accord","Plutôt d’accord","Plutôt d’accord","Pas du tout d'accord","Tout à fait d’accord","Tout à fait d’accord","Tout à fait d’accord","Plutôt pas d'accord","Tout à fait d’accord","Tout à fait d’accord","Tout à fait d’accord","Tout à fait d’accord","Plutôt pas d'accord","Pas du tout d'accord","Plutôt pas d'accord","Plutôt pas d'accord","Tout à fait d’accord","Pas du tout d'accord","Ni d’accord ni pas d’accord (neutre)","Pas du tout d'accord","Plutôt d’accord","Plutôt d’accord","Plutôt d’accord","Plutôt d’accord","Tout à fait d’accord","Plutôt d’accord","Plutôt d’accord","Tout à fait d’accord","C’est important, mais ce n’est pas toujours simple","Basés sur le prix;Basés sur la qualité nutritionnelle;Basés sur l’impact environnemental","Soutenir les producteurs;Limiter son empreinte écologique;Réduire les intermédiaires;Faire un acte politique","Un effort","Le prix","Aides financières (chèques alimentation, épiceries solidaires…);Plus d’événements ou d’animations sur l’alimentation locale"
"2025/05/26 7:53:34 PM UTC+3","Bretagne","Tout à fait d’accord","Tout à fait d’accord","Tout à fait d’accord","Tout à fait d’accord","Tout à fait d’accord","Plutôt d’accord","Tout à fait d’accord","Tout à fait d’accord","Plutôt d’accord","Plutôt d’accord","Ni d’accord ni pas d’accord (neutre)","Plutôt d’accord","Tout à fait d’accord","Plutôt pas d'accord","Tout à fait d’accord","Tout à fait d’accord","Plutôt d’accord","Plutôt d’accord","Ni d’accord ni pas d’accord (neutre)","Plutôt pas d'accord","Plutôt pas d'accord","Tout à fait d’accord","Tout à fait d’accord","Plutôt pas d'accord","Tout à fait d’accord","Tout à fait d’accord","Tout à fait d’accord","Ni d’accord ni pas d’accord (neutre)","Tout à fait d’accord","Plutôt d’accord","Tout à fait d’accord","Tout à fait d’accord","Tout à fait d’accord","Tout à fait d’accord","Ni d’accord ni pas d’accord (neutre)","Tout à fait d’accord","Plutôt pas d'accord","Plutôt pas d'accord","Plutôt pas d'accord","Plutôt d’accord","Plutôt pas d'accord","Plutôt pas d'accord","Tout à fait d’accord","Plutôt d’accord","Tout à fait d’accord","Tout à fait d’accord","Tout à fait d’accord","Tout à fait d’accord","C’est important, mais ce n’est pas toujours simple","Basés sur le goût;Basés sur la proximité géographique;Basés sur la qualité nutritionnelle;Basés sur l’impact environnemental","Soutenir les producteurs;Limiter son empreinte écologique;Réduire les intermédiaires;Faire un acte politique","Un réflexe;Un effort","Le manque de temps","Plus d’événements ou d’animations sur l’alimentation locale"
"2025/05/26 8:03:19 PM UTC+3","Pays de la Loire","Plutôt pas d'accord","Ni d’accord ni pas d’accord (neutre)","Plutôt d’accord","Plutôt d’accord","Plutôt pas d'accord","Plutôt pas d'accord","Plutôt d’accord","Plutôt pas d'accord","Pas du tout d'accord","Plutôt pas d'accord","Pas du tout d'accord","Pas du tout d'accord","Pas du tout d'accord","Plutôt pas d'accord","Pas du tout d'accord","Pas du tout d'accord","Pas du tout d'accord","Plutôt pas d'accord","Ni d’accord ni pas d’accord (neutre)","Pas du tout d'accord","Plutôt d’accord","Plutôt pas d'accord","Pas du tout d'accord","Pas du tout d'accord","Tout à fait d’accord","Plutôt d’accord","Tout à fait d’accord","Ni d’accord ni pas d’accord (neutre)","Plutôt d’accord","Tout à fait d’accord","Ni d’accord ni pas d’accord (neutre)","Plutôt d’accord","Pas du tout d'accord","Plutôt pas d'accord","Pas du tout d'accord","Plutôt pas d'accord","Tout à fait d’accord","Pas du tout d'accord","Pas du tout d'accord","Pas du tout d'accord","Pas du tout d'accord","Pas du tout d'accord","Pas du tout d'accord","Pas du tout d'accord","Plutôt d’accord","Ni d’accord ni pas d’accord (neutre)","Ni d’accord ni pas d’accord (neutre)","Plutôt d’accord","J’y suis sensible, mais je n’agis pas beaucoup","Basés sur le goût;Basés sur le prix;Basés sur l’impact environnemental","Soutenir les producteurs;Limiter son empreinte écologique;Faire un acte politique","Un idéal inaccessible;Une démarche que j’admire sans suivre","Le prix;Le manque de temps","Aides financières (chèques alimentation, épiceries solidaires…)"
"2025/05/26 8:14:38 PM UTC+3","Auvergne-Rhône-Alpes","Tout à fait d’accord","Plutôt d’accord","Tout à fait d’accord","Tout à fait d’accord","Tout à fait d’accord","Tout à fait d’accord","Tout à fait d’accord","Plutôt d’accord","Plutôt pas d'accord","Plutôt d’accord","Pas du tout d'accord","Plutôt pas d'accord","Pas du tout d'accord","Plutôt d’accord","Plutôt d’accord","Plutôt pas d'accord","Plutôt d’accord","Plutôt d’accord","Ni d’accord ni pas d’accord (neutre)","Plutôt d’accord","Ni d’accord ni pas d’accord (neutre)","Plutôt d’accord","Plutôt pas d'accord","Plutôt pas d'accord","Tout à fait d’accord","Plutôt d’accord","Tout à fait d’accord","Plutôt pas d'accord","Plutôt d’accord","Plutôt d’accord","Plutôt pas d'accord","Tout à fait d’accord","Plutôt pas d'accord","Plutôt pas d'accord","Plutôt pas d'accord","Plutôt d’accord","Plutôt d’accord","Pas du tout d'accord","Pas du tout d'accord","Pas du tout d'accord","Plutôt pas d'accord","Pas du tout d'accord","Pas du tout d'accord","Pas du tout d'accord","Tout à fait d’accord","Plutôt d’accord","Ni d’accord ni pas d’accord (neutre)","Plutôt d’accord","C’est important, mais ce n’est pas toujours simple","Basés sur le goût;Basés sur la proximité géographique;Basés sur la qualité nutritionnelle","Soutenir les producteurs;Limiter son empreinte écologique;Réduire les intermédiaires","Un réflexe;Un effort","Le prix","Aides financières (chèques alimentation, épiceries solidaires…);Plus d’événements ou d’animations sur l’alimentation locale"
"2025/05/26 8:23:21 PM UTC+3","Pays de la Loire","Plutôt d’accord","Ni d’accord ni pas d’accord (neutre)","Tout à fait d’accord","Pas du tout d'accord","Ni d’accord ni pas d’accord (neutre)","Plutôt d’accord","Plutôt pas d'accord","Plutôt d’accord","Pas du tout d'accord","Tout à fait d’accord","Pas du tout d'accord","Pas du tout d'accord","Pas du tout d'accord","Plutôt d’accord","Plutôt pas d'accord","Pas du tout d'accord","Pas du tout d'accord","Plutôt d’accord","Plutôt d’accord","Pas du tout d'accord","Pas du tout d'accord","Plutôt d’accord","Pas du tout d'accord","Pas du tout d'accord","Tout à fait d’accord","Tout à fait d’accord","Plutôt d’accord","Pas du tout d'accord","Plutôt d’accord","Plutôt pas d'accord","Ni d’accord ni pas d’accord (neutre)","Tout à fait d’accord","Plutôt d’accord","Plutôt d’accord","Plutôt d’accord","Tout à fait d’accord","Plutôt d’accord","Pas du tout d'accord","Pas du tout d'accord","Pas du tout d'accord","Pas du tout d'accord","Pas du tout d'accord","Plutôt d’accord","Pas du tout d'accord","Tout à fait d’accord","Pas du tout d'accord","Pas du tout d'accord","Tout à fait d’accord","C’est central pour moi, je fais beaucoup d’efforts","Basés sur le goût;Basés sur le prix;Basés sur la proximité géographique;Basés sur l’impact environnemental","Soutenir les producteurs;Limiter son empreinte écologique;Réduire les intermédiaires","Un effort","Le prix;Le manque d’habitude","Meilleure signalétique des produits locaux"
"2025/05/26 8:25:35 PM UTC+3","Bretagne","Plutôt d’accord","Tout à fait d’accord","Ni d’accord ni pas d’accord (neutre)","Ni d’accord ni pas d’accord (neutre)","Plutôt d’accord","Plutôt pas d'accord","Plutôt d’accord","Plutôt d’accord","Tout à fait d’accord","Plutôt d’accord","Ni d’accord ni pas d’accord (neutre)","Tout à fait d’accord","Tout à fait d’accord","Tout à fait d’accord","Ni d’accord ni pas d’accord (neutre)","Tout à fait d’accord","Tout à fait d’accord","Plutôt pas d'accord","Plutôt d’accord","Ni d’accord ni pas d’accord (neutre)","Tout à fait d’accord","Tout à fait d’accord","Tout à fait d’accord","Ni d’accord ni pas d’accord (neutre)","Tout à fait d’accord","Tout à fait d’accord","Tout à fait d’accord","Plutôt pas d'accord","Ni d’accord ni pas d’accord (neutre)","Plutôt pas d'accord","Tout à fait d’accord","Tout à fait d’accord","Plutôt d’accord","Plutôt pas d'accord","Plutôt pas d'accord","Tout à fait d’accord","Ni d’accord ni pas d’accord (neutre)","Plutôt pas d'accord","Plutôt pas d'accord","Plutôt pas d'accord","Plutôt d’accord","Plutôt pas d'accord","Plutôt d’accord","Plutôt d’accord","Tout à fait d’accord","Tout à fait d’accord","Tout à fait d’accord","Tout à fait d’accord","C’est central pour moi, je fais beaucoup d’efforts","Basés sur le goût;Basés sur la proximité géographique;Basés sur l’impact environnemental","Soutenir les producteurs;Manger plus sainement;Limiter son empreinte écologique;S’ancrer dans un territoire;Réduire les intermédiaires;Faire un acte politique","Un réflexe","Aucun obstacle particulier","Plus de liens avec les producteurs (visites, témoignages…)"
"2025/05/26 8:33:38 PM UTC+3","Pays de la Loire","Plutôt d’accord","Ni d’accord ni pas d’accord (neutre)","Plutôt d’accord","Plutôt pas d'accord","Ni d’accord ni pas d’accord (neutre)","Ni d’accord ni pas d’accord (neutre)","Plutôt d’accord","Plutôt d’accord","Plutôt pas d'accord","Plutôt d’accord","Plutôt pas d'accord","Plutôt pas d'accord","Plutôt pas d'accord","Plutôt d’accord","Plutôt pas d'accord","Plutôt pas d'accord","Plutôt pas d'accord","Plutôt d’accord","Plutôt d’accord","Plutôt pas d'accord","Plutôt pas d'accord","Plutôt d’accord","Plutôt d’accord","Plutôt d’accord","Plutôt d’accord","Plutôt d’accord","Plutôt pas d'accord","Plutôt pas d'accord","Plutôt d’accord","Plutôt d’accord","Plutôt pas d'accord","Plutôt d’accord","Plutôt pas d'accord","Plutôt pas d'accord","Plutôt pas d'accord","Plutôt d’accord","Plutôt d’accord","Plutôt pas d'accord","Plutôt d’accord","Plutôt d’accord","Plutôt d’accord","Plutôt d’accord","Plutôt d’accord","Plutôt d’accord","Plutôt d’accord","Plutôt d’accord","Plutôt d’accord","Plutôt d’accord","J’y suis sensible, mais je n’agis pas beaucoup","Basés sur le goût;Basés sur le prix;Basés sur la proximité géographique;Basés sur la qualité nutritionnelle;Basés sur l’impact environnemental;Basés sur la facilité d’accès","Soutenir les producteurs;Manger plus sainement;Limiter son empreinte écologique;S’ancrer dans un territoire;Réduire les intermédiaires","Un effort;Une démarche que j’admire sans suivre","Le prix;Le manque d’offre proche;Le manque de temps;Le manque d’habitude;Je ne sais pas où chercher","Aides financières (chèques alimentation, épiceries solidaires…);Plus d’événements ou d’animations sur l’alimentation locale;Plus d’offres en ligne / en livraison;Plus de liens avec les producteurs (visites, témoignages…)"
"2025/05/26 8:38:19 PM UTC+3","Pays de la Loire","Tout à fait d’accord","Tout à fait d’accord","Plutôt d’accord","Plutôt d’accord","Tout à fait d’accord","Tout à fait d’accord","Plutôt d’accord","Tout à fait d’accord","Plutôt pas d'accord","Ni d’accord ni pas d’accord (neutre)","Plutôt pas d'accord","Plutôt pas d'accord","Tout à fait d’accord","Ni d’accord ni pas d’accord (neutre)","Plutôt pas d'accord","Ni d’accord ni pas d’accord (neutre)","Plutôt d’accord","Plutôt d’accord","Plutôt d’accord","Ni d’accord ni pas d’accord (neutre)","Tout à fait d’accord","Plutôt d’accord","Tout à fait d’accord","Ni d’accord ni pas d’accord (neutre)","Tout à fait d’accord","Tout à fait d’accord","Tout à fait d’accord","Plutôt d’accord","Tout à fait d’accord","Ni d’accord ni pas d’accord (neutre)","Plutôt d’accord","Ni d’accord ni pas d’accord (neutre)","Plutôt d’accord","Plutôt d’accord","Plutôt pas d'accord","Ni d’accord ni pas d’accord (neutre)","Ni d’accord ni pas d’accord (neutre)","Plutôt pas d'accord","Plutôt pas d'accord","Plutôt d’accord","Plutôt d’accord","Ni d’accord ni pas d’accord (neutre)","Plutôt d’accord","Plutôt d’accord","Plutôt d’accord","Plutôt d’accord","Tout à fait d’accord","Tout à fait d’accord","C’est important, mais ce n’est pas toujours simple","Basés sur le goût;Basés sur le prix;Basés sur la proximité géographique","Soutenir les producteurs;Manger plus sainement;Limiter son empreinte écologique;Réduire les intermédiaires;Faire un acte politique","Un réflexe;Un effort","Le prix;Le manque d’offre proche;Le manque d’habitude","Meilleure signalétique des produits locaux;Plus de liens avec les producteurs (visites, témoignages…)"
"2025/05/26 8:46:02 PM UTC+3","Bretagne","Plutôt pas d'accord","Ni d’accord ni pas d’accord (neutre)","Plutôt pas d'accord","Plutôt d’accord","Plutôt pas d'accord","Plutôt pas d'accord","Plutôt pas d'accord","Plutôt pas d'accord","Plutôt pas d'accord","Ni d’accord ni pas d’accord (neutre)","Plutôt pas d'accord","Pas du tout d'accord","Pas du tout d'accord","Plutôt pas d'accord","Plutôt pas d'accord","Plutôt pas d'accord","Tout à fait d’accord","Tout à fait d’accord","Plutôt d’accord","Plutôt d’accord","Ni d’accord ni pas d’accord (neutre)","Ni d’accord ni pas d’accord (neutre)","Plutôt d’accord","Plutôt d’accord","Plutôt d’accord","Plutôt d’accord","Ni d’accord ni pas d’accord (neutre)","Plutôt pas d'accord","Plutôt pas d'accord","Plutôt pas d'accord","Pas du tout d'accord","Pas du tout d'accord","Plutôt pas d'accord","Plutôt pas d'accord","Plutôt pas d'accord","Plutôt d’accord","Plutôt d’accord","Plutôt d’accord","Plutôt pas d'accord","Plutôt pas d'accord","Plutôt pas d'accord","Plutôt pas d'accord","Plutôt pas d'accord","Plutôt pas d'accord","Plutôt d’accord","Plutôt pas d'accord","Plutôt pas d'accord","Plutôt pas d'accord","Je m’y intéresse peu ou pas","Basés sur le goût;Basés sur le prix","Soutenir les producteurs;Manger plus sainement;Limiter son empreinte écologique","Une démarche que j’admire sans suivre","Le prix;Le manque d’habitude","Aides financières (chèques alimentation, épiceries solidaires…)"
"2025/05/26 8:54:24 PM UTC+3","Bourgogne-Franche-Comté","Ni d’accord ni pas d’accord (neutre)","Ni d’accord ni pas d’accord (neutre)","Plutôt d’accord","Plutôt pas d'accord","Ni d’accord ni pas d’accord (neutre)","Ni d’accord ni pas d’accord (neutre)","Pas du tout d'accord","Plutôt d’accord","Pas du tout d'accord","Pas du tout d'accord","Plutôt pas d'accord","Ni d’accord ni pas d’accord (neutre)","Pas du tout d'accord","Plutôt d’accord","Plutôt pas d'accord","Pas du tout d'accord","Pas du tout d'accord","Plutôt d’accord","Ni d’accord ni pas d’accord (neutre)","Plutôt d’accord","Ni d’accord ni pas d’accord (neutre)","Pas du tout d'accord","Pas du tout d'accord","Pas du tout d'accord","Plutôt d’accord","Pas du tout d'accord","Pas du tout d'accord","Plutôt pas d'accord","Pas du tout d'accord","Pas du tout d'accord","Pas du tout d'accord","Pas du tout d'accord","Pas du tout d'accord","Pas du tout d'accord","Tout à fait d’accord","Plutôt d’accord","Tout à fait d’accord","Pas du tout d'accord","Plutôt d’accord","Pas du tout d'accord","Tout à fait d’accord","Pas du tout d'accord","Pas du tout d'accord","Pas du tout d'accord","Tout à fait d’accord","Ni d’accord ni pas d’accord (neutre)","Tout à fait d’accord","Plutôt d’accord","J’y suis sensible, mais je n’agis pas beaucoup","Basés sur le goût;Basés sur le prix;Basés sur la facilité d’accès","Soutenir les producteurs;Manger plus sainement;Réduire les intermédiaires","Un effort;Une contrainte;Une démarche que j’admire sans suivre","Le prix;Le manque d’information claire","Meilleure signalétique des produits locaux;Aides financières (chèques alimentation, épiceries solidaires…);Plus d’offres en ligne / en livraison"
"2025/05/26 9:05:38 PM UTC+3","Bretagne","Plutôt d’accord","Tout à fait d’accord","Plutôt d’accord","Ni d’accord ni pas d’accord (neutre)","Ni d’accord ni pas d’accord (neutre)","Plutôt d’accord","Ni d’accord ni pas d’accord (neutre)","Plutôt d’accord","Ni d’accord ni pas d’accord (neutre)","Plutôt d’accord","Plutôt pas d'accord","Ni d’accord ni pas d’accord (neutre)","Plutôt d’accord","Plutôt d’accord","Ni d’accord ni pas d’accord (neutre)","Plutôt d’accord","Ni d’accord ni pas d’accord (neutre)","Plutôt d’accord","Plutôt d’accord","Plutôt d’accord","Plutôt d’accord","Tout à fait d’accord","Plutôt d’accord","Ni d’accord ni pas d’accord (neutre)","Plutôt d’accord","Plutôt d’accord","Ni d’accord ni pas d’accord (neutre)","Plutôt pas d'accord","Ni d’accord ni pas d’accord (neutre)","Plutôt d’accord","Plutôt d’accord","Tout à fait d’accord","Ni d’accord ni pas d’accord (neutre)","Plutôt d’accord","Plutôt d’accord","Plutôt d’accord","Plutôt d’accord","Plutôt pas d'accord","Plutôt d’accord","Plutôt d’accord","Plutôt d’accord","Plutôt pas d'accord","Plutôt d’accord","Plutôt pas d'accord","Plutôt d’accord","Plutôt d’accord","Plutôt d’accord","Ni d’accord ni pas d’accord (neutre)","C’est important, mais ce n’est pas toujours simple","Basés sur le goût;Basés sur le prix;Basés sur la qualité nutritionnelle;Basés sur l’impact environnemental","Limiter son empreinte écologique;Réduire les intermédiaires;Faire un acte politique","Un effort","Le manque d’offre proche;Le manque d’information claire","Meilleure signalétique des produits locaux;Plus d’événements ou d’animations sur l’alimentation locale;Plus d’offres en ligne / en livraison"
"2025/05/26 9:09:44 PM UTC+3","Île-de-France","Plutôt d’accord","Plutôt d’accord","Tout à fait d’accord","Ni d’accord ni pas d’accord (neutre)","Ni d’accord ni pas d’accord (neutre)","Tout à fait d’accord","Plutôt d’accord","Tout à fait d’accord","Ni d’accord ni pas d’accord (neutre)","Plutôt d’accord","Ni d’accord ni pas d’accord (neutre)","Ni d’accord ni pas d’accord (neutre)","Plutôt pas d'accord","Ni d’accord ni pas d’accord (neutre)","Plutôt pas d'accord","Ni d’accord ni pas d’accord (neutre)","Ni d’accord ni pas d’accord (neutre)","Plutôt pas d'accord","Plutôt pas d'accord","Plutôt pas d'accord","Ni d’accord ni pas d’accord (neutre)","Ni d’accord ni pas d’accord (neutre)","Plutôt pas d'accord","Plutôt d’accord","Plutôt d’accord","Plutôt d’accord","Plutôt d’accord","Plutôt d’accord","Plutôt d’accord","Plutôt d’accord","Ni d’accord ni pas d’accord (neutre)","Plutôt d’accord","Ni d’accord ni pas d’accord (neutre)","Ni d’accord ni pas d’accord (neutre)","Ni d’accord ni pas d’accord (neutre)","Plutôt pas d'accord","Plutôt d’accord","Ni d’accord ni pas d’accord (neutre)","Tout à fait d’accord","Tout à fait d’accord","Plutôt d’accord","Ni d’accord ni pas d’accord (neutre)","Ni d’accord ni pas d’accord (neutre)","Plutôt pas d'accord","Tout à fait d’accord","Plutôt pas d'accord","Ni d’accord ni pas d’accord (neutre)","Tout à fait d’accord","C’est important, mais ce n’est pas toujours simple","Basés sur le goût;Basés sur le prix;Basés sur la proximité géographique;Basés sur la qualité nutritionnelle;Basés sur l’impact environnemental;Basés sur la facilité d’accès","Soutenir les producteurs;Manger plus sainement;Limiter son empreinte écologique;S’ancrer dans un territoire;Réduire les intermédiaires","Un effort;Un idéal inaccessible","Le prix;Le manque de temps","Aides financières (chèques alimentation, épiceries solidaires…);Plus d’offres en ligne / en livraison;Plus de liens avec les producteurs (visites, témoignages…)"
"2025/05/26 9:22:35 PM UTC+3","Île-de-France","Plutôt pas d'accord","Plutôt pas d'accord","Plutôt d’accord","Pas du tout d'accord","Pas du tout d'accord","Tout à fait d’accord","Pas du tout d'accord","Pas du tout d'accord","Pas du tout d'accord","Tout à fait d’accord","Pas du tout d'accord","Pas du tout d'accord","Pas du tout d'accord","Pas du tout d'accord","Pas du tout d'accord","Pas du tout d'accord","Pas du tout d'accord","Pas du tout d'accord","Pas du tout d'accord","Tout à fait d’accord","Ni d’accord ni pas d’accord (neutre)","Tout à fait d’accord","Pas du tout d'accord","Pas du tout d'accord","Tout à fait d’accord","Ni d’accord ni pas d’accord (neutre)","Tout à fait d’accord","Pas du tout d'accord","Pas du tout d'accord","Tout à fait d’accord","Plutôt d’accord","Pas du tout d'accord","Tout à fait d’accord","Pas du tout d'accord","Pas du tout d'accord","Pas du tout d'accord","Tout à fait d’accord","Pas du tout d'accord","Tout à fait d’accord","Pas du tout d'accord","Pas du tout d'accord","Pas du tout d'accord","Pas du tout d'accord","Pas du tout d'accord","Tout à fait d’accord","Tout à fait d’accord","Tout à fait d’accord","Tout à fait d’accord","J’y suis sensible, mais je n’agis pas beaucoup","Basés sur le goût;Basés sur le prix;Basés sur la proximité géographique;Basés sur la qualité nutritionnelle;Basés sur l’impact environnemental;Basés sur la facilité d’accès","Soutenir les producteurs","Un effort;Une démarche que j’admire sans suivre","Le manque d’offre proche;Le manque d’information claire;Le manque de temps;Le manque d’habitude;Je ne sais pas où chercher","Meilleure signalétique des produits locaux;Aides financières (chèques alimentation, épiceries solidaires…)"
"2025/05/26 9:30:21 PM UTC+3","Grand Est","Tout à fait d’accord","Plutôt d’accord","Tout à fait d’accord","Tout à fait d’accord","Tout à fait d’accord","Tout à fait d’accord","Tout à fait d’accord","Tout à fait d’accord","Plutôt d’accord","Tout à fait d’accord","Ni d’accord ni pas d’accord (neutre)","Tout à fait d’accord","Tout à fait d’accord","Tout à fait d’accord","Plutôt d’accord","Tout à fait d’accord","Plutôt d’accord","Tout à fait d’accord","Plutôt d’accord","Ni d’accord ni pas d’accord (neutre)","Ni d’accord ni pas d’accord (neutre)","Plutôt d’accord","Tout à fait d’accord","Ni d’accord ni pas d’accord (neutre)","Tout à fait d’accord","Tout à fait d’accord","Tout à fait d’accord","Ni d’accord ni pas d’accord (neutre)","Ni d’accord ni pas d’accord (neutre)","Tout à fait d’accord","Ni d’accord ni pas d’accord (neutre)","Tout à fait d’accord","Tout à fait d’accord","Plutôt d’accord","Tout à fait d’accord","Tout à fait d’accord","Plutôt d’accord","Ni d’accord ni pas d’accord (neutre)","Ni d’accord ni pas d’accord (neutre)","Plutôt d’accord","Tout à fait d’accord","Ni d’accord ni pas d’accord (neutre)","Plutôt d’accord","Plutôt d’accord","Plutôt d’accord","Plutôt d’accord","Plutôt d’accord","Plutôt d’accord","C’est central pour moi, je fais beaucoup d’efforts","Basés sur la proximité géographique","Réduire les intermédiaires","Un réflexe","Aucun obstacle particulier","Plus d’événements ou d’animations sur l’alimentation locale"
"2025/05/26 9:39:52 PM UTC+3","Centre-Val de Loire","Plutôt d’accord","Plutôt d’accord","Plutôt d’accord","Plutôt d’accord","Plutôt d’accord","Plutôt d’accord","Plutôt d’accord","Plutôt d’accord","Plutôt d’accord","Tout à fait d’accord","Pas du tout d'accord","Plutôt pas d'accord","Pas du tout d'accord","Plutôt pas d'accord","Pas du tout d'accord","Pas du tout d'accord","Plutôt d’accord","Plutôt d’accord","Ni d’accord ni pas d’accord (neutre)","Ni d’accord ni pas d’accord (neutre)","Plutôt d’accord","Tout à fait d’accord","Tout à fait d’accord","Tout à fait d’accord","Plutôt d’accord","Plutôt d’accord","Plutôt d’accord","Plutôt d’accord","Plutôt d’accord","Plutôt d’accord","Ni d’accord ni pas d’accord (neutre)","Ni d’accord ni pas d’accord (neutre)","Plutôt d’accord","Plutôt d’accord","Plutôt d’accord","Tout à fait d’accord","Tout à fait d’accord","Ni d’accord ni pas d’accord (neutre)","Ni d’accord ni pas d’accord (neutre)","Ni d’accord ni pas d’accord (neutre)","Ni d’accord ni pas d’accord (neutre)","Plutôt pas d'accord","Tout à fait d’accord","Tout à fait d’accord","Plutôt d’accord","Pas du tout d'accord","Tout à fait d’accord","Tout à fait d’accord","C’est important, mais ce n’est pas toujours simple","Basés sur le goût;Basés sur la qualité nutritionnelle","Soutenir les producteurs;Manger plus sainement;Réduire les intermédiaires","Un réflexe","Aucun obstacle particulier","Meilleure signalétique des produits locaux;Plus d’événements ou d’animations sur l’alimentation locale"
"2025/05/26 9:40:32 PM UTC+3","Auvergne-Rhône-Alpes","Ni d’accord ni pas d’accord (neutre)","Pas du tout d'accord","Tout à fait d’accord","Tout à fait d’accord","Pas du tout d'accord","Pas du tout d'accord","Pas du tout d'accord","Pas du tout d'accord","Pas du tout d'accord","Pas du tout d'accord","Pas du tout d'accord","Pas du tout d'accord","Pas du tout d'accord","Pas du tout d'accord","Pas du tout d'accord","Pas du tout d'accord","Tout à fait d’accord","Tout à fait d’accord","Pas du tout d'accord","Pas du tout d'accord","Pas du tout d'accord","Pas du tout d'accord","Tout à fait d’accord","Pas du tout d'accord","Tout à fait d’accord","Plutôt d’accord","Plutôt d’accord","Pas du tout d'accord","Pas du tout d'accord","Pas du tout d'accord","Pas du tout d'accord","Ni d’accord ni pas d’accord (neutre)","Pas du tout d'accord","Pas du tout d'accord","Pas du tout d'accord","Plutôt d’accord","Tout à fait d’accord","Pas du tout d'accord","Pas du tout d'accord","Pas du tout d'accord","Tout à fait d’accord","Pas du tout d'accord","Ni d’accord ni pas d’accord (neutre)","Pas du tout d'accord","Ni d’accord ni pas d’accord (neutre)","Ni d’accord ni pas d’accord (neutre)","Ni d’accord ni pas d’accord (neutre)","Plutôt d’accord","J’y suis sensible, mais je n’agis pas beaucoup","Basés sur le goût;Basés sur le prix","Soutenir les producteurs;Manger plus sainement;Limiter son empreinte écologique","Un idéal inaccessible","Le prix","Aides financières (chèques alimentation, épiceries solidaires…)"
"2025/05/26 9:45:37 PM UTC+3","Normandie","Pas du tout d'accord","Pas du tout d'accord","Pas du tout d'accord","Pas du tout d'accord","Pas du tout d'accord","Pas du tout d'accord","Plutôt d’accord","Plutôt d’accord","Pas du tout d'accord","Plutôt d’accord","Pas du tout d'accord","Pas du tout d'accord","Pas du tout d'accord","Pas du tout d'accord","Pas du tout d'accord","Pas du tout d'accord","Plutôt d’accord","Plutôt pas d'accord","Pas du tout d'accord","Pas du tout d'accord","Pas du tout d'accord","Plutôt d’accord","Pas du tout d'accord","Plutôt d’accord","Plutôt d’accord","Plutôt d’accord","Plutôt d’accord","Plutôt pas d'accord","Plutôt pas d'accord","Plutôt pas d'accord","Pas du tout d'accord","Plutôt pas d'accord","Plutôt d’accord","Plutôt pas d'accord","Plutôt pas d'accord","Plutôt d’accord","Plutôt d’accord","Pas du tout d'accord","Pas du tout d'accord","Plutôt d’accord","Plutôt d’accord","Pas du tout d'accord","Ni d’accord ni pas d’accord (neutre)","Plutôt pas d'accord","Plutôt d’accord","Plutôt pas d'accord","Ni d’accord ni pas d’accord (neutre)","Plutôt d’accord","J’y suis sensible, mais je n’agis pas beaucoup","Basés sur le goût;Basés sur le prix","Soutenir les producteurs;Réduire les intermédiaires","Une démarche que j’admire sans suivre","Le manque de temps","Plus d’offres en ligne / en livraison;Plus de liens avec les producteurs (visites, témoignages…)"
"2025/05/26 9:48:43 PM UTC+3","Bourgogne-Franche-Comté","Plutôt d’accord","Pas du tout d'accord","Plutôt pas d'accord","Pas du tout d'accord","Ni d’accord ni pas d’accord (neutre)","Plutôt pas d'accord","Tout à fait d’accord","Pas du tout d'accord","Pas du tout d'accord","Plutôt pas d'accord","Pas du tout d'accord","Pas du tout d'accord","Pas du tout d'accord","Pas du tout d'accord","Pas du tout d'accord","Pas du tout d'accord","Pas du tout d'accord","Pas du tout d'accord","Pas du tout d'accord","Pas du tout d'accord","Pas du tout d'accord","Plutôt pas d'accord","Pas du tout d'accord","Pas du tout d'accord","Plutôt d’accord","Plutôt d’accord","Plutôt d’accord","Pas du tout d'accord","Plutôt d’accord","Ni d’accord ni pas d’accord (neutre)","Ni d’accord ni pas d’accord (neutre)","Plutôt pas d'accord","Ni d’accord ni pas d’accord (neutre)","Pas du tout d'accord","Pas du tout d'accord","Ni d’accord ni pas d’accord (neutre)","Ni d’accord ni pas d’accord (neutre)","Pas du tout d'accord","Pas du tout d'accord","Pas du tout d'accord","Pas du tout d'accord","Pas du tout d'accord","Ni d’accord ni pas d’accord (neutre)","Pas du tout d'accord","Tout à fait d’accord","Plutôt d’accord","Plutôt d’accord","Plutôt pas d'accord","J’y suis sensible, mais je n’agis pas beaucoup","Basés sur le goût;Basés sur le prix;Basés sur la proximité géographique;Basés sur l’impact environnemental;Basés sur la facilité d’accès","Soutenir les producteurs;Limiter son empreinte écologique;Réduire les intermédiaires","Un réflexe","Le manque de temps;Aucun obstacle particulier","Meilleure signalétique des produits locaux;Aides financières (chèques alimentation, épiceries solidaires…);Plus d’événements ou d’animations sur l’alimentation locale;Plus de liens avec les producteurs (visites, témoignages…)"
"2025/05/26 9:53:02 PM UTC+3","Auvergne-Rhône-Alpes","Plutôt d’accord","Plutôt pas d'accord","Plutôt d’accord","Tout à fait d’accord","Ni d’accord ni pas d’accord (neutre)","Plutôt d’accord","Plutôt d’accord","Plutôt pas d'accord","Plutôt pas d'accord","Plutôt d’accord","Pas du tout d'accord","Plutôt d’accord","Plutôt pas d'accord","Ni d’accord ni pas d’accord (neutre)","Plutôt pas d'accord","Tout à fait d’accord","Tout à fait d’accord","Tout à fait d’accord","Plutôt pas d'accord","Plutôt d’accord","Plutôt pas d'accord","Plutôt d’accord","Plutôt d’accord","Pas du tout d'accord","Tout à fait d’accord","Plutôt d’accord","Tout à fait d’accord","Plutôt pas d'accord","Tout à fait d’accord","Plutôt d’accord","Plutôt d’accord","Plutôt d’accord","Plutôt pas d'accord","Pas du tout d'accord","Plutôt pas d'accord","Plutôt d’accord","Plutôt d’accord","Plutôt pas d'accord","Plutôt d’accord","Plutôt d’accord","Plutôt pas d'accord","Plutôt pas d'accord","Plutôt d’accord","Plutôt d’accord","Plutôt d’accord","Plutôt d’accord","Plutôt d’accord","Plutôt d’accord","C’est important, mais ce n’est pas toujours simple","Basés sur la qualité nutritionnelle;Basés sur l’impact environnemental;Basés sur la facilité d’accès","Soutenir les producteurs;Limiter son empreinte écologique;Faire un acte politique","Un réflexe;Un effort","Le prix;Le manque de temps","Meilleure signalétique des produits locaux"
"2025/05/26 10:00:37 PM UTC+3","Bretagne","Tout à fait d’accord","Tout à fait d’accord","Plutôt d’accord","Ni d’accord ni pas d’accord (neutre)","Tout à fait d’accord","Tout à fait d’accord","Tout à fait d’accord","Tout à fait d’accord","Plutôt pas d'accord","Ni d’accord ni pas d’accord (neutre)","Pas du tout d'accord","Ni d’accord ni pas d’accord (neutre)","Plutôt pas d'accord","Plutôt d’accord","Plutôt d’accord","Plutôt d’accord","Plutôt d’accord","Ni d’accord ni pas d’accord (neutre)","Plutôt d’accord","Ni d’accord ni pas d’accord (neutre)","Ni d’accord ni pas d’accord (neutre)","Plutôt d’accord","Ni d’accord ni pas d’accord (neutre)","Pas du tout d'accord","Plutôt d’accord","Plutôt d’accord","Plutôt d’accord","Plutôt d’accord","Ni d’accord ni pas d’accord (neutre)","Plutôt d’accord","Ni d’accord ni pas d’accord (neutre)","Ni d’accord ni pas d’accord (neutre)","Ni d’accord ni pas d’accord (neutre)","Plutôt pas d'accord","Pas du tout d'accord","Plutôt d’accord","Plutôt d’accord","Pas du tout d'accord","Pas du tout d'accord","Pas du tout d'accord","Plutôt d’accord","Pas du tout d'accord","Ni d’accord ni pas d’accord (neutre)","Plutôt pas d'accord","Plutôt d’accord","Pas du tout d'accord","Ni d’accord ni pas d’accord (neutre)","Tout à fait d’accord","C’est important, mais ce n’est pas toujours simple","Basés sur le goût;Basés sur le prix;Basés sur la proximité géographique;Basés sur la qualité nutritionnelle","Soutenir les producteurs;Manger plus sainement;Limiter son empreinte écologique;Réduire les intermédiaires","Un effort","Le prix","Meilleure signalétique des produits locaux;Plus d’événements ou d’animations sur l’alimentation locale"
"2025/05/26 10:02:14 PM UTC+3","Bourgogne-Franche-Comté","Tout à fait d’accord","Tout à fait d’accord","Tout à fait d’accord","Tout à fait d’accord","Tout à fait d’accord","Tout à fait d’accord","Plutôt d’accord","Plutôt d’accord","Ni d’accord ni pas d’accord (neutre)","Plutôt d’accord","Plutôt pas d'accord","Ni d’accord ni pas d’accord (neutre)","Plutôt d’accord","Plutôt pas d'accord","Pas du tout d'accord","Plutôt d’accord","Tout à fait d’accord","Tout à fait d’accord","Tout à fait d’accord","Plutôt d’accord","Plutôt d’accord","Ni d’accord ni pas d’accord (neutre)","Tout à fait d’accord","Pas du tout d'accord","Tout à fait d’accord","Tout à fait d’accord","Tout à fait d’accord","Pas du tout d'accord","Tout à fait d’accord","Tout à fait d’accord","Plutôt d’accord","Tout à fait d’accord","Ni d’accord ni pas d’accord (neutre)","Plutôt d’accord","Ni d’accord ni pas d’accord (neutre)","Tout à fait d’accord","Tout à fait d’accord","Pas du tout d'accord","Pas du tout d'accord","Plutôt pas d'accord","Ni d’accord ni pas d’accord (neutre)","Pas du tout d'accord","Tout à fait d’accord","Tout à fait d’accord","Tout à fait d’accord","Ni d’accord ni pas d’accord (neutre)","Ni d’accord ni pas d’accord (neutre)","Plutôt d’accord","C’est important, mais ce n’est pas toujours simple","Basés sur le goût;Basés sur le prix;Basés sur la proximité géographique;Basés sur l’impact environnemental;Basés sur la facilité d’accès","Soutenir les producteurs;Manger plus sainement;Limiter son empreinte écologique","Un effort;Un idéal inaccessible","Le prix;Le manque d’offre proche;Le manque de temps","Aides financières (chèques alimentation, épiceries solidaires…)"
"2025/05/26 10:09:26 PM UTC+3","Centre-Val de Loire","Tout à fait d’accord","Tout à fait d’accord","Plutôt d’accord","Ni d’accord ni pas d’accord (neutre)","Plutôt d’accord","Tout à fait d’accord","Tout à fait d’accord","Ni d’accord ni pas d’accord (neutre)","Pas du tout d'accord","Plutôt d’accord","Pas du tout d'accord","Plutôt d’accord","Tout à fait d’accord","Plutôt pas d'accord","Pas du tout d'accord","Tout à fait d’accord","Plutôt pas d'accord","Ni d’accord ni pas d’accord (neutre)","Pas du tout d'accord","Pas du tout d'accord","Pas du tout d'accord","Tout à fait d’accord","Tout à fait d’accord","Pas du tout d'accord","Tout à fait d’accord","Tout à fait d’accord","Tout à fait d’accord","Ni d’accord ni pas d’accord (neutre)","Tout à fait d’accord","Tout à fait d’accord","Ni d’accord ni pas d’accord (neutre)","Tout à fait d’accord","Pas du tout d'accord","Pas du tout d'accord","Pas du tout d'accord","Plutôt pas d'accord","Tout à fait d’accord","Pas du tout d'accord","Pas du tout d'accord","Pas du tout d'accord","Pas du tout d'accord","Pas du tout d'accord","Pas du tout d'accord","Ni d’accord ni pas d’accord (neutre)","Tout à fait d’accord","Plutôt d’accord","Plutôt d’accord","Tout à fait d’accord","C’est important, mais ce n’est pas toujours simple","Basés sur le goût;Basés sur le prix;Basés sur la proximité géographique;Basés sur la qualité nutritionnelle;Basés sur l’impact environnemental;Basés sur la facilité d’accès","Soutenir les producteurs;Manger plus sainement;Limiter son empreinte écologique;Réduire les intermédiaires;Faire un acte politique","Un réflexe;Un idéal inaccessible;Une contrainte","Le manque d’offre proche;Le manque d’information claire;Le manque de temps;Je ne sais pas où chercher","Plus d’événements ou d’animations sur l’alimentation locale;Plus d’offres en ligne / en livraison;Plus de liens avec les producteurs (visites, témoignages…)"
"2025/05/26 10:15:31 PM UTC+3","Normandie","Ni d’accord ni pas d’accord (neutre)","Plutôt d’accord","Tout à fait d’accord","Plutôt d’accord","Ni d’accord ni pas d’accord (neutre)","Tout à fait d’accord","Tout à fait d’accord","Tout à fait d’accord","Pas du tout d'accord","Ni d’accord ni pas d’accord (neutre)","Pas du tout d'accord","Pas du tout d'accord","Pas du tout d'accord","Pas du tout d'accord","Pas du tout d'accord","Pas du tout d'accord","Plutôt d’accord","Tout à fait d’accord","Plutôt d’accord","Plutôt pas d'accord","Plutôt d’accord","Plutôt d’accord","Plutôt pas d'accord","Pas du tout d'accord","Plutôt d’accord","Tout à fait d’accord","Tout à fait d’accord","Plutôt pas d'accord","Plutôt d’accord","Tout à fait d’accord","Pas du tout d'accord","Pas du tout d'accord","Plutôt pas d'accord","Pas du tout d'accord","Pas du tout d'accord","Plutôt d’accord","Tout à fait d’accord","Ni d’accord ni pas d’accord (neutre)","Pas du tout d'accord","Pas du tout d'accord","Pas du tout d'accord","Pas du tout d'accord","Plutôt d’accord","Plutôt pas d'accord","Tout à fait d’accord","Pas du tout d'accord","Tout à fait d’accord","Tout à fait d’accord","J’y suis sensible, mais je n’agis pas beaucoup","Basés sur le goût;Basés sur le prix;Basés sur la qualité nutritionnelle","Soutenir les producteurs;Limiter son empreinte écologique;S’ancrer dans un territoire","Un effort","Le prix;Le manque de temps;Le manque d’habitude","Plus d’offres en ligne / en livraison"
"2025/05/26 10:21:11 PM UTC+3","Bretagne","Tout à fait d’accord","Tout à fait d’accord","Ni d’accord ni pas d’accord (neutre)","Plutôt d’accord","Plutôt d’accord","Plutôt d’accord","Tout à fait d’accord","Pas du tout d'accord","Plutôt d’accord","Plutôt d’accord","Pas du tout d'accord","Plutôt d’accord","Tout à fait d’accord","Plutôt d’accord","Plutôt d’accord","Tout à fait d’accord","Plutôt d’accord","Plutôt d’accord","Plutôt d’accord","Plutôt d’accord","Plutôt d’accord","Plutôt d’accord","Plutôt d’accord","Pas du tout d'accord","Tout à fait d’accord","Tout à fait d’accord","Tout à fait d’accord","Pas du tout d'accord","Ni d’accord ni pas d’accord (neutre)","Ni d’accord ni pas d’accord (neutre)","Ni d’accord ni pas d’accord (neutre)","Ni d’accord ni pas d’accord (neutre)","Plutôt d’accord","Ni d’accord ni pas d’accord (neutre)","Plutôt d’accord","Plutôt d’accord","Plutôt d’accord","Ni d’accord ni pas d’accord (neutre)","Ni d’accord ni pas d’accord (neutre)","Ni d’accord ni pas d’accord (neutre)","Ni d’accord ni pas d’accord (neutre)","Ni d’accord ni pas d’accord (neutre)","Tout à fait d’accord","Tout à fait d’accord","Tout à fait d’accord","Tout à fait d’accord","Tout à fait d’accord","Tout à fait d’accord","C’est central pour moi, je fais beaucoup d’efforts","Basés sur le goût;Basés sur le prix;Basés sur la proximité géographique;Basés sur la qualité nutritionnelle;Basés sur l’impact environnemental","Soutenir les producteurs;Manger plus sainement;Limiter son empreinte écologique;S’ancrer dans un territoire;Réduire les intermédiaires","Un réflexe","Aucun obstacle particulier","Meilleure signalétique des produits locaux;Plus d’événements ou d’animations sur l’alimentation locale"
"2025/05/26 10:23:41 PM UTC+3","Centre-Val de Loire","Ni d’accord ni pas d’accord (neutre)","Plutôt d’accord","Plutôt d’accord","Ni d’accord ni pas d’accord (neutre)","Ni d’accord ni pas d’accord (neutre)","Ni d’accord ni pas d’accord (neutre)","Plutôt pas d'accord","Plutôt pas d'accord","Plutôt pas d'accord","Ni d’accord ni pas d’accord (neutre)","Pas du tout d'accord","Plutôt pas d'accord","Plutôt pas d'accord","Plutôt pas d'accord","Plutôt pas d'accord","Ni d’accord ni pas d’accord (neutre)","Ni d’accord ni pas d’accord (neutre)","Ni d’accord ni pas d’accord (neutre)","Ni d’accord ni pas d’accord (neutre)","Plutôt pas d'accord","Ni d’accord ni pas d’accord (neutre)","Ni d’accord ni pas d’accord (neutre)","Ni d’accord ni pas d’accord (neutre)","Plutôt d’accord","Plutôt d’accord","Ni d’accord ni pas d’accord (neutre)","Ni d’accord ni pas d’accord (neutre)","Plutôt pas d'accord","Ni d’accord ni pas d’accord (neutre)","Plutôt d’accord","Ni d’accord ni pas d’accord (neutre)","Ni d’accord ni pas d’accord (neutre)","Ni d’accord ni pas d’accord (neutre)","Ni d’accord ni pas d’accord (neutre)","Plutôt pas d'accord","Plutôt d’accord","Plutôt d’accord","Plutôt pas d'accord","Plutôt pas d'accord","Plutôt pas d'accord","Plutôt pas d'accord","Plutôt pas d'accord","Ni d’accord ni pas d’accord (neutre)","Ni d’accord ni pas d’accord (neutre)","Ni d’accord ni pas d’accord (neutre)","Plutôt pas d'accord","Ni d’accord ni pas d’accord (neutre)","Plutôt d’accord","J’y suis sensible, mais je n’agis pas beaucoup","Basés sur le goût;Basés sur le prix;Basés sur la proximité géographique;Basés sur la qualité nutritionnelle","Soutenir les producteurs;Manger plus sainement;Réduire les intermédiaires","Une démarche que j’admire sans suivre","Le prix;Le manque d’offre proche;Le manque d’habitude","Meilleure signalétique des produits locaux;Aides financières (chèques alimentation, épiceries solidaires…);Plus de liens avec les producteurs (visites, témoignages…)"
"2025/05/26 10:32:04 PM UTC+3","Bretagne","Plutôt d’accord","Tout à fait d’accord","Tout à fait d’accord","Tout à fait d’accord","Ni d’accord ni pas d’accord (neutre)","Plutôt d’accord","Tout à fait d’accord","Tout à fait d’accord","Plutôt pas d'accord","Plutôt pas d'accord","Pas du tout d'accord","Pas du tout d'accord","Pas du tout d'accord","Pas du tout d'accord","Plutôt pas d'accord","Pas du tout d'accord","Pas du tout d'accord","Plutôt d’accord","Plutôt d’accord","Plutôt d’accord","Plutôt d’accord","Ni d’accord ni pas d’accord (neutre)","Ni d’accord ni pas d’accord (neutre)","Plutôt pas d'accord","Tout à fait d’accord","Tout à fait d’accord","Tout à fait d’accord","Ni d’accord ni pas d’accord (neutre)","Ni d’accord ni pas d’accord (neutre)","Tout à fait d’accord","Plutôt pas d'accord","Plutôt d’accord","Plutôt pas d'accord","Plutôt pas d'accord","Plutôt pas d'accord","Plutôt d’accord","Plutôt d’accord","Plutôt pas d'accord","Plutôt pas d'accord","Plutôt pas d'accord","Pas du tout d'accord","Pas du tout d'accord","Plutôt d’accord","Ni d’accord ni pas d’accord (neutre)","Tout à fait d’accord","Ni d’accord ni pas d’accord (neutre)","Plutôt d’accord","Tout à fait d’accord","C’est important, mais ce n’est pas toujours simple","Basés sur le prix;Basés sur la qualité nutritionnelle","Soutenir les producteurs;Limiter son empreinte écologique;Réduire les intermédiaires","Un effort","Le prix","Meilleure signalétique des produits locaux"
"2025/05/26 10:33:40 PM UTC+3","Auvergne-Rhône-Alpes","Plutôt pas d'accord","Plutôt d’accord","Pas du tout d'accord","Plutôt pas d'accord","Pas du tout d'accord","Tout à fait d’accord","Pas du tout d'accord","Plutôt d’accord","Pas du tout d'accord","Plutôt d’accord","Pas du tout d'accord","Plutôt pas d'accord","Pas du tout d'accord","Ni d’accord ni pas d’accord (neutre)","Plutôt pas d'accord","Pas du tout d'accord","Ni d’accord ni pas d’accord (neutre)","Plutôt pas d'accord","Plutôt pas d'accord","Plutôt pas d'accord","Plutôt pas d'accord","Plutôt d’accord","Ni d’accord ni pas d’accord (neutre)","Plutôt pas d'accord","Plutôt d’accord","Plutôt d’accord","Plutôt pas d'accord","Pas du tout d'accord","Ni d’accord ni pas d’accord (neutre)","Plutôt d’accord","Ni d’accord ni pas d’accord (neutre)","Ni d’accord ni pas d’accord (neutre)","Plutôt d’accord","Plutôt pas d'accord","Pas du tout d'accord","Pas du tout d'accord","Plutôt d’accord","Pas du tout d'accord","Pas du tout d'accord","Plutôt pas d'accord","Plutôt d’accord","Pas du tout d'accord","Plutôt d’accord","Plutôt pas d'accord","Plutôt d’accord","Plutôt pas d'accord","Plutôt pas d'accord","Tout à fait d’accord","J’y suis sensible, mais je n’agis pas beaucoup","Basés sur la qualité nutritionnelle","Réduire les intermédiaires","Un effort;Un idéal inaccessible","Le prix","Aides financières (chèques alimentation, épiceries solidaires…)"
"2025/05/26 10:35:38 PM UTC+3","Provence-Alpes-Côte d’Azur","Ni d’accord ni pas d’accord (neutre)","Plutôt pas d'accord","Pas du tout d'accord","Ni d’accord ni pas d’accord (neutre)","Tout à fait d’accord","Ni d’accord ni pas d’accord (neutre)","Plutôt pas d'accord","Tout à fait d’accord","Pas du tout d'accord","Ni d’accord ni pas d’accord (neutre)","Pas du tout d'accord","Plutôt d’accord","Tout à fait d’accord","Tout à fait d’accord","Ni d’accord ni pas d’accord (neutre)","Pas du tout d'accord","Pas du tout d'accord","Ni d’accord ni pas d’accord (neutre)","Plutôt d’accord","Plutôt pas d'accord","Pas du tout d'accord","Ni d’accord ni pas d’accord (neutre)","Pas du tout d'accord","Pas du tout d'accord","Tout à fait d’accord","Tout à fait d’accord","Plutôt pas d'accord","Plutôt pas d'accord","Plutôt pas d'accord","Tout à fait d’accord","Plutôt pas d'accord","Ni d’accord ni pas d’accord (neutre)","Plutôt pas d'accord","Pas du tout d'accord","Pas du tout d'accord","Ni d’accord ni pas d’accord (neutre)","Tout à fait d’accord","Pas du tout d'accord","Pas du tout d'accord","Tout à fait d’accord","Tout à fait d’accord","Pas du tout d'accord","Pas du tout d'accord","Plutôt d’accord","Tout à fait d’accord","Ni d’accord ni pas d’accord (neutre)","Ni d’accord ni pas d’accord (neutre)","Plutôt d’accord","J’y suis sensible, mais je n’agis pas beaucoup","Basés sur le goût;Basés sur le prix;Basés sur la facilité d’accès","Manger plus sainement;Limiter son empreinte écologique;S’ancrer dans un territoire","Un idéal inaccessible;Une démarche que j’admire sans suivre","Le prix;Le manque d’offre proche;Je ne sais pas où chercher","Plus d’événements ou d’animations sur l’alimentation locale"
"2025/05/26 10:43:01 PM UTC+3","Normandie","Plutôt d’accord","Plutôt d’accord","Tout à fait d’accord","Plutôt d’accord","Plutôt d’accord","Tout à fait d’accord","Plutôt d’accord","Plutôt d’accord","Plutôt pas d'accord","Plutôt d’accord","Plutôt pas d'accord","Plutôt d’accord","Plutôt d’accord","Ni d’accord ni pas d’accord (neutre)","Ni d’accord ni pas d’accord (neutre)","Plutôt d’accord","Plutôt d’accord","Plutôt d’accord","Plutôt d’accord","Ni d’accord ni pas d’accord (neutre)","Plutôt d’accord","Ni d’accord ni pas d’accord (neutre)","Plutôt d’accord","Ni d’accord ni pas d’accord (neutre)","Tout à fait d’accord","Tout à fait d’accord","Tout à fait d’accord","Ni d’accord ni pas d’accord (neutre)","Plutôt d’accord","Ni d’accord ni pas d’accord (neutre)","Plutôt d’accord","Tout à fait d’accord","Ni d’accord ni pas d’accord (neutre)","Ni d’accord ni pas d’accord (neutre)","Plutôt d’accord","Plutôt d’accord","Plutôt d’accord","Ni d’accord ni pas d’accord (neutre)","Plutôt pas d'accord","Plutôt pas d'accord","Ni d’accord ni pas d’accord (neutre)","Plutôt pas d'accord","Tout à fait d’accord","Tout à fait d’accord","Plutôt d’accord","Ni d’accord ni pas d’accord (neutre)","Ni d’accord ni pas d’accord (neutre)","Plutôt d’accord","C’est important, mais ce n’est pas toujours simple","Basés sur le goût;Basés sur le prix;Basés sur la qualité nutritionnelle","Manger plus sainement;Réduire les intermédiaires","Un réflexe","Le manque d’offre proche;Le manque d’information claire","Meilleure signalétique des produits locaux;Plus de liens avec les producteurs (visites, témoignages…)"
"2025/05/26 10:43:47 PM UTC+3","Bourgogne-Franche-Comté","Tout à fait d’accord","Tout à fait d’accord","Tout à fait d’accord","Plutôt pas d'accord","Tout à fait d’accord","Tout à fait d’accord","Tout à fait d’accord","Tout à fait d’accord","Pas du tout d'accord","Tout à fait d’accord","Pas du tout d'accord","Tout à fait d’accord","Pas du tout d'accord","Tout à fait d’accord","Ni d’accord ni pas d’accord (neutre)","Ni d’accord ni pas d’accord (neutre)","Tout à fait d’accord","Plutôt pas d'accord","Tout à fait d’accord","Ni d’accord ni pas d’accord (neutre)","Tout à fait d’accord","Tout à fait d’accord","Tout à fait d’accord","Tout à fait d’accord","Tout à fait d’accord","Tout à fait d’accord","Tout à fait d’accord","Tout à fait d’accord","Tout à fait d’accord","Tout à fait d’accord","Tout à fait d’accord","Tout à fait d’accord","Tout à fait d’accord","Ni d’accord ni pas d’accord (neutre)","Ni d’accord ni pas d’accord (neutre)","Plutôt d’accord","Tout à fait d’accord","Pas du tout d'accord","Tout à fait d’accord","Tout à fait d’accord","Pas du tout d'accord","Pas du tout d'accord","Tout à fait d’accord","Tout à fait d’accord","Tout à fait d’accord","Tout à fait d’accord","Tout à fait d’accord","Tout à fait d’accord","C’est important, mais ce n’est pas toujours simple","Basés sur le goût;Basés sur le prix;Basés sur la proximité géographique;Basés sur l’impact environnemental","Soutenir les producteurs;Manger plus sainement;Limiter son empreinte écologique;Réduire les intermédiaires;Faire un acte politique","Un effort","Le manque de temps;Je ne sais pas où chercher","Meilleure signalétique des produits locaux;Aides financières (chèques alimentation, épiceries solidaires…);Plus d’événements ou d’animations sur l’alimentation locale;Plus d’offres en ligne / en livraison;Plus de liens avec les producteurs (visites, témoignages…)"
"2025/05/26 10:47:26 PM UTC+3","Normandie","Tout à fait d’accord","Plutôt d’accord","Plutôt d’accord","Tout à fait d’accord","Plutôt d’accord","Plutôt d’accord","Plutôt d’accord","Tout à fait d’accord","Tout à fait d’accord","Tout à fait d’accord","Ni d’accord ni pas d’accord (neutre)","Plutôt d’accord","Ni d’accord ni pas d’accord (neutre)","Plutôt d’accord","Plutôt d’accord","Plutôt d’accord","Tout à fait d’accord","Tout à fait d’accord","Plutôt d’accord","Plutôt d’accord","Tout à fait d’accord","Plutôt d’accord","Tout à fait d’accord","Ni d’accord ni pas d’accord (neutre)","Plutôt d’accord","Plutôt d’accord","Plutôt d’accord","Ni d’accord ni pas d’accord (neutre)","Plutôt d’accord","Tout à fait d’accord","Tout à fait d’accord","Plutôt d’accord","Plutôt d’accord","Plutôt d’accord","Tout à fait d’accord","Tout à fait d’accord","Plutôt d’accord","Tout à fait d’accord","Ni d’accord ni pas d’accord (neutre)","Plutôt pas d'accord","Plutôt pas d'accord","Plutôt pas d'accord","Tout à fait d’accord","Tout à fait d’accord","Ni d’accord ni pas d’accord (neutre)","Tout à fait d’accord","Tout à fait d’accord","Tout à fait d’accord","C’est important, mais ce n’est pas toujours simple","Basés sur le goût;Basés sur la proximité géographique;Basés sur la qualité nutritionnelle","Manger plus sainement;Limiter son empreinte écologique;Réduire les intermédiaires","Un réflexe","Aucun obstacle particulier","Meilleure signalétique des produits locaux"
"2025/05/26 10:48:51 PM UTC+3","Grand Est","Tout à fait d’accord","Tout à fait d’accord","Tout à fait d’accord","Tout à fait d’accord","Plutôt d’accord","Plutôt d’accord","Tout à fait d’accord","Plutôt d’accord","Plutôt pas d'accord","Plutôt d’accord","Plutôt pas d'accord","Plutôt pas d'accord","Plutôt pas d'accord","Plutôt pas d'accord","Tout à fait d’accord","Plutôt pas d'accord","Tout à fait d’accord","Plutôt d’accord","Plutôt d’accord","Tout à fait d’accord","Plutôt d’accord","Tout à fait d’accord","Tout à fait d’accord","Tout à fait d’accord","Tout à fait d’accord","Plutôt d’accord","Tout à fait d’accord","Plutôt pas d'accord","Tout à fait d’accord","Tout à fait d’accord","Ni d’accord ni pas d’accord (neutre)","Plutôt d’accord","Plutôt pas d'accord","Plutôt pas d'accord","Tout à fait d’accord","Plutôt pas d'accord","Tout à fait d’accord","Plutôt pas d'accord","Tout à fait d’accord","Plutôt d’accord","Tout à fait d’accord","Tout à fait d’accord","Tout à fait d’accord","Plutôt d’accord","Tout à fait d’accord","Plutôt d’accord","Tout à fait d’accord","Plutôt d’accord","C’est important, mais ce n’est pas toujours simple","Basés sur le goût;Basés sur le prix;Basés sur la proximité géographique;Basés sur la qualité nutritionnelle;Basés sur l’impact environnemental","Limiter son empreinte écologique;S’ancrer dans un territoire;Réduire les intermédiaires","Un effort","Le prix;Le manque d’offre proche;Le manque de temps","Meilleure signalétique des produits locaux;Aides financières (chèques alimentation, épiceries solidaires…)"
"2025/05/26 10:49:41 PM UTC+3","Hauts-de-France","Ni d’accord ni pas d’accord (neutre)","Plutôt d’accord","Plutôt pas d'accord","Plutôt d’accord","Tout à fait d’accord","Tout à fait d’accord","Ni d’accord ni pas d’accord (neutre)","Plutôt d’accord","Tout à fait d’accord","Tout à fait d’accord","Pas du tout d'accord","Tout à fait d’accord","Pas du tout d'accord","Ni d’accord ni pas d’accord (neutre)","Plutôt pas d'accord","Pas du tout d'accord","Tout à fait d’accord","Plutôt d’accord","Pas du tout d'accord","Pas du tout d'accord","Ni d’accord ni pas d’accord (neutre)","Tout à fait d’accord","Tout à fait d’accord","Ni d’accord ni pas d’accord (neutre)","Plutôt d’accord","Plutôt d’accord","Plutôt d’accord","Ni d’accord ni pas d’accord (neutre)","Ni d’accord ni pas d’accord (neutre)","Ni d’accord ni pas d’accord (neutre)","Plutôt pas d'accord","Ni d’accord ni pas d’accord (neutre)","Ni d’accord ni pas d’accord (neutre)","Plutôt d’accord","Plutôt d’accord","Plutôt d’accord","Tout à fait d’accord","Pas du tout d'accord","Pas du tout d'accord","Pas du tout d'accord","Pas du tout d'accord","Pas du tout d'accord","Plutôt d’accord","Plutôt d’accord","Ni d’accord ni pas d’accord (neutre)","Pas du tout d'accord","Ni d’accord ni pas d’accord (neutre)","Ni d’accord ni pas d’accord (neutre)","C’est important, mais ce n’est pas toujours simple","Basés sur le goût;Basés sur le prix;Basés sur la proximité géographique;Basés sur la qualité nutritionnelle","Soutenir les producteurs;Limiter son empreinte écologique;Réduire les intermédiaires","Un réflexe","Le prix;Le manque d’offre proche;Le manque de temps","Meilleure signalétique des produits locaux;Plus d’offres en ligne / en livraison"
"2025/05/26 10:53:21 PM UTC+3","Bretagne","Plutôt d’accord","Plutôt d’accord","Tout à fait d’accord","Plutôt d’accord","Plutôt d’accord","Plutôt d’accord","Plutôt d’accord","Plutôt d’accord","Pas du tout d'accord","Pas du tout d'accord","Pas du tout d'accord","Pas du tout d'accord","Pas du tout d'accord","Pas du tout d'accord","Pas du tout d'accord","Pas du tout d'accord","Plutôt pas d'accord","Pas du tout d'accord","Pas du tout d'accord","Pas du tout d'accord","Pas du tout d'accord","Plutôt d’accord","Ni d’accord ni pas d’accord (neutre)","Pas du tout d'accord","Tout à fait d’accord","Tout à fait d’accord","Tout à fait d’accord","Tout à fait d’accord","Tout à fait d’accord","Tout à fait d’accord","Ni d’accord ni pas d’accord (neutre)","Tout à fait d’accord","Plutôt pas d'accord","Pas du tout d'accord","Pas du tout d'accord","Tout à fait d’accord","Tout à fait d’accord","Pas du tout d'accord","Pas du tout d'accord","Pas du tout d'accord","Pas du tout d'accord","Pas du tout d'accord","Pas du tout d'accord","Pas du tout d'accord","Pas du tout d'accord","Pas du tout d'accord","Pas du tout d'accord","Tout à fait d’accord","C’est important, mais ce n’est pas toujours simple","Basés sur le goût;Basés sur la proximité géographique","Manger plus sainement;Réduire les intermédiaires","Un effort","Le manque d’offre proche;Le manque de temps","Meilleure signalétique des produits locaux;Plus d’événements ou d’animations sur l’alimentation locale"
"2025/05/26 11:16:33 PM UTC+3","Auvergne-Rhône-Alpes","Tout à fait d’accord","Tout à fait d’accord","Plutôt d’accord","Tout à fait d’accord","Plutôt pas d'accord","Tout à fait d’accord","Pas du tout d'accord","Tout à fait d’accord","Plutôt d’accord","Tout à fait d’accord","Ni d’accord ni pas d’accord (neutre)","Plutôt d’accord","Tout à fait d’accord","Tout à fait d’accord","Plutôt pas d'accord","Tout à fait d’accord","Tout à fait d’accord","Tout à fait d’accord","Tout à fait d’accord","Tout à fait d’accord","Plutôt d’accord","Tout à fait d’accord","Tout à fait d’accord","Tout à fait d’accord","Tout à fait d’accord","Plutôt pas d'accord","Plutôt pas d'accord","Plutôt pas d'accord","Plutôt pas d'accord","Tout à fait d’accord","Plutôt pas d'accord","Tout à fait d’accord","Tout à fait d’accord","Plutôt d’accord","Pas du tout d'accord","Plutôt d’accord","Plutôt d’accord","Pas du tout d'accord","Pas du tout d'accord","Pas du tout d'accord","Tout à fait d’accord","Tout à fait d’accord","Tout à fait d’accord","Tout à fait d’accord","Tout à fait d’accord","Tout à fait d’accord","Tout à fait d’accord","Tout à fait d’accord","C’est important, mais ce n’est pas toujours simple","Basés sur le goût;Basés sur la proximité géographique","Soutenir les producteurs;Manger plus sainement;Réduire les intermédiaires","Un réflexe;Un effort","Le prix;Le manque d’offre proche","Meilleure signalétique des produits locaux;Plus d’événements ou d’animations sur l’alimentation locale;Plus d’offres en ligne / en livraison;Plus de liens avec les producteurs (visites, témoignages…)"
"2025/05/26 11:22:49 PM UTC+3","Normandie","Plutôt d’accord","Plutôt pas d'accord","Plutôt d’accord","Pas du tout d'accord","Pas du tout d'accord","Plutôt d’accord","Plutôt pas d'accord","Plutôt d’accord","Pas du tout d'accord","Pas du tout d'accord","Pas du tout d'accord","Pas du tout d'accord","Pas du tout d'accord","Pas du tout d'accord","Pas du tout d'accord","Tout à fait d’accord","Ni d’accord ni pas d’accord (neutre)","Ni d’accord ni pas d’accord (neutre)","Ni d’accord ni pas d’accord (neutre)","Ni d’accord ni pas d’accord (neutre)","Tout à fait d’accord","Plutôt d’accord","Plutôt d’accord","Plutôt pas d'accord","Plutôt d’accord","Plutôt d’accord","Plutôt d’accord","Ni d’accord ni pas d’accord (neutre)","Plutôt pas d'accord","Plutôt pas d'accord","Plutôt d’accord","Ni d’accord ni pas d’accord (neutre)","Plutôt pas d'accord","Plutôt d’accord","Plutôt pas d'accord","Plutôt d’accord","Plutôt d’accord","Plutôt d’accord","Plutôt d’accord","Plutôt d’accord","Plutôt pas d'accord","Plutôt pas d'accord","Plutôt d’accord","Plutôt d’accord","Plutôt d’accord","Plutôt d’accord","Plutôt d’accord","Plutôt d’accord","J’y suis sensible, mais je n’agis pas beaucoup","Basés sur le goût;Basés sur le prix;Basés sur la proximité géographique;Basés sur la qualité nutritionnelle","Soutenir les producteurs;Manger plus sainement;Réduire les intermédiaires","Un réflexe;Un effort","Le prix;Le manque d’offre proche;Le manque de temps","Meilleure signalétique des produits locaux;Aides financières (chèques alimentation, épiceries solidaires…)"
"2025/05/26 11:41:14 PM UTC+3","Provence-Alpes-Côte d’Azur","Plutôt d’accord","Plutôt pas d'accord","Plutôt d’accord","Ni d’accord ni pas d’accord (neutre)","Plutôt d’accord","Plutôt d’accord","Plutôt d’accord","Plutôt d’accord","Plutôt pas d'accord","Plutôt d’accord","Plutôt pas d'accord","Ni d’accord ni pas d’accord (neutre)","Plutôt d’accord","Ni d’accord ni pas d’accord (neutre)","Ni d’accord ni pas d’accord (neutre)","Ni d’accord ni pas d’accord (neutre)","Plutôt d’accord","Plutôt d’accord","Plutôt pas d'accord","Plutôt pas d'accord","Ni d’accord ni pas d’accord (neutre)","Plutôt d’accord","Plutôt d’accord","Plutôt d’accord","Tout à fait d’accord","Tout à fait d’accord","Tout à fait d’accord","Plutôt pas d'accord","Plutôt d’accord","Plutôt d’accord","Plutôt d’accord","Plutôt d’accord","Plutôt d’accord","Plutôt pas d'accord","Plutôt d’accord","Plutôt d’accord","Plutôt d’accord","Plutôt pas d'accord","Pas du tout d'accord","Ni d’accord ni pas d’accord (neutre)","Plutôt d’accord","Pas du tout d'accord","Plutôt d’accord","Plutôt d’accord","Ni d’accord ni pas d’accord (neutre)","Ni d’accord ni pas d’accord (neutre)","Ni d’accord ni pas d’accord (neutre)","Ni d’accord ni pas d’accord (neutre)","C’est important, mais ce n’est pas toujours simple","Basés sur le prix;Basés sur la qualité nutritionnelle;Basés sur la facilité d’accès","Soutenir les producteurs;Limiter son empreinte écologique;Réduire les intermédiaires","Un effort","Le manque de temps","Meilleure signalétique des produits locaux;Plus d’offres en ligne / en livraison"
"2025/05/26 11:45:03 PM UTC+3","Bretagne","Plutôt pas d'accord","Plutôt pas d'accord","Plutôt d’accord","Plutôt pas d'accord","Plutôt d’accord","Plutôt d’accord","Plutôt d’accord","Plutôt d’accord","Pas du tout d'accord","Plutôt d’accord","Plutôt pas d'accord","Plutôt d’accord","Plutôt pas d'accord","Plutôt d’accord","Pas du tout d'accord","Plutôt pas d'accord","Plutôt pas d'accord","Plutôt pas d'accord","Plutôt pas d'accord","Plutôt pas d'accord","Plutôt pas d'accord","Plutôt d’accord","Plutôt d’accord","Pas du tout d'accord","Plutôt d’accord","Plutôt d’accord","Plutôt d’accord","Plutôt d’accord","Plutôt d’accord","Plutôt d’accord","Plutôt d’accord","Plutôt pas d'accord","Plutôt pas d'accord","Plutôt pas d'accord","Plutôt pas d'accord","Plutôt d’accord","Plutôt d’accord","Plutôt pas d'accord","Plutôt pas d'accord","Plutôt pas d'accord","Pas du tout d'accord","Pas du tout d'accord","Ni d’accord ni pas d’accord (neutre)","Pas du tout d'accord","Plutôt pas d'accord","Pas du tout d'accord","Plutôt d’accord","Plutôt d’accord","J’y suis sensible, mais je n’agis pas beaucoup","Basés sur la proximité géographique;Basés sur la qualité nutritionnelle;Basés sur la facilité d’accès","Soutenir les producteurs;Manger plus sainement;Limiter son empreinte écologique;Réduire les intermédiaires","Un effort","Le prix;Le manque d’information claire;Le manque de temps;Le manque d’habitude","Meilleure signalétique des produits locaux;Plus d’événements ou d’animations sur l’alimentation locale;Plus d’offres en ligne / en livraison;Plus de liens avec les producteurs (visites, témoignages…)"
"2025/05/26 11:56:23 PM UTC+3","Pays de la Loire","Tout à fait d’accord","Tout à fait d’accord","Plutôt d’accord","Plutôt d’accord","Tout à fait d’accord","Tout à fait d’accord","Tout à fait d’accord","Tout à fait d’accord","Ni d’accord ni pas d’accord (neutre)","Plutôt d’accord","Pas du tout d'accord","Tout à fait d’accord","Plutôt d’accord","Tout à fait d’accord","Plutôt d’accord","Plutôt d’accord","Tout à fait d’accord","Plutôt d’accord","Plutôt d’accord","Ni d’accord ni pas d’accord (neutre)","Plutôt d’accord","Plutôt d’accord","Plutôt d’accord","Tout à fait d’accord","Tout à fait d’accord","Tout à fait d’accord","Tout à fait d’accord","Plutôt pas d'accord","Ni d’accord ni pas d’accord (neutre)","Ni d’accord ni pas d’accord (neutre)","Plutôt d’accord","Plutôt d’accord","Plutôt d’accord","Ni d’accord ni pas d’accord (neutre)","Ni d’accord ni pas d’accord (neutre)","Plutôt d’accord","Plutôt d’accord","Pas du tout d'accord","Pas du tout d'accord","Plutôt d’accord","Ni d’accord ni pas d’accord (neutre)","Ni d’accord ni pas d’accord (neutre)","Plutôt d’accord","Plutôt d’accord","Plutôt d’accord","Ni d’accord ni pas d’accord (neutre)","Tout à fait d’accord","Tout à fait d’accord","C’est important, mais ce n’est pas toujours simple","Basés sur le goût;Basés sur le prix;Basés sur la proximité géographique;Basés sur l’impact environnemental","Soutenir les producteurs;Limiter son empreinte écologique","Un réflexe;Un effort","Le manque de temps","Meilleure signalétique des produits locaux;Plus d’offres en ligne / en livraison"
"2025/05/27 12:10:40 AM UTC+3","Grand Est","Plutôt pas d'accord","Pas du tout d'accord","Pas du tout d'accord","Pas du tout d'accord","Pas du tout d'accord","Pas du tout d'accord","Pas du tout d'accord","Pas du tout d'accord","Ni d’accord ni pas d’accord (neutre)","Plutôt pas d'accord","Plutôt pas d'accord","Plutôt d’accord","Pas du tout d'accord","Ni d’accord ni pas d’accord (neutre)","Plutôt d’accord","Plutôt pas d'accord","Plutôt d’accord","Plutôt d’accord","Plutôt d’accord","Plutôt d’accord","Tout à fait d’accord","Tout à fait d’accord","Tout à fait d’accord","Tout à fait d’accord","Plutôt d’accord","Ni d’accord ni pas d’accord (neutre)","Plutôt d’accord","Ni d’accord ni pas d’accord (neutre)","Ni d’accord ni pas d’accord (neutre)","Plutôt d’accord","Plutôt d’accord","Plutôt d’accord","Ni d’accord ni pas d’accord (neutre)","Plutôt d’accord","Plutôt d’accord","Plutôt d’accord","Plutôt d’accord","Pas du tout d'accord","Pas du tout d'accord","Pas du tout d'accord","Pas du tout d'accord","Pas du tout d'accord","Ni d’accord ni pas d’accord (neutre)","Tout à fait d’accord","Plutôt d’accord","Plutôt d’accord","Plutôt d’accord","Plutôt d’accord","C’est important, mais ce n’est pas toujours simple","Basés sur le prix;Basés sur la proximité géographique;Basés sur la qualité nutritionnelle","Soutenir les producteurs;Réduire les intermédiaires","Un réflexe","Le prix;Le manque d’offre proche","Meilleure signalétique des produits locaux;Plus d’événements ou d’animations sur l’alimentation locale"
"2025/05/27 12:29:24 AM UTC+3","Provence-Alpes-Côte d’Azur","Pas du tout d'accord","Pas du tout d'accord","Ni d’accord ni pas d’accord (neutre)","Plutôt pas d'accord","Pas du tout d'accord","Plutôt d’accord","Pas du tout d'accord","Pas du tout d'accord","Plutôt pas d'accord","Plutôt pas d'accord","Pas du tout d'accord","Pas du tout d'accord","Pas du tout d'accord","Pas du tout d'accord","Tout à fait d’accord","Pas du tout d'accord","Pas du tout d'accord","Plutôt pas d'accord","Pas du tout d'accord","Plutôt d’accord","Pas du tout d'accord","Ni d’accord ni pas d’accord (neutre)","Pas du tout d'accord","Pas du tout d'accord","Plutôt pas d'accord","Pas du tout d'accord","Pas du tout d'accord","Plutôt pas d'accord","Pas du tout d'accord","Pas du tout d'accord","Pas du tout d'accord","Pas du tout d'accord","Pas du tout d'accord","Pas du tout d'accord","Pas du tout d'accord","Plutôt pas d'accord","Tout à fait d’accord","Pas du tout d'accord","Pas du tout d'accord","Pas du tout d'accord","Pas du tout d'accord","Pas du tout d'accord","Pas du tout d'accord","Pas du tout d'accord","Plutôt d’accord","Plutôt d’accord","Pas du tout d'accord","Plutôt d’accord","J’y suis sensible, mais je n’agis pas beaucoup","Basés sur le goût;Basés sur le prix;Basés sur la proximité géographique;Basés sur la facilité d’accès","Manger plus sainement","Un effort;Un idéal inaccessible","Le prix;Le manque d’offre proche;Le manque de temps;Je ne sais pas où chercher","Meilleure signalétique des produits locaux;Aides financières (chèques alimentation, épiceries solidaires…);Plus d’événements ou d’animations sur l’alimentation locale;Plus d’offres en ligne / en livraison;Plus de liens avec les producteurs (visites, témoignages…)"
"2025/05/27 12:29:28 AM UTC+3","Bretagne","Plutôt d’accord","Tout à fait d’accord","Ni d’accord ni pas d’accord (neutre)","Plutôt d’accord","Ni d’accord ni pas d’accord (neutre)","Tout à fait d’accord","Tout à fait d’accord","Tout à fait d’accord","Pas du tout d'accord","Tout à fait d’accord","Pas du tout d'accord","Ni d’accord ni pas d’accord (neutre)","Ni d’accord ni pas d’accord (neutre)","Pas du tout d'accord","Plutôt pas d'accord","Pas du tout d'accord","Ni d’accord ni pas d’accord (neutre)","Tout à fait d’accord","Plutôt d’accord","Plutôt d’accord","Plutôt pas d'accord","Tout à fait d’accord","Ni d’accord ni pas d’accord (neutre)","Plutôt pas d'accord","Plutôt d’accord","Tout à fait d’accord","Tout à fait d’accord","Plutôt d’accord","Tout à fait d’accord","Tout à fait d’accord","Tout à fait d’accord","Tout à fait d’accord","Plutôt d’accord","Plutôt pas d'accord","Ni d’accord ni pas d’accord (neutre)","Plutôt d’accord","Tout à fait d’accord","Plutôt pas d'accord","Pas du tout d'accord","Plutôt pas d'accord","Pas du tout d'accord","Pas du tout d'accord","Ni d’accord ni pas d’accord (neutre)","Plutôt pas d'accord","Plutôt d’accord","Pas du tout d'accord","Pas du tout d'accord","Tout à fait d’accord","C’est important, mais ce n’est pas toujours simple","Basés sur le goût;Basés sur le prix;Basés sur la qualité nutritionnelle","Soutenir les producteurs;Limiter son empreinte écologique;Réduire les intermédiaires","Un réflexe","Le manque d’offre proche;Le manque d’information claire;Je ne sais pas où chercher","Meilleure signalétique des produits locaux;Plus d’événements ou d’animations sur l’alimentation locale;Plus de liens avec les producteurs (visites, témoignages…)"
"2025/05/27 12:29:56 AM UTC+3","Bretagne","Plutôt d’accord","Plutôt d’accord","Plutôt d’accord","Plutôt d’accord","Plutôt pas d'accord","Tout à fait d’accord","Tout à fait d’accord","Ni d’accord ni pas d’accord (neutre)","Pas du tout d'accord","Plutôt d’accord","Pas du tout d'accord","Plutôt d’accord","Plutôt d’accord","Plutôt pas d'accord","Plutôt d’accord","Plutôt pas d'accord","Plutôt d’accord","Tout à fait d’accord","Plutôt pas d'accord","Plutôt pas d'accord","Plutôt pas d'accord","Tout à fait d’accord","Plutôt d’accord","Plutôt pas d'accord","Tout à fait d’accord","Tout à fait d’accord","Tout à fait d’accord","Tout à fait d’accord","Tout à fait d’accord","Tout à fait d’accord","Plutôt d’accord","Plutôt d’accord","Plutôt pas d'accord","Plutôt pas d'accord","Plutôt pas d'accord","Plutôt d’accord","Tout à fait d’accord","Pas du tout d'accord","Pas du tout d'accord","Pas du tout d'accord","Pas du tout d'accord","Pas du tout d'accord","Tout à fait d’accord","Plutôt d’accord","Tout à fait d’accord","Tout à fait d’accord","Plutôt d’accord","Plutôt d’accord","C’est important, mais ce n’est pas toujours simple","Basés sur le prix;Basés sur la proximité géographique;Basés sur la qualité nutritionnelle;Basés sur l’impact environnemental","Soutenir les producteurs;Réduire les intermédiaires;Faire un acte politique","Un effort","Le prix;Le manque de temps;Le manque d’habitude","Meilleure signalétique des produits locaux;Aides financières (chèques alimentation, épiceries solidaires…)"
"2025/05/27 12:30:59 AM UTC+3","Provence-Alpes-Côte d’Azur","Pas du tout d'accord","Pas du tout d'accord","Ni d’accord ni pas d’accord (neutre)","Plutôt d’accord","Plutôt pas d'accord","Plutôt pas d'accord","Plutôt pas d'accord","Plutôt pas d'accord","Pas du tout d'accord","Ni d’accord ni pas d’accord (neutre)","Plutôt pas d'accord","Plutôt pas d'accord","Ni d’accord ni pas d’accord (neutre)","Plutôt pas d'accord","Plutôt pas d'accord","Pas du tout d'accord","Pas du tout d'accord","Plutôt d’accord","Tout à fait d’accord","Plutôt d’accord","Plutôt pas d'accord","Ni d’accord ni pas d’accord (neutre)","Ni d’accord ni pas d’accord (neutre)","Tout à fait d’accord","Plutôt d’accord","Plutôt d’accord","Plutôt d’accord","Plutôt pas d'accord","Plutôt pas d'accord","Plutôt d’accord","Plutôt d’accord","Plutôt pas d'accord","Plutôt pas d'accord","Pas du tout d'accord","Pas du tout d'accord","Pas du tout d'accord","Plutôt d’accord","Pas du tout d'accord","Plutôt d’accord","Plutôt d’accord","Plutôt d’accord","Ni d’accord ni pas d’accord (neutre)","Ni d’accord ni pas d’accord (neutre)","Plutôt pas d'accord","Plutôt d’accord","Plutôt d’accord","Plutôt d’accord","Ni d’accord ni pas d’accord (neutre)","Je m’y intéresse peu ou pas","Basés sur le prix","Soutenir les producteurs;Manger plus sainement;Limiter son empreinte écologique;S’ancrer dans un territoire;Réduire les intermédiaires","Un effort;Un idéal inaccessible;Une démarche que j’admire sans suivre","Le prix;Le manque d’offre proche;Le manque d’information claire;Le manque de temps;Le manque d’habitude;Je ne sais pas où chercher","Meilleure signalétique des produits locaux;Aides financières (chèques alimentation, épiceries solidaires…);Plus d’événements ou d’animations sur l’alimentation locale;Plus d’offres en ligne / en livraison;Plus de liens avec les producteurs (visites, témoignages…)"
"2025/05/27 12:39:33 AM UTC+3","Île-de-France","Plutôt d’accord","Plutôt d’accord","Ni d’accord ni pas d’accord (neutre)","Plutôt pas d'accord","Plutôt d’accord","Plutôt d’accord","Plutôt d’accord","Ni d’accord ni pas d’accord (neutre)","Plutôt pas d'accord","Ni d’accord ni pas d’accord (neutre)","Plutôt pas d'accord","Plutôt pas d'accord","Plutôt pas d'accord","Ni d’accord ni pas d’accord (neutre)","Ni d’accord ni pas d’accord (neutre)","Plutôt pas d'accord","Plutôt pas d'accord","Plutôt d’accord","Plutôt d’accord","Ni d’accord ni pas d’accord (neutre)","Ni d’accord ni pas d’accord (neutre)","Plutôt d’accord","Ni d’accord ni pas d’accord (neutre)","Plutôt pas d'accord","Plutôt d’accord","Plutôt d’accord","Plutôt d’accord","Plutôt d’accord","Plutôt d’accord","Plutôt d’accord","Plutôt d’accord","Ni d’accord ni pas d’accord (neutre)","Ni d’accord ni pas d’accord (neutre)","Plutôt pas d'accord","Ni d’accord ni pas d’accord (neutre)","Plutôt pas d'accord","Ni d’accord ni pas d’accord (neutre)","Plutôt pas d'accord","Plutôt pas d'accord","Plutôt pas d'accord","Plutôt pas d'accord","Plutôt pas d'accord","Ni d’accord ni pas d’accord (neutre)","Ni d’accord ni pas d’accord (neutre)","Plutôt d’accord","Plutôt d’accord","Plutôt d’accord","Tout à fait d’accord","C’est important, mais ce n’est pas toujours simple","Basés sur le prix;Basés sur l’impact environnemental","Manger plus sainement;Limiter son empreinte écologique;Réduire les intermédiaires","Un effort","Le prix;Le manque d’offre proche;Le manque d’information claire;Je ne sais pas où chercher","Meilleure signalétique des produits locaux;Aides financières (chèques alimentation, épiceries solidaires…)"
"2025/05/27 12:47:02 AM UTC+3","Provence-Alpes-Côte d’Azur","Plutôt d’accord","Pas du tout d'accord","Pas du tout d'accord","Plutôt pas d'accord","Plutôt d’accord","Plutôt pas d'accord","Plutôt pas d'accord","Pas du tout d'accord","Pas du tout d'accord","Plutôt d’accord","Pas du tout d'accord","Plutôt pas d'accord","Pas du tout d'accord","Plutôt d’accord","Plutôt pas d'accord","Pas du tout d'accord","Pas du tout d'accord","Pas du tout d'accord","Plutôt pas d'accord","Pas du tout d'accord","Plutôt pas d'accord","Plutôt d’accord","Plutôt d’accord","Pas du tout d'accord","Plutôt d’accord","Plutôt d’accord","Plutôt pas d'accord","Plutôt d’accord","Plutôt pas d'accord","Plutôt d’accord","Plutôt d’accord","Plutôt d’accord","Plutôt pas d'accord","Pas du tout d'accord","Pas du tout d'accord","Plutôt pas d'accord","Tout à fait d’accord","Pas du tout d'accord","Pas du tout d'accord","Plutôt d’accord","Pas du tout d'accord","Pas du tout d'accord","Plutôt d’accord","Plutôt pas d'accord","Tout à fait d’accord","Tout à fait d’accord","Tout à fait d’accord","Tout à fait d’accord","J’y suis sensible, mais je n’agis pas beaucoup","Basés sur le goût;Basés sur le prix;Basés sur la qualité nutritionnelle","Soutenir les producteurs;Manger plus sainement;Limiter son empreinte écologique","Un effort;Un idéal inaccessible;Une démarche que j’admire sans suivre","Le prix;Le manque d’offre proche;Je ne sais pas où chercher","Meilleure signalétique des produits locaux;Aides financières (chèques alimentation, épiceries solidaires…);Plus d’événements ou d’animations sur l’alimentation locale"
"2025/05/27 1:12:00 AM UTC+3","Normandie","Tout à fait d’accord","Tout à fait d’accord","Plutôt d’accord","Tout à fait d’accord","Tout à fait d’accord","Tout à fait d’accord","Tout à fait d’accord","Tout à fait d’accord","Plutôt d’accord","Tout à fait d’accord","Pas du tout d'accord","Plutôt d’accord","Tout à fait d’accord","Plutôt d’accord","Ni d’accord ni pas d’accord (neutre)","Plutôt d’accord","Tout à fait d’accord","Plutôt d’accord","Plutôt d’accord","Plutôt d’accord","Plutôt d’accord","Tout à fait d’accord","Tout à fait d’accord","Plutôt d’accord","Tout à fait d’accord","Tout à fait d’accord","Tout à fait d’accord","Plutôt d’accord","Plutôt d’accord","Plutôt d’accord","Tout à fait d’accord","Tout à fait d’accord","Plutôt d’accord","Plutôt d’accord","Plutôt d’accord","Tout à fait d’accord","Tout à fait d’accord","Plutôt d’accord","Plutôt pas d'accord","Plutôt d’accord","Tout à fait d’accord","Pas du tout d'accord","Tout à fait d’accord","Tout à fait d’accord","Plutôt d’accord","Tout à fait d’accord","Tout à fait d’accord","Tout à fait d’accord","C’est important, mais ce n’est pas toujours simple","Basés sur la qualité nutritionnelle","Soutenir les producteurs;Manger plus sainement;Réduire les intermédiaires","Un réflexe","Le prix","Meilleure signalétique des produits locaux;Aides financières (chèques alimentation, épiceries solidaires…)"
"2025/05/27 1:19:39 AM UTC+3","Grand Est","Plutôt d’accord","Plutôt pas d'accord","Plutôt pas d'accord","Ni d’accord ni pas d’accord (neutre)","Plutôt pas d'accord","Tout à fait d’accord","Plutôt d’accord","Plutôt pas d'accord","Tout à fait d’accord","Tout à fait d’accord","Tout à fait d’accord","Plutôt pas d'accord","Pas du tout d'accord","Plutôt d’accord","Plutôt pas d'accord","Plutôt pas d'accord","Ni d’accord ni pas d’accord (neutre)","Ni d’accord ni pas d’accord (neutre)","Plutôt pas d'accord","Pas du tout d'accord","Plutôt pas d'accord","Plutôt d’accord","Plutôt d’accord","Pas du tout d'accord","Tout à fait d’accord","Plutôt d’accord","Plutôt d’accord","Plutôt d’accord","Plutôt d’accord","Tout à fait d’accord","Ni d’accord ni pas d’accord (neutre)","Plutôt d’accord","Plutôt pas d'accord","Plutôt pas d'accord","Pas du tout d'accord","Plutôt pas d'accord","Plutôt d’accord","Pas du tout d'accord","Pas du tout d'accord","Tout à fait d’accord","Pas du tout d'accord","Tout à fait d’accord","Ni d’accord ni pas d’accord (neutre)","Ni d’accord ni pas d’accord (neutre)","Ni d’accord ni pas d’accord (neutre)","Pas du tout d'accord","Ni d’accord ni pas d’accord (neutre)","Plutôt d’accord","J’y suis sensible, mais je n’agis pas beaucoup","Basés sur le goût;Basés sur le prix;Basés sur la proximité géographique;Basés sur la qualité nutritionnelle;Basés sur l’impact environnemental;Basés sur la facilité d’accès","Soutenir les producteurs;Limiter son empreinte écologique;Réduire les intermédiaires","Un effort","Le prix;Le manque d’offre proche;Le manque d’information claire;Le manque d’habitude","Meilleure signalétique des produits locaux;Aides financières (chèques alimentation, épiceries solidaires…);Plus d’événements ou d’animations sur l’alimentation locale;Plus d’offres en ligne / en livraison;Plus de liens avec les producteurs (visites, témoignages…)"
"2025/05/27 1:48:36 AM UTC+3","Nouvelle-Aquitaine","Tout à fait d’accord","Tout à fait d’accord","Tout à fait d’accord","Tout à fait d’accord","Plutôt d’accord","Plutôt d’accord","Ni d’accord ni pas d’accord (neutre)","Tout à fait d’accord","Ni d’accord ni pas d’accord (neutre)","Plutôt d’accord","Pas du tout d'accord","Plutôt d’accord","Pas du tout d'accord","Plutôt d’accord","Plutôt pas d'accord","Tout à fait d’accord","Tout à fait d’accord","Tout à fait d’accord","Tout à fait d’accord","Tout à fait d’accord","Plutôt d’accord","Tout à fait d’accord","Tout à fait d’accord","Plutôt d’accord","Tout à fait d’accord","Plutôt d’accord","Plutôt d’accord","Plutôt d’accord","Plutôt d’accord","Tout à fait d’accord","Ni d’accord ni pas d’accord (neutre)","Ni d’accord ni pas d’accord (neutre)","Plutôt d’accord","Ni d’accord ni pas d’accord (neutre)","Tout à fait d’accord","Tout à fait d’accord","Tout à fait d’accord","Ni d’accord ni pas d’accord (neutre)","Tout à fait d’accord","Tout à fait d’accord","Tout à fait d’accord","Tout à fait d’accord","Plutôt d’accord","Plutôt d’accord","Plutôt d’accord","Pas du tout d'accord","Tout à fait d’accord","Tout à fait d’accord","C’est important, mais ce n’est pas toujours simple","Basés sur le goût;Basés sur la proximité géographique;Basés sur la facilité d’accès;Le plus possible francais","Soutenir les producteurs;Manger plus sainement;Limiter son empreinte écologique;Réduire les intermédiaires","Un réflexe","Le manque d’offre proche;Le manque d’information claire;Le manque de temps","Plus d’événements ou d’animations sur l’alimentation locale;Plus d’offres en ligne / en livraison;Plus de liens avec les producteurs (visites, témoignages…)"
"2025/05/27 3:15:22 AM UTC+3","Normandie","Plutôt d’accord","Plutôt d’accord","Plutôt d’accord","Tout à fait d’accord","Tout à fait d’accord","Tout à fait d’accord","Plutôt d’accord","Tout à fait d’accord","Ni d’accord ni pas d’accord (neutre)","Plutôt d’accord","Pas du tout d'accord","Plutôt pas d'accord","Plutôt d’accord","Plutôt d’accord","Pas du tout d'accord","Plutôt d’accord","Plutôt d’accord","Plutôt d’accord","Ni d’accord ni pas d’accord (neutre)","Ni d’accord ni pas d’accord (neutre)","Ni d’accord ni pas d’accord (neutre)","Plutôt d’accord","Ni d’accord ni pas d’accord (neutre)","Pas du tout d'accord","Tout à fait d’accord","Tout à fait d’accord","Tout à fait d’accord","Ni d’accord ni pas d’accord (neutre)","Ni d’accord ni pas d’accord (neutre)","Ni d’accord ni pas d’accord (neutre)","Ni d’accord ni pas d’accord (neutre)","Ni d’accord ni pas d’accord (neutre)","Plutôt d’accord","Ni d’accord ni pas d’accord (neutre)","Ni d’accord ni pas d’accord (neutre)","Ni d’accord ni pas d’accord (neutre)","Plutôt d’accord","Pas du tout d'accord","Pas du tout d'accord","Pas du tout d'accord","Pas du tout d'accord","Pas du tout d'accord","Ni d’accord ni pas d’accord (neutre)","Ni d’accord ni pas d’accord (neutre)","Plutôt d’accord","Pas du tout d'accord","Pas du tout d'accord","Pas du tout d'accord","C’est important, mais ce n’est pas toujours simple","Basés sur le goût;Basés sur la qualité nutritionnelle","Soutenir les producteurs","Un réflexe","Le manque d’offre proche","Meilleure signalétique des produits locaux;Plus d’événements ou d’animations sur l’alimentation locale"
"2025/05/27 4:34:04 AM UTC+3","Grand Est","Ni d’accord ni pas d’accord (neutre)","Plutôt d’accord","Pas du tout d'accord","Plutôt pas d'accord","Ni d’accord ni pas d’accord (neutre)","Plutôt pas d'accord","Ni d’accord ni pas d’accord (neutre)","Tout à fait d’accord","Ni d’accord ni pas d’accord (neutre)","Ni d’accord ni pas d’accord (neutre)","Pas du tout d'accord","Tout à fait d’accord","Ni d’accord ni pas d’accord (neutre)","Tout à fait d’accord","Tout à fait d’accord","Ni d’accord ni pas d’accord (neutre)","Plutôt d’accord","Pas du tout d'accord","Ni d’accord ni pas d’accord (neutre)","Ni d’accord ni pas d’accord (neutre)","Ni d’accord ni pas d’accord (neutre)","Plutôt d’accord","Plutôt d’accord","Plutôt d’accord","Plutôt d’accord","Ni d’accord ni pas d’accord (neutre)","Plutôt pas d'accord","Plutôt pas d'accord","Plutôt pas d'accord","Ni d’accord ni pas d’accord (neutre)","Plutôt pas d'accord","Tout à fait d’accord","Tout à fait d’accord","Ni d’accord ni pas d’accord (neutre)","Pas du tout d'accord","Tout à fait d’accord","Tout à fait d’accord","Pas du tout d'accord","Pas du tout d'accord","Pas du tout d'accord","Pas du tout d'accord","Pas du tout d'accord","Ni d’accord ni pas d’accord (neutre)","Ni d’accord ni pas d’accord (neutre)","Ni d’accord ni pas d’accord (neutre)","Ni d’accord ni pas d’accord (neutre)","Ni d’accord ni pas d’accord (neutre)","Plutôt d’accord","J’y suis sensible, mais je n’agis pas beaucoup","Basés sur le goût;Basés sur le prix","Soutenir les producteurs;Manger plus sainement;Réduire les intermédiaires","Une démarche que j’admire sans suivre","Le manque d’habitude","Meilleure signalétique des produits locaux"
"2025/05/27 4:42:51 AM UTC+3","Bretagne","Ni d’accord ni pas d’accord (neutre)","Ni d’accord ni pas d’accord (neutre)","Ni d’accord ni pas d’accord (neutre)","Plutôt pas d'accord","Ni d’accord ni pas d’accord (neutre)","Ni d’accord ni pas d’accord (neutre)","Ni d’accord ni pas d’accord (neutre)","Ni d’accord ni pas d’accord (neutre)","Plutôt pas d'accord","Ni d’accord ni pas d’accord (neutre)","Plutôt pas d'accord","Ni d’accord ni pas d’accord (neutre)","Plutôt pas d'accord","Ni d’accord ni pas d’accord (neutre)","Plutôt pas d'accord","Plutôt pas d'accord","Plutôt pas d'accord","Plutôt pas d'accord","Plutôt pas d'accord","Plutôt pas d'accord","Plutôt pas d'accord","Ni d’accord ni pas d’accord (neutre)","Plutôt pas d'accord","Plutôt pas d'accord","Plutôt pas d'accord","Ni d’accord ni pas d’accord (neutre)","Plutôt pas d'accord","Plutôt pas d'accord","Plutôt pas d'accord","Ni d’accord ni pas d’accord (neutre)","Plutôt pas d'accord","Ni d’accord ni pas d’accord (neutre)","Ni d’accord ni pas d’accord (neutre)","Plutôt pas d'accord","Plutôt pas d'accord","Plutôt pas d'accord","Plutôt pas d'accord","Plutôt pas d'accord","Plutôt pas d'accord","Plutôt pas d'accord","Plutôt pas d'accord","Plutôt pas d'accord","Plutôt pas d'accord","Plutôt pas d'accord","Plutôt d’accord","Ni d’accord ni pas d’accord (neutre)","Ni d’accord ni pas d’accord (neutre)","Plutôt d’accord","J’y suis sensible, mais je n’agis pas beaucoup","Basés sur le prix","Soutenir les producteurs;Manger plus sainement;Limiter son empreinte écologique;Réduire les intermédiaires","Un effort;Un idéal inaccessible","Le prix;Le manque d’information claire;Le manque d’habitude;Je ne sais pas où chercher","Meilleure signalétique des produits locaux;Plus de liens avec les producteurs (visites, témoignages…)"
"2025/05/27 7:44:14 AM UTC+3","Bretagne","Ni d’accord ni pas d’accord (neutre)","Plutôt d’accord","Plutôt d’accord","Ni d’accord ni pas d’accord (neutre)","Plutôt pas d'accord","Plutôt pas d'accord","Plutôt pas d'accord","Plutôt pas d'accord","Plutôt pas d'accord","Plutôt pas d'accord","Plutôt pas d'accord","Plutôt pas d'accord","Plutôt pas d'accord","Plutôt d’accord","Tout à fait d’accord","Plutôt d’accord","Plutôt pas d'accord","Plutôt d’accord","Plutôt d’accord","Ni d’accord ni pas d’accord (neutre)","Plutôt d’accord","Plutôt d’accord","Plutôt d’accord","Pas du tout d'accord","Plutôt pas d'accord","Plutôt pas d'accord","Plutôt pas d'accord","Plutôt pas d'accord","Plutôt pas d'accord","Plutôt pas d'accord","Plutôt pas d'accord","Plutôt pas d'accord","Plutôt pas d'accord","Plutôt pas d'accord","Plutôt pas d'accord","Plutôt pas d'accord","Tout à fait d’accord","Plutôt pas d'accord","Plutôt pas d'accord","Plutôt pas d'accord","Ni d’accord ni pas d’accord (neutre)","Plutôt pas d'accord","Plutôt pas d'accord","Plutôt pas d'accord","Tout à fait d’accord","Plutôt pas d'accord","Plutôt pas d'accord","Tout à fait d’accord","J’y suis sensible, mais je n’agis pas beaucoup","Basés sur le goût;Basés sur le prix;Basés sur la qualité nutritionnelle;Basés sur la facilité d’accès","Soutenir les producteurs;Manger plus sainement;Limiter son empreinte écologique","Un effort","Le prix;Le manque d’offre proche;Le manque d’information claire;Le manque de temps;Je ne sais pas où chercher","Meilleure signalétique des produits locaux;Plus d’événements ou d’animations sur l’alimentation locale;Plus d’offres en ligne / en livraison;Plus de liens avec les producteurs (visites, témoignages…)"
"2025/05/27 8:32:17 AM UTC+3","Hauts-de-France","Plutôt d’accord","Ni d’accord ni pas d’accord (neutre)","Tout à fait d’accord","Tout à fait d’accord","Tout à fait d’accord","Tout à fait d’accord","Ni d’accord ni pas d’accord (neutre)","Tout à fait d’accord","Tout à fait d’accord","Tout à fait d’accord","Tout à fait d’accord","Plutôt d’accord","Tout à fait d’accord","Plutôt d’accord","Plutôt d’accord","Plutôt d’accord","Plutôt d’accord","Ni d’accord ni pas d’accord (neutre)","Tout à fait d’accord","Tout à fait d’accord","Tout à fait d’accord","Tout à fait d’accord","Plutôt d’accord","Plutôt d’accord","Plutôt d’accord","Tout à fait d’accord","Tout à fait d’accord","Plutôt d’accord","Plutôt d’accord","Plutôt d’accord","Tout à fait d’accord","Tout à fait d’accord","Plutôt d’accord","Plutôt d’accord","Plutôt d’accord","Plutôt d’accord","Ni d’accord ni pas d’accord (neutre)","Plutôt d’accord","Plutôt d’accord","Tout à fait d’accord","Ni d’accord ni pas d’accord (neutre)","Plutôt d’accord","Tout à fait d’accord","Plutôt d’accord","Plutôt d’accord","Plutôt d’accord","Plutôt d’accord","Plutôt d’accord","C’est important, mais ce n’est pas toujours simple","Basés sur la proximité géographique;Basés sur l’impact environnemental","Soutenir les producteurs;Limiter son empreinte écologique;S’ancrer dans un territoire;Réduire les intermédiaires","Un réflexe","Aucun obstacle particulier","Meilleure signalétique des produits locaux"
"2025/05/27 9:04:01 AM UTC+3","Bretagne","Plutôt pas d'accord","Pas du tout d'accord","Tout à fait d’accord","Tout à fait d’accord","Ni d’accord ni pas d’accord (neutre)","Plutôt d’accord","Tout à fait d’accord","Tout à fait d’accord","Ni d’accord ni pas d’accord (neutre)","Ni d’accord ni pas d’accord (neutre)","Pas du tout d'accord","Pas du tout d'accord","Pas du tout d'accord","Pas du tout d'accord","Plutôt pas d'accord","Pas du tout d'accord","Pas du tout d'accord","Tout à fait d’accord","Plutôt d’accord","Tout à fait d’accord","Ni d’accord ni pas d’accord (neutre)","Tout à fait d’accord","Ni d’accord ni pas d’accord (neutre)","Plutôt d’accord","Plutôt d’accord","Tout à fait d’accord","Plutôt d’accord","Ni d’accord ni pas d’accord (neutre)","Plutôt pas d'accord","Tout à fait d’accord","Plutôt d’accord","Ni d’accord ni pas d’accord (neutre)","Ni d’accord ni pas d’accord (neutre)","Ni d’accord ni pas d’accord (neutre)","Ni d’accord ni pas d’accord (neutre)","Ni d’accord ni pas d’accord (neutre)","Ni d’accord ni pas d’accord (neutre)","Ni d’accord ni pas d’accord (neutre)","Ni d’accord ni pas d’accord (neutre)","Ni d’accord ni pas d’accord (neutre)","Ni d’accord ni pas d’accord (neutre)","Pas du tout d'accord","Ni d’accord ni pas d’accord (neutre)","Plutôt d’accord","Ni d’accord ni pas d’accord (neutre)","Tout à fait d’accord","Ni d’accord ni pas d’accord (neutre)","Plutôt d’accord","J’y suis sensible, mais je n’agis pas beaucoup","Basés sur le prix;Basés sur la proximité géographique","Manger plus sainement;S’ancrer dans un territoire","Un idéal inaccessible;Une contrainte","Le manque d’offre proche;Le manque de temps","Aides financières (chèques alimentation, épiceries solidaires…);Plus de liens avec les producteurs (visites, témoignages…)"
"2025/05/27 9:25:47 AM UTC+3","Occitanie","Tout à fait d’accord","Tout à fait d’accord","Plutôt d’accord","Plutôt pas d'accord","Plutôt pas d'accord","Tout à fait d’accord","Plutôt d’accord","Plutôt pas d'accord","Pas du tout d'accord","Pas du tout d'accord","Pas du tout d'accord","Pas du tout d'accord","Tout à fait d’accord","Pas du tout d'accord","Pas du tout d'accord","Pas du tout d'accord","Pas du tout d'accord","Plutôt pas d'accord","Ni d’accord ni pas d’accord (neutre)","Pas du tout d'accord","Pas du tout d'accord","Tout à fait d’accord","Tout à fait d’accord","Pas du tout d'accord","Tout à fait d’accord","Plutôt d’accord","Plutôt d’accord","Pas du tout d'accord","Plutôt d’accord","Ni d’accord ni pas d’accord (neutre)","Plutôt pas d'accord","Tout à fait d’accord","Plutôt pas d'accord","Plutôt pas d'accord","Pas du tout d'accord","Ni d’accord ni pas d’accord (neutre)","Ni d’accord ni pas d’accord (neutre)","Pas du tout d'accord","Pas du tout d'accord","Pas du tout d'accord","Pas du tout d'accord","Pas du tout d'accord","Ni d’accord ni pas d’accord (neutre)","Plutôt d’accord","Ni d’accord ni pas d’accord (neutre)","Pas du tout d'accord","Ni d’accord ni pas d’accord (neutre)","Tout à fait d’accord","J’y suis sensible, mais je n’agis pas beaucoup","Basés sur la proximité géographique;Basés sur la facilité d’accès","Soutenir les producteurs;Limiter son empreinte écologique;S’ancrer dans un territoire","Un effort","Le manque de temps","Plus d’offres en ligne / en livraison"
"2025/05/27 9:28:21 AM UTC+3","Pays de la Loire","Plutôt d’accord","Plutôt d’accord","Tout à fait d’accord","Tout à fait d’accord","Tout à fait d’accord","Tout à fait d’accord","Plutôt d’accord","Tout à fait d’accord","Plutôt d’accord","Plutôt d’accord","Plutôt d’accord","Tout à fait d’accord","Plutôt d’accord","Tout à fait d’accord","Plutôt d’accord","Plutôt d’accord","Plutôt d’accord","Plutôt d’accord","Plutôt pas d'accord","Plutôt pas d'accord","Plutôt d’accord","Tout à fait d’accord","Tout à fait d’accord","Tout à fait d’accord","Plutôt d’accord","Plutôt d’accord","Tout à fait d’accord","Plutôt pas d'accord","Tout à fait d’accord","Tout à fait d’accord","Plutôt d’accord","Tout à fait d’accord","Plutôt pas d'accord","Plutôt pas d'accord","Plutôt d’accord","Tout à fait d’accord","Plutôt d’accord","Plutôt pas d'accord","Pas du tout d'accord","Pas du tout d'accord","Plutôt d’accord","Pas du tout d'accord","Tout à fait d’accord","Tout à fait d’accord","Tout à fait d’accord","Pas du tout d'accord","Ni d’accord ni pas d’accord (neutre)","Tout à fait d’accord","C’est important, mais ce n’est pas toujours simple","Basés sur le goût;Basés sur le prix;Basés sur la proximité géographique;Basés sur l’impact environnemental","Soutenir les producteurs;Limiter son empreinte écologique;S’ancrer dans un territoire;Réduire les intermédiaires;Faire un acte politique","Un effort","Le prix;Le manque de temps","Aides financières (chèques alimentation, épiceries solidaires…);Plus d’offres en ligne / en livraison"
"2025/05/27 9:29:20 AM UTC+3","Grand Est","Plutôt pas d'accord","Plutôt pas d'accord","Plutôt pas d'accord","Plutôt pas d'accord","Plutôt pas d'accord","Plutôt pas d'accord","Ni d’accord ni pas d’accord (neutre)","Plutôt pas d'accord","Ni d’accord ni pas d’accord (neutre)","Plutôt pas d'accord","Ni d’accord ni pas d’accord (neutre)","Ni d’accord ni pas d’accord (neutre)","Ni d’accord ni pas d’accord (neutre)","Plutôt pas d'accord","Ni d’accord ni pas d’accord (neutre)","Ni d’accord ni pas d’accord (neutre)","Plutôt pas d'accord","Plutôt pas d'accord","Plutôt pas d'accord","Ni d’accord ni pas d’accord (neutre)","Ni d’accord ni pas d’accord (neutre)","Plutôt pas d'accord","Plutôt pas d'accord","Plutôt pas d'accord","Plutôt pas d'accord","Plutôt pas d'accord","Plutôt pas d'accord","Pas du tout d'accord","Plutôt pas d'accord","Plutôt pas d'accord","Plutôt pas d'accord","Plutôt pas d'accord","Ni d’accord ni pas d’accord (neutre)","Ni d’accord ni pas d’accord (neutre)","Ni d’accord ni pas d’accord (neutre)","Plutôt pas d'accord","Ni d’accord ni pas d’accord (neutre)","Pas du tout d'accord","Pas du tout d'accord","Ni d’accord ni pas d’accord (neutre)","Plutôt pas d'accord","Pas du tout d'accord","Plutôt pas d'accord","Plutôt pas d'accord","Plutôt pas d'accord","Ni d’accord ni pas d’accord (neutre)","Ni d’accord ni pas d’accord (neutre)","Ni d’accord ni pas d’accord (neutre)","C’est important, mais ce n’est pas toujours simple","Basés sur le prix;Basés sur la proximité géographique;Basés sur la facilité d’accès","Soutenir les producteurs;Réduire les intermédiaires","Un réflexe","Le manque d’offre proche","Meilleure signalétique des produits locaux"
"2025/05/27 9:36:51 AM UTC+3","Provence-Alpes-Côte d’Azur","Plutôt pas d'accord","Ni d’accord ni pas d’accord (neutre)","Plutôt d’accord","Plutôt pas d'accord","Ni d’accord ni pas d’accord (neutre)","Plutôt d’accord","Plutôt d’accord","Ni d’accord ni pas d’accord (neutre)","Plutôt pas d'accord","Ni d’accord ni pas d’accord (neutre)","Pas du tout d'accord","Plutôt pas d'accord","Plutôt pas d'accord","Plutôt pas d'accord","Plutôt pas d'accord","Plutôt pas d'accord","Plutôt d’accord","Ni d’accord ni pas d’accord (neutre)","Plutôt pas d'accord","Plutôt pas d'accord","Ni d’accord ni pas d’accord (neutre)","Plutôt pas d'accord","Plutôt pas d'accord","Ni d’accord ni pas d’accord (neutre)","Plutôt d’accord","Plutôt d’accord","Plutôt d’accord","Plutôt d’accord","Plutôt d’accord","Plutôt d’accord","Plutôt d’accord","Tout à fait d’accord","Plutôt pas d'accord","Plutôt pas d'accord","Plutôt pas d'accord","Ni d’accord ni pas d’accord (neutre)","Plutôt d’accord","Pas du tout d'accord","Plutôt pas d'accord","Plutôt pas d'accord","Plutôt pas d'accord","Plutôt pas d'accord","Plutôt d’accord","Plutôt pas d'accord","Plutôt d’accord","Ni d’accord ni pas d’accord (neutre)","Ni d’accord ni pas d’accord (neutre)","Plutôt d’accord","J’y suis sensible, mais je n’agis pas beaucoup","Basés sur le prix;Basés sur la qualité nutritionnelle;Basés sur l’impact environnemental;Basés sur la facilité d’accès","Soutenir les producteurs;Manger plus sainement;Limiter son empreinte écologique","Un effort;Un idéal inaccessible","Le prix;Je ne sais pas où chercher","Aides financières (chèques alimentation, épiceries solidaires…);Plus de liens avec les producteurs (visites, témoignages…)"
"2025/05/27 9:50:53 AM UTC+3","Bretagne","Tout à fait d’accord","Tout à fait d’accord","Plutôt d’accord","Plutôt pas d'accord","Ni d’accord ni pas d’accord (neutre)","Tout à fait d’accord","Ni d’accord ni pas d’accord (neutre)","Tout à fait d’accord","Ni d’accord ni pas d’accord (neutre)","Plutôt d’accord","Pas du tout d'accord","Ni d’accord ni pas d’accord (neutre)","Tout à fait d’accord","Ni d’accord ni pas d’accord (neutre)","Ni d’accord ni pas d’accord (neutre)","Tout à fait d’accord","Plutôt d’accord","Ni d’accord ni pas d’accord (neutre)","Ni d’accord ni pas d’accord (neutre)","Plutôt pas d'accord","Ni d’accord ni pas d’accord (neutre)","Plutôt d’accord","Ni d’accord ni pas d’accord (neutre)","Pas du tout d'accord","Plutôt d’accord","Plutôt d’accord","Tout à fait d’accord","Pas du tout d'accord","Plutôt pas d'accord","Ni d’accord ni pas d’accord (neutre)","Pas du tout d'accord","Pas du tout d'accord","Ni d’accord ni pas d’accord (neutre)","Ni d’accord ni pas d’accord (neutre)","Plutôt pas d'accord","Plutôt d’accord","Plutôt d’accord","Ni d’accord ni pas d’accord (neutre)","Pas du tout d'accord","Plutôt d’accord","Pas du tout d'accord","Pas du tout d'accord","Ni d’accord ni pas d’accord (neutre)","Ni d’accord ni pas d’accord (neutre)","Plutôt d’accord","Plutôt d’accord","Plutôt d’accord","Plutôt d’accord","J’y suis sensible, mais je n’agis pas beaucoup","Basés sur le goût;Basés sur la facilité d’accès","Soutenir les producteurs;Manger plus sainement","Un idéal inaccessible;Une démarche que j’admire sans suivre","Le manque d’habitude;Je ne sais pas où chercher","Plus d’événements ou d’animations sur l’alimentation locale"
"2025/05/27 9:56:50 AM UTC+3","Provence-Alpes-Côte d’Azur","Pas du tout d'accord","Pas du tout d'accord","Plutôt pas d'accord","Plutôt d’accord","Pas du tout d'accord","Plutôt d’accord","Pas du tout d'accord","Pas du tout d'accord","Pas du tout d'accord","Pas du tout d'accord","Pas du tout d'accord","Pas du tout d'accord","Pas du tout d'accord","Pas du tout d'accord","Pas du tout d'accord","Pas du tout d'accord","Pas du tout d'accord","Pas du tout d'accord","Pas du tout d'accord","Pas du tout d'accord","Pas du tout d'accord","Plutôt pas d'accord","Pas du tout d'accord","Pas du tout d'accord","Ni d’accord ni pas d’accord (neutre)","Plutôt d’accord","Plutôt d’accord","Pas du tout d'accord","Pas du tout d'accord","Pas du tout d'accord","Pas du tout d'accord","Pas du tout d'accord","Pas du tout d'accord","Pas du tout d'accord","Pas du tout d'accord","Pas du tout d'accord","Plutôt d’accord","Pas du tout d'accord","Pas du tout d'accord","Tout à fait d’accord","Pas du tout d'accord","Pas du tout d'accord","Pas du tout d'accord","Pas du tout d'accord","Pas du tout d'accord","Pas du tout d'accord","Pas du tout d'accord","Pas du tout d'accord","J’y suis sensible, mais je n’agis pas beaucoup","Basés sur le goût;Basés sur le prix","Soutenir les producteurs;Manger plus sainement;S’ancrer dans un territoire","Un effort;Un idéal inaccessible","Le prix;Le manque d’offre proche;Le manque de temps;Le manque d’habitude;Je ne sais pas où chercher","Meilleure signalétique des produits locaux;Plus d’événements ou d’animations sur l’alimentation locale"
"2025/05/27 10:12:30 AM UTC+3","Pays de la Loire","Pas du tout d'accord","Plutôt pas d'accord","Tout à fait d’accord","Plutôt d’accord","Plutôt pas d'accord","Plutôt pas d'accord","Plutôt d’accord","Plutôt d’accord","Pas du tout d'accord","Plutôt d’accord","Pas du tout d'accord","Pas du tout d'accord","Plutôt pas d'accord","Pas du tout d'accord","Pas du tout d'accord","Pas du tout d'accord","Pas du tout d'accord","Plutôt d’accord","Plutôt pas d'accord","Pas du tout d'accord","Plutôt pas d'accord","Plutôt pas d'accord","Plutôt pas d'accord","Plutôt pas d'accord","Plutôt d’accord","Plutôt d’accord","Plutôt pas d'accord","Plutôt pas d'accord","Plutôt d’accord","Plutôt pas d'accord","Plutôt pas d'accord","Plutôt d’accord","Pas du tout d'accord","Plutôt pas d'accord","Pas du tout d'accord","Plutôt pas d'accord","Tout à fait d’accord","Pas du tout d'accord","Plutôt d’accord","Pas du tout d'accord","Plutôt d’accord","Pas du tout d'accord","Plutôt d’accord","Pas du tout d'accord","Tout à fait d’accord","Plutôt d’accord","Plutôt d’accord","Tout à fait d’accord","J’y suis sensible, mais je n’agis pas beaucoup","Basés sur le prix;Basés sur la proximité géographique;Basés sur la qualité nutritionnelle;Basés sur l’impact environnemental","Soutenir les producteurs;Limiter son empreinte écologique;S’ancrer dans un territoire;Réduire les intermédiaires;Faire un acte politique","Un idéal inaccessible;Une contrainte;Une démarche que j’admire sans suivre","Le prix;Le manque d’information claire;Le manque de temps","Aides financières (chèques alimentation, épiceries solidaires…)"
"2025/05/27 10:39:25 AM UTC+3","Pays de la Loire","Ni d’accord ni pas d’accord (neutre)","Ni d’accord ni pas d’accord (neutre)","Ni d’accord ni pas d’accord (neutre)","Ni d’accord ni pas d’accord (neutre)","Plutôt d’accord","Ni d’accord ni pas d’accord (neutre)","Tout à fait d’accord","Tout à fait d’accord","Plutôt pas d'accord","Plutôt pas d'accord","Pas du tout d'accord","Plutôt pas d'accord","Tout à fait d’accord","Plutôt d’accord","Plutôt d’accord","Pas du tout d'accord","Plutôt pas d'accord","Plutôt pas d'accord","Plutôt pas d'accord","Plutôt pas d'accord","Plutôt pas d'accord","Plutôt pas d'accord","Ni d’accord ni pas d’accord (neutre)","Pas du tout d'accord","Plutôt d’accord","Plutôt d’accord","Plutôt d’accord","Plutôt d’accord","Ni d’accord ni pas d’accord (neutre)","Plutôt d’accord","Ni d’accord ni pas d’accord (neutre)","Ni d’accord ni pas d’accord (neutre)","Plutôt pas d'accord","Ni d’accord ni pas d’accord (neutre)","Ni d’accord ni pas d’accord (neutre)","Ni d’accord ni pas d’accord (neutre)","Tout à fait d’accord","Pas du tout d'accord","Pas du tout d'accord","Pas du tout d'accord","Pas du tout d'accord","Pas du tout d'accord","Pas du tout d'accord","Pas du tout d'accord","Tout à fait d’accord","Ni d’accord ni pas d’accord (neutre)","Ni d’accord ni pas d’accord (neutre)","Tout à fait d’accord","J’y suis sensible, mais je n’agis pas beaucoup","Basés sur le prix","Soutenir les producteurs;Manger plus sainement;Faire un acte politique","Un idéal inaccessible","Le prix","Aides financières (chèques alimentation, épiceries solidaires…)"
"2025/05/27 10:39:41 AM UTC+3","Normandie","Pas du tout d'accord","Plutôt pas d'accord","Ni d’accord ni pas d’accord (neutre)","Plutôt d’accord","Pas du tout d'accord","Plutôt pas d'accord","Pas du tout d'accord","Pas du tout d'accord","Pas du tout d'accord","Pas du tout d'accord","Pas du tout d'accord","Pas du tout d'accord","Pas du tout d'accord","Plutôt pas d'accord","Pas du tout d'accord","Ni d’accord ni pas d’accord (neutre)","Tout à fait d’accord","Ni d’accord ni pas d’accord (neutre)","Pas du tout d'accord","Plutôt d’accord","Pas du tout d'accord","Pas du tout d'accord","Pas du tout d'accord","Pas du tout d'accord","Ni d’accord ni pas d’accord (neutre)","Ni d’accord ni pas d’accord (neutre)","Plutôt pas d'accord","Pas du tout d'accord","Pas du tout d'accord","Plutôt pas d'accord","Pas du tout d'accord","Plutôt pas d'accord","Plutôt pas d'accord","Pas du tout d'accord","Pas du tout d'accord","Tout à fait d’accord","Tout à fait d’accord","Pas du tout d'accord","Pas du tout d'accord","Pas du tout d'accord","Pas du tout d'accord","Pas du tout d'accord","Pas du tout d'accord","Pas du tout d'accord","Ni d’accord ni pas d’accord (neutre)","Pas du tout d'accord","Pas du tout d'accord","Ni d’accord ni pas d’accord (neutre)","J’y suis sensible, mais je n’agis pas beaucoup","Basés sur la qualité nutritionnelle;Basés sur la facilité d’accès","Manger plus sainement","Un effort;Un idéal inaccessible;Une contrainte;Une démarche que j’admire sans suivre","Le prix;Le manque d’offre proche;Le manque de temps;Le manque d’habitude;Je ne sais pas où chercher","Aides financières (chèques alimentation, épiceries solidaires…);Plus d’événements ou d’animations sur l’alimentation locale;Plus d’offres en ligne / en livraison;Plus de liens avec les producteurs (visites, témoignages…)"
"2025/05/27 10:40:17 AM UTC+3","Île-de-France","Plutôt d’accord","Ni d’accord ni pas d’accord (neutre)","Plutôt d’accord","Pas du tout d'accord","Pas du tout d'accord","Plutôt d’accord","Plutôt pas d'accord","Plutôt d’accord","Pas du tout d'accord","Pas du tout d'accord","Pas du tout d'accord","Plutôt pas d'accord","Ni d’accord ni pas d’accord (neutre)","Ni d’accord ni pas d’accord (neutre)","Pas du tout d'accord","Pas du tout d'accord","Plutôt d’accord","Tout à fait d’accord","Plutôt pas d'accord","Plutôt d’accord","Plutôt pas d'accord","Plutôt d’accord","Pas du tout d'accord","Pas du tout d'accord","Plutôt d’accord","Tout à fait d’accord","Tout à fait d’accord","Tout à fait d’accord","Plutôt d’accord","Ni d’accord ni pas d’accord (neutre)","Ni d’accord ni pas d’accord (neutre)","Ni d’accord ni pas d’accord (neutre)","Plutôt d’accord","Plutôt pas d'accord","Ni d’accord ni pas d’accord (neutre)","Pas du tout d'accord","Plutôt pas d'accord","Plutôt pas d'accord","Pas du tout d'accord","Ni d’accord ni pas d’accord (neutre)","Pas du tout d'accord","Pas du tout d'accord","Plutôt d’accord","Plutôt pas d'accord","Tout à fait d’accord","Ni d’accord ni pas d’accord (neutre)","Plutôt d’accord","Tout à fait d’accord","J’y suis sensible, mais je n’agis pas beaucoup","Basés sur le goût;Basés sur la qualité nutritionnelle;Basés sur l’impact environnemental","Soutenir les producteurs;Limiter son empreinte écologique;Aucun de ces éléments ne me motive","Un effort;Une démarche que j’admire sans suivre","Le manque d’information claire;Le manque de temps;Le manque d’habitude","Meilleure signalétique des produits locaux;Plus d’événements ou d’animations sur l’alimentation locale;Plus d’offres en ligne / en livraison;Plus de liens avec les producteurs (visites, témoignages…)"
"2025/05/27 10:45:11 AM UTC+3","Normandie","Ni d’accord ni pas d’accord (neutre)","Plutôt d’accord","Ni d’accord ni pas d’accord (neutre)","Ni d’accord ni pas d’accord (neutre)","Ni d’accord ni pas d’accord (neutre)","Plutôt d’accord","Plutôt d’accord","Plutôt d’accord","Plutôt pas d'accord","Plutôt d’accord","Ni d’accord ni pas d’accord (neutre)","Ni d’accord ni pas d’accord (neutre)","Plutôt pas d'accord","Plutôt d’accord","Plutôt d’accord","Ni d’accord ni pas d’accord (neutre)","Ni d’accord ni pas d’accord (neutre)","Plutôt d’accord","Ni d’accord ni pas d’accord (neutre)","Plutôt pas d'accord","Ni d’accord ni pas d’accord (neutre)","Plutôt d’accord","Plutôt d’accord","Ni d’accord ni pas d’accord (neutre)","Plutôt d’accord","Plutôt d’accord","Plutôt d’accord","Plutôt d’accord","Ni d’accord ni pas d’accord (neutre)","Ni d’accord ni pas d’accord (neutre)","Ni d’accord ni pas d’accord (neutre)","Ni d’accord ni pas d’accord (neutre)","Ni d’accord ni pas d’accord (neutre)","Ni d’accord ni pas d’accord (neutre)","Ni d’accord ni pas d’accord (neutre)","Plutôt pas d'accord","Ni d’accord ni pas d’accord (neutre)","Plutôt pas d'accord","Pas du tout d'accord","Plutôt pas d'accord","Ni d’accord ni pas d’accord (neutre)","Ni d’accord ni pas d’accord (neutre)","Ni d’accord ni pas d’accord (neutre)","Ni d’accord ni pas d’accord (neutre)","Ni d’accord ni pas d’accord (neutre)","Ni d’accord ni pas d’accord (neutre)","Ni d’accord ni pas d’accord (neutre)","Plutôt d’accord","J’y suis sensible, mais je n’agis pas beaucoup","Basés sur le goût;Basés sur la proximité géographique;Basés sur l’impact environnemental","Soutenir les producteurs;Manger plus sainement;Limiter son empreinte écologique;Réduire les intermédiaires","Un idéal inaccessible;Une démarche que j’admire sans suivre","Le prix;Le manque d’offre proche;Le manque d’information claire","Meilleure signalétique des produits locaux;Plus d’événements ou d’animations sur l’alimentation locale;Plus de liens avec les producteurs (visites, témoignages…)"
"2025/05/27 10:56:03 AM UTC+3","Hauts-de-France","Plutôt d’accord","Plutôt d’accord","Plutôt d’accord","Ni d’accord ni pas d’accord (neutre)","Tout à fait d’accord","Tout à fait d’accord","Tout à fait d’accord","Tout à fait d’accord","Plutôt pas d'accord","Plutôt d’accord","Plutôt pas d'accord","Ni d’accord ni pas d’accord (neutre)","Plutôt pas d'accord","Plutôt d’accord","Plutôt d’accord","Plutôt pas d'accord","Plutôt d’accord","Plutôt d’accord","Plutôt pas d'accord","Plutôt pas d'accord","Ni d’accord ni pas d’accord (neutre)","Plutôt d’accord","Plutôt d’accord","Plutôt pas d'accord","Tout à fait d’accord","Tout à fait d’accord","Tout à fait d’accord","Plutôt d’accord","Plutôt d’accord","Plutôt d’accord","Ni d’accord ni pas d’accord (neutre)","Tout à fait d’accord","Plutôt d’accord","Ni d’accord ni pas d’accord (neutre)","Plutôt d’accord","Plutôt d’accord","Plutôt d’accord","Plutôt pas d'accord","Plutôt pas d'accord","Plutôt pas d'accord","Plutôt d’accord","Plutôt pas d'accord","Plutôt d’accord","Plutôt d’accord","Tout à fait d’accord","Tout à fait d’accord","Tout à fait d’accord","Tout à fait d’accord","C’est important, mais ce n’est pas toujours simple","Basés sur la proximité géographique;Basés sur la qualité nutritionnelle","Soutenir les producteurs;Manger plus sainement;Limiter son empreinte écologique;S’ancrer dans un territoire;Réduire les intermédiaires;Faire un acte politique","Un effort","Le prix;Le manque d’offre proche;Le manque de temps","Meilleure signalétique des produits locaux;Aides financières (chèques alimentation, épiceries solidaires…)"
"2025/05/27 11:20:37 AM UTC+3","Bretagne","Tout à fait d’accord","Ni d’accord ni pas d’accord (neutre)","Tout à fait d’accord","Plutôt d’accord","Ni d’accord ni pas d’accord (neutre)","Plutôt d’accord","Tout à fait d’accord","Tout à fait d’accord","Pas du tout d'accord","Tout à fait d’accord","Pas du tout d'accord","Plutôt pas d'accord","Plutôt pas d'accord","Pas du tout d'accord","Pas du tout d'accord","Pas du tout d'accord","Pas du tout d'accord","Tout à fait d’accord","Tout à fait d’accord","Plutôt d’accord","Plutôt pas d'accord","Plutôt pas d'accord","Plutôt d’accord","Pas du tout d'accord","Tout à fait d’accord","Tout à fait d’accord","Plutôt d’accord","Plutôt d’accord","Plutôt d’accord","Plutôt d’accord","Tout à fait d’accord","Plutôt d’accord","Ni d’accord ni pas d’accord (neutre)","Plutôt pas d'accord","Ni d’accord ni pas d’accord (neutre)","Ni d’accord ni pas d’accord (neutre)","Plutôt d’accord","Plutôt pas d'accord","Plutôt pas d'accord","Tout à fait d’accord","Tout à fait d’accord","Plutôt d’accord","Tout à fait d’accord","Plutôt pas d'accord","Tout à fait d’accord","Pas du tout d'accord","Tout à fait d’accord","Plutôt d’accord","J’y suis sensible, mais je n’agis pas beaucoup","Basés sur le prix;Basés sur la qualité nutritionnelle;Basés sur l’impact environnemental","Soutenir les producteurs;Manger plus sainement;S’ancrer dans un territoire;Réduire les intermédiaires","Un effort","Le manque d’information claire;Le manque d’habitude","Plus d’événements ou d’animations sur l’alimentation locale;Plus d’offres en ligne / en livraison;Plus de liens avec les producteurs (visites, témoignages…)"
"2025/05/27 11:22:34 AM UTC+3","Bretagne","Ni d’accord ni pas d’accord (neutre)","Plutôt pas d'accord","Tout à fait d’accord","Ni d’accord ni pas d’accord (neutre)","Plutôt pas d'accord","Plutôt pas d'accord","Plutôt d’accord","Plutôt pas d'accord","Pas du tout d'accord","Plutôt d’accord","Pas du tout d'accord","Pas du tout d'accord","Tout à fait d’accord","Plutôt pas d'accord","Plutôt pas d'accord","Pas du tout d'accord","Plutôt pas d'accord","Plutôt pas d'accord","Ni d’accord ni pas d’accord (neutre)","Plutôt pas d'accord","Ni d’accord ni pas d’accord (neutre)","Plutôt d’accord","Ni d’accord ni pas d’accord (neutre)","Pas du tout d'accord","Plutôt d’accord","Plutôt pas d'accord","Ni d’accord ni pas d’accord (neutre)","Plutôt pas d'accord","Plutôt d’accord","Tout à fait d’accord","Ni d’accord ni pas d’accord (neutre)","Plutôt d’accord","Plutôt pas d'accord","Plutôt pas d'accord","Ni d’accord ni pas d’accord (neutre)","Ni d’accord ni pas d’accord (neutre)","Tout à fait d’accord","Ni d’accord ni pas d’accord (neutre)","Plutôt pas d'accord","Plutôt d’accord","Plutôt d’accord","Ni d’accord ni pas d’accord (neutre)","Ni d’accord ni pas d’accord (neutre)","Ni d’accord ni pas d’accord (neutre)","Plutôt d’accord","Ni d’accord ni pas d’accord (neutre)","Tout à fait d’accord","Tout à fait d’accord","J’y suis sensible, mais je n’agis pas beaucoup","Basés sur le goût;Basés sur le prix;Basés sur la proximité géographique;Basés sur l’impact environnemental","Soutenir les producteurs;Manger plus sainement;Limiter son empreinte écologique;S’ancrer dans un territoire;Réduire les intermédiaires","Un effort;Une démarche que j’admire sans suivre","Le prix;Le manque d’offre proche;Le manque d’habitude","Meilleure signalétique des produits locaux;Aides financières (chèques alimentation, épiceries solidaires…);Plus d’offres en ligne / en livraison"
"2025/05/27 11:53:16 AM UTC+3","Hauts-de-France","Plutôt d’accord","Tout à fait d’accord","Plutôt d’accord","Tout à fait d’accord","Tout à fait d’accord","Tout à fait d’accord","Plutôt d’accord","Plutôt d’accord","Tout à fait d’accord","Tout à fait d’accord","Ni d’accord ni pas d’accord (neutre)","Tout à fait d’accord","Plutôt d’accord","Tout à fait d’accord","Plutôt d’accord","Plutôt d’accord","Tout à fait d’accord","Plutôt d’accord","Plutôt d’accord","Plutôt pas d'accord","Plutôt d’accord","Plutôt d’accord","Tout à fait d’accord","Tout à fait d’accord","Tout à fait d’accord","Tout à fait d’accord","Tout à fait d’accord","Tout à fait d’accord","Tout à fait d’accord","Tout à fait d’accord","Tout à fait d’accord","Tout à fait d’accord","Tout à fait d’accord","Tout à fait d’accord","Tout à fait d’accord","Tout à fait d’accord","Tout à fait d’accord","Tout à fait d’accord","Tout à fait d’accord","Tout à fait d’accord","Plutôt d’accord","Ni d’accord ni pas d’accord (neutre)","Plutôt d’accord","Plutôt d’accord","Plutôt d’accord","Plutôt d’accord","Plutôt d’accord","Plutôt d’accord","C’est important, mais ce n’est pas toujours simple","Basés sur le goût;Basés sur la qualité nutritionnelle","Soutenir les producteurs;Manger plus sainement","Un réflexe","Aucun obstacle particulier","Plus d’événements ou d’animations sur l’alimentation locale"
"2025/05/27 11:57:15 AM UTC+3","Bretagne","Plutôt pas d'accord","Plutôt pas d'accord","Plutôt pas d'accord","Plutôt pas d'accord","Plutôt d’accord","Ni d’accord ni pas d’accord (neutre)","Tout à fait d’accord","Ni d’accord ni pas d’accord (neutre)","Ni d’accord ni pas d’accord (neutre)","Ni d’accord ni pas d’accord (neutre)","Plutôt d’accord","Pas du tout d'accord","Pas du tout d'accord","Plutôt pas d'accord","Plutôt pas d'accord","Pas du tout d'accord","Pas du tout d'accord","Plutôt pas d'accord","Ni d’accord ni pas d’accord (neutre)","Plutôt pas d'accord","Plutôt pas d'accord","Plutôt d’accord","Pas du tout d'accord","Plutôt pas d'accord","Ni d’accord ni pas d’accord (neutre)","Ni d’accord ni pas d’accord (neutre)","Plutôt d’accord","Plutôt pas d'accord","Plutôt d’accord","Plutôt d’accord","Ni d’accord ni pas d’accord (neutre)","Tout à fait d’accord","Plutôt pas d'accord","Plutôt pas d'accord","Plutôt pas d'accord","Ni d’accord ni pas d’accord (neutre)","Tout à fait d’accord","Pas du tout d'accord","Pas du tout d'accord","Pas du tout d'accord","Plutôt d’accord","Pas du tout d'accord","Ni d’accord ni pas d’accord (neutre)","Pas du tout d'accord","Tout à fait d’accord","Tout à fait d’accord","Tout à fait d’accord","Tout à fait d’accord","C’est important, mais ce n’est pas toujours simple","Basés sur le prix;Basés sur la proximité géographique;Basés sur l’impact environnemental","Soutenir les producteurs;Limiter son empreinte écologique;Faire un acte politique","Un idéal inaccessible","Le prix;Le manque de temps;Le manque d’habitude","Meilleure signalétique des produits locaux;Aides financières (chèques alimentation, épiceries solidaires…);Plus d’événements ou d’animations sur l’alimentation locale;Plus d’offres en ligne / en livraison;Plus de liens avec les producteurs (visites, témoignages…)"
"2025/05/27 12:00:13 PM UTC+3","Île-de-France","Plutôt d’accord","Plutôt pas d'accord","Plutôt pas d'accord","Plutôt pas d'accord","Plutôt d’accord","Plutôt d’accord","Tout à fait d’accord","Plutôt d’accord","Plutôt pas d'accord","Plutôt d’accord","Ni d’accord ni pas d’accord (neutre)","Plutôt d’accord","Tout à fait d’accord","Plutôt d’accord","Ni d’accord ni pas d’accord (neutre)","Plutôt d’accord","Ni d’accord ni pas d’accord (neutre)","Ni d’accord ni pas d’accord (neutre)","Ni d’accord ni pas d’accord (neutre)","Ni d’accord ni pas d’accord (neutre)","Ni d’accord ni pas d’accord (neutre)","Plutôt d’accord","Ni d’accord ni pas d’accord (neutre)","Ni d’accord ni pas d’accord (neutre)","Tout à fait d’accord","Tout à fait d’accord","Tout à fait d’accord","Plutôt d’accord","Plutôt d’accord","Plutôt d’accord","Ni d’accord ni pas d’accord (neutre)","Ni d’accord ni pas d’accord (neutre)","Plutôt d’accord","Ni d’accord ni pas d’accord (neutre)","Ni d’accord ni pas d’accord (neutre)","Plutôt d’accord","Ni d’accord ni pas d’accord (neutre)","Ni d’accord ni pas d’accord (neutre)","Ni d’accord ni pas d’accord (neutre)","Ni d’accord ni pas d’accord (neutre)","Ni d’accord ni pas d’accord (neutre)","Ni d’accord ni pas d’accord (neutre)","Ni d’accord ni pas d’accord (neutre)","Ni d’accord ni pas d’accord (neutre)","Plutôt d’accord","Plutôt d’accord","Plutôt d’accord","Plutôt d’accord","C’est important, mais ce n’est pas toujours simple","Basés sur le goût;Basés sur la proximité géographique;Basés sur la qualité nutritionnelle","Soutenir les producteurs;Manger plus sainement;Limiter son empreinte écologique;Réduire les intermédiaires;Faire un acte politique","Un effort;Un idéal inaccessible","Le manque d’information claire;Je ne sais pas où chercher","Meilleure signalétique des produits locaux"
"2025/05/27 12:12:30 PM UTC+3","Nouvelle-Aquitaine","Plutôt d’accord","Tout à fait d’accord","Tout à fait d’accord","Tout à fait d’accord","Tout à fait d’accord","Plutôt d’accord","Plutôt pas d'accord","Tout à fait d’accord","Plutôt d’accord","Plutôt d’accord","Ni d’accord ni pas d’accord (neutre)","Ni d’accord ni pas d’accord (neutre)","Plutôt d’accord","Ni d’accord ni pas d’accord (neutre)","Ni d’accord ni pas d’accord (neutre)","Ni d’accord ni pas d’accord (neutre)","Plutôt d’accord","Plutôt d’accord","Ni d’accord ni pas d’accord (neutre)","Ni d’accord ni pas d’accord (neutre)","Tout à fait d’accord","Tout à fait d’accord","Tout à fait d’accord","Ni d’accord ni pas d’accord (neutre)","Tout à fait d’accord","Tout à fait d’accord","Pas du tout d'accord","Ni d’accord ni pas d’accord (neutre)","Ni d’accord ni pas d’accord (neutre)","Tout à fait d’accord","Ni d’accord ni pas d’accord (neutre)","Tout à fait d’accord","Ni d’accord ni pas d’accord (neutre)","Ni d’accord ni pas d’accord (neutre)","Tout à fait d’accord","Tout à fait d’accord","Tout à fait d’accord","Ni d’accord ni pas d’accord (neutre)","Ni d’accord ni pas d’accord (neutre)","Ni d’accord ni pas d’accord (neutre)","Ni d’accord ni pas d’accord (neutre)","Ni d’accord ni pas d’accord (neutre)","Tout à fait d’accord","Ni d’accord ni pas d’accord (neutre)","Tout à fait d’accord","Tout à fait d’accord","Tout à fait d’accord","Tout à fait d’accord","C’est important, mais ce n’est pas toujours simple","Basés sur le prix","Soutenir les producteurs;Manger plus sainement","Un effort;Un idéal inaccessible","Le prix","Plus de liens avec les producteurs (visites, témoignages…)"
"2025/05/27 12:52:54 PM UTC+3","Hauts-de-France","Plutôt d’accord","Pas du tout d'accord","Plutôt pas d'accord","Ni d’accord ni pas d’accord (neutre)","Plutôt pas d'accord","Plutôt d’accord","Tout à fait d’accord","Tout à fait d’accord","Pas du tout d'accord","Plutôt d’accord","Plutôt pas d'accord","Plutôt pas d'accord","Pas du tout d'accord","Plutôt pas d'accord","Plutôt pas d'accord","Pas du tout d'accord","Pas du tout d'accord","Ni d’accord ni pas d’accord (neutre)","Ni d’accord ni pas d’accord (neutre)","Pas du tout d'accord","Ni d’accord ni pas d’accord (neutre)","Plutôt d’accord","Plutôt pas d'accord","Pas du tout d'accord","Plutôt d’accord","Plutôt d’accord","Tout à fait d’accord","Plutôt d’accord","Plutôt d’accord","Tout à fait d’accord","Tout à fait d’accord","Tout à fait d’accord","Plutôt d’accord","Pas du tout d'accord","Pas du tout d'accord","Plutôt d’accord","Tout à fait d’accord","Pas du tout d'accord","Pas du tout d'accord","Ni d’accord ni pas d’accord (neutre)","Pas du tout d'accord","Pas du tout d'accord","Plutôt d’accord","Pas du tout d'accord","Tout à fait d’accord","Pas du tout d'accord","Tout à fait d’accord","Plutôt d’accord","C’est important, mais ce n’est pas toujours simple","Basés sur le goût;Basés sur le prix;Basés sur la proximité géographique;Basés sur la facilité d’accès","Soutenir les producteurs;Limiter son empreinte écologique;S’ancrer dans un territoire;Réduire les intermédiaires","Un effort","Le manque d’offre proche;Le manque de temps","Plus de liens avec les producteurs (visites, témoignages…)"
"2025/05/27 12:55:53 PM UTC+3","Auvergne-Rhône-Alpes","Plutôt d’accord","Plutôt d’accord","Pas du tout d'accord","Plutôt d’accord","Plutôt pas d'accord","Plutôt d’accord","Plutôt d’accord","Plutôt d’accord","Plutôt d’accord","Tout à fait d’accord","Pas du tout d'accord","Ni d’accord ni pas d’accord (neutre)","Pas du tout d'accord","Plutôt d’accord","Ni d’accord ni pas d’accord (neutre)","Pas du tout d'accord","Plutôt pas d'accord","Plutôt d’accord","Ni d’accord ni pas d’accord (neutre)","Pas du tout d'accord","Ni d’accord ni pas d’accord (neutre)","Plutôt d’accord","Plutôt d’accord","Pas du tout d'accord","Tout à fait d’accord","Tout à fait d’accord","Tout à fait d’accord","Tout à fait d’accord","Ni d’accord ni pas d’accord (neutre)","Tout à fait d’accord","Ni d’accord ni pas d’accord (neutre)","Tout à fait d’accord","Plutôt pas d'accord","Plutôt d’accord","Pas du tout d'accord","Plutôt pas d'accord","Tout à fait d’accord","Pas du tout d'accord","Pas du tout d'accord","Tout à fait d’accord","Pas du tout d'accord","Pas du tout d'accord","Ni d’accord ni pas d’accord (neutre)","Pas du tout d'accord","Ni d’accord ni pas d’accord (neutre)","Ni d’accord ni pas d’accord (neutre)","Ni d’accord ni pas d’accord (neutre)","Tout à fait d’accord","C’est important, mais ce n’est pas toujours simple","Basés sur le goût;Basés sur le prix;Basés sur la proximité géographique;Basés sur la qualité nutritionnelle","Soutenir les producteurs;Manger plus sainement;Réduire les intermédiaires","Un effort","Le manque d’offre proche;Le manque d’information claire;Le manque d’habitude","Meilleure signalétique des produits locaux;Plus d’événements ou d’animations sur l’alimentation locale;Plus d’offres en ligne / en livraison"
"2025/05/27 1:15:21 PM UTC+3","Île-de-France","Ni d’accord ni pas d’accord (neutre)","Plutôt d’accord","Ni d’accord ni pas d’accord (neutre)","Plutôt pas d'accord","Ni d’accord ni pas d’accord (neutre)","Ni d’accord ni pas d’accord (neutre)","Plutôt d’accord","Plutôt d’accord","Pas du tout d'accord","Plutôt d’accord","Pas du tout d'accord","Ni d’accord ni pas d’accord (neutre)","Pas du tout d'accord","Ni d’accord ni pas d’accord (neutre)","Pas du tout d'accord","Pas du tout d'accord","Ni d’accord ni pas d’accord (neutre)","Plutôt d’accord","Ni d’accord ni pas d’accord (neutre)","Pas du tout d'accord","Plutôt pas d'accord","Ni d’accord ni pas d’accord (neutre)","Plutôt pas d'accord","Pas du tout d'accord","Tout à fait d’accord","Tout à fait d’accord","Tout à fait d’accord","Tout à fait d’accord","Tout à fait d’accord","Tout à fait d’accord","Plutôt d’accord","Tout à fait d’accord","Ni d’accord ni pas d’accord (neutre)","Plutôt pas d'accord","Plutôt pas d'accord","Plutôt pas d'accord","Tout à fait d’accord","Pas du tout d'accord","Tout à fait d’accord","Plutôt pas d'accord","Ni d’accord ni pas d’accord (neutre)","Pas du tout d'accord","Plutôt d’accord","Pas du tout d'accord","Tout à fait d’accord","Plutôt d’accord","Plutôt d’accord","Tout à fait d’accord","C’est important, mais ce n’est pas toujours simple","Basés sur le goût;Basés sur le prix;Basés sur l’impact environnemental;Basés sur la facilité d’accès","Soutenir les producteurs;Manger plus sainement;Limiter son empreinte écologique;Réduire les intermédiaires;Faire un acte politique","Un effort;Une démarche que j’admire sans suivre","Le prix;Le manque d’offre proche;Le manque d’information claire;Le manque de temps;Le manque d’habitude","Meilleure signalétique des produits locaux;Aides financières (chèques alimentation, épiceries solidaires…)"
"2025/05/27 1:29:47 PM UTC+3","Bretagne","Ni d’accord ni pas d’accord (neutre)","Ni d’accord ni pas d’accord (neutre)","Plutôt d’accord","Pas du tout d'accord","Plutôt pas d'accord","Plutôt d’accord","Plutôt pas d'accord","Ni d’accord ni pas d’accord (neutre)","Pas du tout d'accord","Plutôt d’accord","Pas du tout d'accord","Pas du tout d'accord","Pas du tout d'accord","Plutôt pas d'accord","Plutôt pas d'accord","Pas du tout d'accord","Plutôt pas d'accord","Plutôt pas d'accord","Pas du tout d'accord","Pas du tout d'accord","Pas du tout d'accord","Ni d’accord ni pas d’accord (neutre)","Plutôt pas d'accord","Pas du tout d'accord","Plutôt pas d'accord","Ni d’accord ni pas d’accord (neutre)","Ni d’accord ni pas d’accord (neutre)","Pas du tout d'accord","Pas du tout d'accord","Plutôt pas d'accord","Ni d’accord ni pas d’accord (neutre)","Pas du tout d'accord","Plutôt pas d'accord","Pas du tout d'accord","Pas du tout d'accord","Ni d’accord ni pas d’accord (neutre)","Tout à fait d’accord","Pas du tout d'accord","Pas du tout d'accord","Pas du tout d'accord","Plutôt pas d'accord","Pas du tout d'accord","Pas du tout d'accord","Pas du tout d'accord","Ni d’accord ni pas d’accord (neutre)","Pas du tout d'accord","Plutôt pas d'accord","Ni d’accord ni pas d’accord (neutre)","J’y suis sensible, mais je n’agis pas beaucoup","Basés sur le goût;Basés sur le prix;Basés sur la facilité d’accès","Soutenir les producteurs;Manger plus sainement;Limiter son empreinte écologique","Une démarche que j’admire sans suivre","Le prix;Le manque d’information claire;Je ne sais pas où chercher","Meilleure signalétique des produits locaux;Plus d’événements ou d’animations sur l’alimentation locale;Plus d’offres en ligne / en livraison"
"2025/05/27 2:46:18 PM UTC+3","Grand Est","Plutôt d’accord","Plutôt d’accord","Plutôt d’accord","Tout à fait d’accord","Tout à fait d’accord","Tout à fait d’accord","Tout à fait d’accord","Tout à fait d’accord","Ni d’accord ni pas d’accord (neutre)","Plutôt d’accord","Pas du tout d'accord","Plutôt pas d'accord","Plutôt pas d'accord","Plutôt d’accord","Ni d’accord ni pas d’accord (neutre)","Ni d’accord ni pas d’accord (neutre)","Plutôt d’accord","Plutôt d’accord","Plutôt d’accord","Ni d’accord ni pas d’accord (neutre)","Plutôt d’accord","Plutôt d’accord","Plutôt d’accord","Ni d’accord ni pas d’accord (neutre)","Plutôt d’accord","Tout à fait d’accord","Tout à fait d’accord","Ni d’accord ni pas d’accord (neutre)","Plutôt d’accord","Plutôt d’accord","Tout à fait d’accord","Tout à fait d’accord","Plutôt pas d'accord","Ni d’accord ni pas d’accord (neutre)","Ni d’accord ni pas d’accord (neutre)","Plutôt d’accord","Plutôt d’accord","Plutôt pas d'accord","Plutôt pas d'accord","Ni d’accord ni pas d’accord (neutre)","Plutôt pas d'accord","Plutôt pas d'accord","Ni d’accord ni pas d’accord (neutre)","Ni d’accord ni pas d’accord (neutre)","Plutôt d’accord","Plutôt pas d'accord","Ni d’accord ni pas d’accord (neutre)","Plutôt d’accord","J’y suis sensible, mais je n’agis pas beaucoup","Basés sur le goût;Basés sur le prix;Basés sur la qualité nutritionnelle","Soutenir les producteurs;Manger plus sainement;Limiter son empreinte écologique","Un réflexe","Le prix","Aides financières (chèques alimentation, épiceries solidaires…)"
"2025/05/27 3:27:15 PM UTC+3","Bretagne","Plutôt d’accord","Plutôt d’accord","Tout à fait d’accord","Pas du tout d'accord","Plutôt d’accord","Tout à fait d’accord","Plutôt d’accord","Tout à fait d’accord","Pas du tout d'accord","Plutôt d’accord","Pas du tout d'accord","Ni d’accord ni pas d’accord (neutre)","Plutôt pas d'accord","Plutôt pas d'accord","Plutôt pas d'accord","Pas du tout d'accord","Pas du tout d'accord","Plutôt d’accord","Plutôt d’accord","Tout à fait d’accord","Plutôt pas d'accord","Ni d’accord ni pas d’accord (neutre)","Plutôt d’accord","Pas du tout d'accord","Tout à fait d’accord","Tout à fait d’accord","Tout à fait d’accord","Plutôt d’accord","Tout à fait d’accord","Tout à fait d’accord","Plutôt d’accord","Ni d’accord ni pas d’accord (neutre)","Ni d’accord ni pas d’accord (neutre)","Plutôt pas d'accord","Ni d’accord ni pas d’accord (neutre)","Plutôt d’accord","Plutôt d’accord","Plutôt pas d'accord","Pas du tout d'accord","Pas du tout d'accord","Plutôt d’accord","Pas du tout d'accord","Plutôt d’accord","Plutôt d’accord","Tout à fait d’accord","Ni d’accord ni pas d’accord (neutre)","Plutôt d’accord","Tout à fait d’accord","J’y suis sensible, mais je n’agis pas beaucoup","Basés sur le prix;Basés sur la proximité géographique;Basés sur la qualité nutritionnelle;Basés sur l’impact environnemental;Basés sur la facilité d’accès","Soutenir les producteurs;Limiter son empreinte écologique;Réduire les intermédiaires;Faire un acte politique","Un effort;Une démarche que j’admire sans suivre","Le prix;Le manque de temps;Le manque d’habitude","Aides financières (chèques alimentation, épiceries solidaires…);Plus de liens avec les producteurs (visites, témoignages…)"
"2025/05/27 3:35:04 PM UTC+3","Hauts-de-France","Ni d’accord ni pas d’accord (neutre)","Ni d’accord ni pas d’accord (neutre)","Plutôt d’accord","Plutôt pas d'accord","Plutôt d’accord","Ni d’accord ni pas d’accord (neutre)","Tout à fait d’accord","Plutôt d’accord","Plutôt d’accord","Tout à fait d’accord","Ni d’accord ni pas d’accord (neutre)","Plutôt d’accord","Tout à fait d’accord","Plutôt d’accord","Ni d’accord ni pas d’accord (neutre)","Ni d’accord ni pas d’accord (neutre)","Ni d’accord ni pas d’accord (neutre)","Plutôt d’accord","Ni d’accord ni pas d’accord (neutre)","Pas du tout d'accord","Ni d’accord ni pas d’accord (neutre)","Plutôt d’accord","Tout à fait d’accord","Ni d’accord ni pas d’accord (neutre)","Tout à fait d’accord","Tout à fait d’accord","Plutôt d’accord","Plutôt d’accord","Ni d’accord ni pas d’accord (neutre)","Tout à fait d’accord","Plutôt d’accord","Plutôt d’accord","Ni d’accord ni pas d’accord (neutre)","Ni d’accord ni pas d’accord (neutre)","Plutôt d’accord","Plutôt d’accord","Plutôt d’accord","Pas du tout d'accord","Pas du tout d'accord","Pas du tout d'accord","Plutôt d’accord","Pas du tout d'accord","Ni d’accord ni pas d’accord (neutre)","Ni d’accord ni pas d’accord (neutre)","Plutôt d’accord","Ni d’accord ni pas d’accord (neutre)","Plutôt d’accord","Plutôt d’accord","C’est important, mais ce n’est pas toujours simple","Basés sur le prix;Basés sur la qualité nutritionnelle;Basés sur la facilité d’accès","Manger plus sainement;Limiter son empreinte écologique","Un effort","Le prix;Le manque d’offre proche;Le manque de temps","Plus d’offres en ligne / en livraison"
"2025/05/27 4:11:50 PM UTC+3","Nouvelle-Aquitaine","Plutôt d’accord","Tout à fait d’accord","Plutôt pas d'accord","Plutôt pas d'accord","Plutôt pas d'accord","Plutôt d’accord","Ni d’accord ni pas d’accord (neutre)","Ni d’accord ni pas d’accord (neutre)","Plutôt pas d'accord","Plutôt pas d'accord","Plutôt pas d'accord","Plutôt d’accord","Ni d’accord ni pas d’accord (neutre)","Plutôt pas d'accord","Ni d’accord ni pas d’accord (neutre)","Plutôt pas d'accord","Ni d’accord ni pas d’accord (neutre)","Plutôt d’accord","Ni d’accord ni pas d’accord (neutre)","Ni d’accord ni pas d’accord (neutre)","Plutôt d’accord","Plutôt d’accord","Ni d’accord ni pas d’accord (neutre)","Plutôt pas d'accord","Plutôt d’accord","Plutôt d’accord","Ni d’accord ni pas d’accord (neutre)","Plutôt pas d'accord","Ni d’accord ni pas d’accord (neutre)","Plutôt d’accord","Plutôt d’accord","Plutôt d’accord","Plutôt d’accord","Plutôt d’accord","Plutôt pas d'accord","Plutôt d’accord","Plutôt d’accord","Plutôt pas d'accord","Plutôt pas d'accord","Plutôt pas d'accord","Plutôt pas d'accord","Plutôt pas d'accord","Ni d’accord ni pas d’accord (neutre)","Ni d’accord ni pas d’accord (neutre)","Tout à fait d’accord","Pas du tout d'accord","Ni d’accord ni pas d’accord (neutre)","Ni d’accord ni pas d’accord (neutre)","C’est important, mais ce n’est pas toujours simple","Basés sur le goût;Basés sur la proximité géographique;Basés sur la facilité d’accès","Soutenir les producteurs;Manger plus sainement;Réduire les intermédiaires","Un effort","Le manque d’offre proche;Le manque d’habitude","Meilleure signalétique des produits locaux"
"2025/05/27 4:51:05 PM UTC+3","Bretagne","Tout à fait d’accord","Tout à fait d’accord","Pas du tout d'accord","Tout à fait d’accord","Tout à fait d’accord","Tout à fait d’accord","Tout à fait d’accord","Tout à fait d’accord","Tout à fait d’accord","Tout à fait d’accord","Tout à fait d’accord","Tout à fait d’accord","Tout à fait d’accord","Tout à fait d’accord","Tout à fait d’accord","Tout à fait d’accord","Tout à fait d’accord","Tout à fait d’accord","Tout à fait d’accord","Tout à fait d’accord","Tout à fait d’accord","Tout à fait d’accord","Tout à fait d’accord","Tout à fait d’accord","Tout à fait d’accord","Tout à fait d’accord","Tout à fait d’accord","Tout à fait d’accord","Tout à fait d’accord","Tout à fait d’accord","Tout à fait d’accord","Tout à fait d’accord","Tout à fait d’accord","Tout à fait d’accord","Plutôt d’accord","Tout à fait d’accord","Tout à fait d’accord","Pas du tout d'accord","Tout à fait d’accord","Tout à fait d’accord","Tout à fait d’accord","Tout à fait d’accord","Tout à fait d’accord","Tout à fait d’accord","Tout à fait d’accord","Tout à fait d’accord","Tout à fait d’accord","Tout à fait d’accord","C’est central pour moi, je fais beaucoup d’efforts","Basés sur le goût;Basés sur le prix;Basés sur la proximité géographique;Basés sur la qualité nutritionnelle;Basés sur l’impact environnemental;Basés sur la facilité d’accès;BIO de préférence","Soutenir les producteurs;Manger plus sainement;Limiter son empreinte écologique;S’ancrer dans un territoire;Réduire les intermédiaires;Faire un acte politique","Un réflexe;Un effort","Aucun obstacle particulier","Plus d’offres en ligne / en livraison"
"2025/05/27 5:25:44 PM UTC+3","Auvergne-Rhône-Alpes","Ni d’accord ni pas d’accord (neutre)","Plutôt d’accord","Plutôt pas d'accord","Plutôt pas d'accord","Ni d’accord ni pas d’accord (neutre)","Plutôt d’accord","Tout à fait d’accord","Plutôt d’accord","Plutôt pas d'accord","Ni d’accord ni pas d’accord (neutre)","Pas du tout d'accord","Plutôt pas d'accord","Plutôt pas d'accord","Plutôt pas d'accord","Pas du tout d'accord","Pas du tout d'accord","Plutôt pas d'accord","Plutôt d’accord","Plutôt pas d'accord","Plutôt pas d'accord","Plutôt d’accord","Plutôt d’accord","Plutôt d’accord","Pas du tout d'accord","Plutôt d’accord","Tout à fait d’accord","Tout à fait d’accord","Plutôt d’accord","Ni d’accord ni pas d’accord (neutre)","Ni d’accord ni pas d’accord (neutre)","Plutôt pas d'accord","Plutôt d’accord","Ni d’accord ni pas d’accord (neutre)","Pas du tout d'accord","Pas du tout d'accord","Plutôt pas d'accord","Plutôt d’accord","Pas du tout d'accord","Plutôt pas d'accord","Plutôt d’accord","Plutôt pas d'accord","Pas du tout d'accord","Ni d’accord ni pas d’accord (neutre)","Ni d’accord ni pas d’accord (neutre)","Plutôt d’accord","Plutôt pas d'accord","Plutôt d’accord","Plutôt d’accord","J’y suis sensible, mais je n’agis pas beaucoup","Basés sur la proximité géographique;Basés sur la qualité nutritionnelle;Basés sur la facilité d’accès","Manger plus sainement;Limiter son empreinte écologique;Réduire les intermédiaires","Un effort","Le prix;Le manque d’offre proche;Le manque de temps","Meilleure signalétique des produits locaux"
"2025/05/27 7:15:05 PM UTC+3","Bretagne","Tout à fait d’accord","Plutôt d’accord","Ni d’accord ni pas d’accord (neutre)","Plutôt pas d'accord","Tout à fait d’accord","Tout à fait d’accord","Tout à fait d’accord","Tout à fait d’accord","Plutôt d’accord","Plutôt d’accord","Ni d’accord ni pas d’accord (neutre)","Plutôt d’accord","Pas du tout d'accord","Plutôt d’accord","Plutôt d’accord","Ni d’accord ni pas d’accord (neutre)","Plutôt d’accord","Ni d’accord ni pas d’accord (neutre)","Plutôt d’accord","Ni d’accord ni pas d’accord (neutre)","Ni d’accord ni pas d’accord (neutre)","Tout à fait d’accord","Tout à fait d’accord","Pas du tout d'accord","Plutôt d’accord","Tout à fait d’accord","Tout à fait d’accord","Tout à fait d’accord","Tout à fait d’accord","Tout à fait d’accord","Tout à fait d’accord","Tout à fait d’accord","Plutôt d’accord","Plutôt d’accord","Plutôt d’accord","Tout à fait d’accord","Tout à fait d’accord","Pas du tout d'accord","Pas du tout d'accord","Pas du tout d'accord","Pas du tout d'accord","Pas du tout d'accord","Tout à fait d’accord","Plutôt d’accord","Tout à fait d’accord","Pas du tout d'accord","Plutôt d’accord","Tout à fait d’accord","C’est important, mais ce n’est pas toujours simple","Basés sur la proximité géographique;Basés sur la qualité nutritionnelle;Basés sur l’impact environnemental","Soutenir les producteurs;Manger plus sainement;Limiter son empreinte écologique","Un réflexe","Le manque d’information claire","Meilleure signalétique des produits locaux"
"2025/05/27 8:20:25 PM UTC+3","Normandie","Plutôt d’accord","Tout à fait d’accord","Tout à fait d’accord","Tout à fait d’accord","Ni d’accord ni pas d’accord (neutre)","Ni d’accord ni pas d’accord (neutre)","Tout à fait d’accord","Tout à fait d’accord","Plutôt pas d'accord","Plutôt d’accord","Plutôt pas d'accord","Plutôt pas d'accord","Plutôt pas d'accord","Plutôt pas d'accord","Plutôt pas d'accord","Plutôt d’accord","Plutôt d’accord","Tout à fait d’accord","Tout à fait d’accord","Plutôt d’accord","Plutôt d’accord","Tout à fait d’accord","Tout à fait d’accord","Tout à fait d’accord","Tout à fait d’accord","Plutôt d’accord","Tout à fait d’accord","Plutôt d’accord","Tout à fait d’accord","Tout à fait d’accord","Tout à fait d’accord","Tout à fait d’accord","Plutôt pas d'accord","Plutôt pas d'accord","Ni d’accord ni pas d’accord (neutre)","Plutôt d’accord","Plutôt d’accord","Plutôt d’accord","Plutôt pas d'accord","Plutôt pas d'accord","Tout à fait d’accord","Plutôt pas d'accord","Tout à fait d’accord","Tout à fait d’accord","Tout à fait d’accord","Plutôt d’accord","Tout à fait d’accord","Tout à fait d’accord","C’est important, mais ce n’est pas toujours simple","Basés sur le goût;Basés sur le prix;Basés sur la proximité géographique;Basés sur la qualité nutritionnelle;Basés sur l’impact environnemental","Soutenir les producteurs;Manger plus sainement;Limiter son empreinte écologique;Réduire les intermédiaires;Faire un acte politique","Un effort;Une démarche que j’admire sans suivre","Le prix;Le manque de temps","Aides financières (chèques alimentation, épiceries solidaires…);Plus de liens avec les producteurs (visites, témoignages…)"
"2025/05/27 8:20:27 PM UTC+3","Normandie","Plutôt d’accord","Plutôt d’accord","Plutôt d’accord","Plutôt pas d'accord","Ni d’accord ni pas d’accord (neutre)","Plutôt d’accord","Tout à fait d’accord","Plutôt d’accord","Pas du tout d'accord","Plutôt d’accord","Pas du tout d'accord","Plutôt pas d'accord","Pas du tout d'accord","Plutôt d’accord","Ni d’accord ni pas d’accord (neutre)","Pas du tout d'accord","Plutôt d’accord","Plutôt d’accord","Plutôt d’accord","Ni d’accord ni pas d’accord (neutre)","Ni d’accord ni pas d’accord (neutre)","Plutôt d’accord","Plutôt d’accord","Plutôt d’accord","Plutôt d’accord","Plutôt d’accord","Tout à fait d’accord","Plutôt d’accord","Tout à fait d’accord","Plutôt d’accord","Plutôt d’accord","Plutôt d’accord","Ni d’accord ni pas d’accord (neutre)","Ni d’accord ni pas d’accord (neutre)","Plutôt d’accord","Plutôt d’accord","Plutôt d’accord","Pas du tout d'accord","Pas du tout d'accord","Plutôt d’accord","Pas du tout d'accord","Pas du tout d'accord","Plutôt d’accord","Pas du tout d'accord","Tout à fait d’accord","Plutôt d’accord","Plutôt d’accord","Plutôt d’accord","C’est important, mais ce n’est pas toujours simple","Basés sur le goût;Basés sur le prix;Basés sur la proximité géographique;Basés sur la qualité nutritionnelle;Basés sur l’impact environnemental","Soutenir les producteurs;Manger plus sainement;Limiter son empreinte écologique;Réduire les intermédiaires;Faire un acte politique","Un effort;Une démarche que j’admire sans suivre","Le prix;Le manque de temps;Le manque d’habitude;Je ne sais pas où chercher","Meilleure signalétique des produits locaux;Aides financières (chèques alimentation, épiceries solidaires…);Plus de liens avec les producteurs (visites, témoignages…)"
"2025/05/27 8:32:10 PM UTC+3","Bretagne","Plutôt d’accord","Plutôt pas d'accord","Ni d’accord ni pas d’accord (neutre)","Plutôt d’accord","Plutôt d’accord","Ni d’accord ni pas d’accord (neutre)","Tout à fait d’accord","Tout à fait d’accord","Tout à fait d’accord","Tout à fait d’accord","Pas du tout d'accord","Plutôt d’accord","Tout à fait d’accord","Ni d’accord ni pas d’accord (neutre)","Tout à fait d’accord","Tout à fait d’accord","Tout à fait d’accord","Plutôt d’accord","Plutôt d’accord","Pas du tout d'accord","Tout à fait d’accord","Tout à fait d’accord","Tout à fait d’accord","Pas du tout d'accord","Tout à fait d’accord","Tout à fait d’accord","Tout à fait d’accord","Ni d’accord ni pas d’accord (neutre)","Tout à fait d’accord","Plutôt d’accord","Tout à fait d’accord","Tout à fait d’accord","Tout à fait d’accord","Ni d’accord ni pas d’accord (neutre)","Plutôt pas d'accord","Tout à fait d’accord","Ni d’accord ni pas d’accord (neutre)","Pas du tout d'accord","Pas du tout d'accord","Pas du tout d'accord","Pas du tout d'accord","Pas du tout d'accord","Ni d’accord ni pas d’accord (neutre)","Plutôt d’accord","Plutôt d’accord","Tout à fait d’accord","Plutôt d’accord","Tout à fait d’accord","C’est important, mais ce n’est pas toujours simple","Basés sur le goût;Basés sur la proximité géographique;Basés sur la qualité nutritionnelle;Basés sur l’impact environnemental;Basés sur la facilité d’accès","Soutenir les producteurs;Limiter son empreinte écologique;S’ancrer dans un territoire;Faire un acte politique","Un réflexe","Aucun obstacle particulier","Aides financières (chèques alimentation, épiceries solidaires…);Plus d’événements ou d’animations sur l’alimentation locale;Plus d’offres en ligne / en livraison;Plus de liens avec les producteurs (visites, témoignages…)"
"2025/05/27 9:00:49 PM UTC+3","Bretagne","Plutôt d’accord","Plutôt d’accord","Ni d’accord ni pas d’accord (neutre)","Plutôt d’accord","Ni d’accord ni pas d’accord (neutre)","Plutôt d’accord","Ni d’accord ni pas d’accord (neutre)","Plutôt d’accord","Ni d’accord ni pas d’accord (neutre)","Plutôt d’accord","Ni d’accord ni pas d’accord (neutre)","Plutôt d’accord","Plutôt d’accord","Ni d’accord ni pas d’accord (neutre)","Ni d’accord ni pas d’accord (neutre)","Plutôt d’accord","Ni d’accord ni pas d’accord (neutre)","Ni d’accord ni pas d’accord (neutre)","Ni d’accord ni pas d’accord (neutre)","Ni d’accord ni pas d’accord (neutre)","Ni d’accord ni pas d’accord (neutre)","Ni d’accord ni pas d’accord (neutre)","Ni d’accord ni pas d’accord (neutre)","Ni d’accord ni pas d’accord (neutre)","Plutôt d’accord","Ni d’accord ni pas d’accord (neutre)","Ni d’accord ni pas d’accord (neutre)","Ni d’accord ni pas d’accord (neutre)","Ni d’accord ni pas d’accord (neutre)","Plutôt d’accord","Ni d’accord ni pas d’accord (neutre)","Ni d’accord ni pas d’accord (neutre)","Ni d’accord ni pas d’accord (neutre)","Ni d’accord ni pas d’accord (neutre)","Ni d’accord ni pas d’accord (neutre)","Ni d’accord ni pas d’accord (neutre)","Plutôt d’accord","Ni d’accord ni pas d’accord (neutre)","Plutôt d’accord","Plutôt d’accord","Plutôt d’accord","Ni d’accord ni pas d’accord (neutre)","Ni d’accord ni pas d’accord (neutre)","Ni d’accord ni pas d’accord (neutre)","Ni d’accord ni pas d’accord (neutre)","Ni d’accord ni pas d’accord (neutre)","Ni d’accord ni pas d’accord (neutre)","Plutôt d’accord","J’y suis sensible, mais je n’agis pas beaucoup","Basés sur le goût;Basés sur le prix;Basés sur la facilité d’accès","Aucun de ces éléments ne me motive","Une démarche que j’admire sans suivre","Le prix;Le manque de temps","Meilleure signalétique des produits locaux;Aides financières (chèques alimentation, épiceries solidaires…);Plus de liens avec les producteurs (visites, témoignages…)"
"2025/05/27 9:07:24 PM UTC+3","Bretagne","Plutôt d’accord","Plutôt d’accord","Plutôt d’accord","Ni d’accord ni pas d’accord (neutre)","Plutôt d’accord","Plutôt d’accord","Plutôt pas d'accord","Plutôt d’accord","Plutôt d’accord","Plutôt d’accord","Pas du tout d'accord","Ni d’accord ni pas d’accord (neutre)","Pas du tout d'accord","Plutôt d’accord","Ni d’accord ni pas d’accord (neutre)","Ni d’accord ni pas d’accord (neutre)","Plutôt d’accord","Ni d’accord ni pas d’accord (neutre)","Plutôt pas d'accord","Plutôt pas d'accord","Ni d’accord ni pas d’accord (neutre)","Plutôt d’accord","Plutôt d’accord","Pas du tout d'accord","Plutôt d’accord","Plutôt d’accord","Ni d’accord ni pas d’accord (neutre)","Plutôt pas d'accord","Ni d’accord ni pas d’accord (neutre)","Ni d’accord ni pas d’accord (neutre)","Plutôt pas d'accord","Plutôt d’accord","Ni d’accord ni pas d’accord (neutre)","Ni d’accord ni pas d’accord (neutre)","Plutôt pas d'accord","Plutôt d’accord","Plutôt d’accord","Plutôt pas d'accord","Pas du tout d'accord","Plutôt pas d'accord","Pas du tout d'accord","Pas du tout d'accord","Plutôt d’accord","Plutôt d’accord","Plutôt d’accord","Plutôt pas d'accord","Plutôt d’accord","Plutôt d’accord","C’est important, mais ce n’est pas toujours simple","Basés sur le goût;Basés sur le prix;Basés sur la proximité géographique;Basés sur la qualité nutritionnelle","Soutenir les producteurs;Manger plus sainement;Limiter son empreinte écologique;Réduire les intermédiaires","Un effort","Le prix;Je ne sais pas où chercher","Meilleure signalétique des produits locaux"
"2025/05/27 9:22:39 PM UTC+3","Bretagne","Plutôt d’accord","Plutôt d’accord","Ni d’accord ni pas d’accord (neutre)","Plutôt d’accord","Ni d’accord ni pas d’accord (neutre)","Plutôt d’accord","Plutôt d’accord","Plutôt d’accord","Plutôt pas d'accord","Plutôt d’accord","Pas du tout d'accord","Plutôt d’accord","Plutôt d’accord","Plutôt d’accord","Ni d’accord ni pas d’accord (neutre)","Plutôt d’accord","Plutôt d’accord","Ni d’accord ni pas d’accord (neutre)","Ni d’accord ni pas d’accord (neutre)","Ni d’accord ni pas d’accord (neutre)","Plutôt d’accord","Plutôt d’accord","Plutôt d’accord","Ni d’accord ni pas d’accord (neutre)","Plutôt d’accord","Plutôt d’accord","Ni d’accord ni pas d’accord (neutre)","Ni d’accord ni pas d’accord (neutre)","Ni d’accord ni pas d’accord (neutre)","Ni d’accord ni pas d’accord (neutre)","Ni d’accord ni pas d’accord (neutre)","Plutôt d’accord","Plutôt d’accord","Plutôt d’accord","Ni d’accord ni pas d’accord (neutre)","Plutôt d’accord","Plutôt d’accord","Plutôt d’accord","Ni d’accord ni pas d’accord (neutre)","Ni d’accord ni pas d’accord (neutre)","Plutôt d’accord","Plutôt pas d'accord","Ni d’accord ni pas d’accord (neutre)","Ni d’accord ni pas d’accord (neutre)","Ni d’accord ni pas d’accord (neutre)","Ni d’accord ni pas d’accord (neutre)","Plutôt d’accord","Plutôt d’accord","C’est important, mais ce n’est pas toujours simple","Basés sur le goût;Basés sur le prix;Basés sur la proximité géographique","Soutenir les producteurs;S’ancrer dans un territoire;Réduire les intermédiaires","Un effort","Le manque d’information claire;Le manque de temps","Meilleure signalétique des produits locaux;Plus d’offres en ligne / en livraison"
"2025/05/27 9:40:24 PM UTC+3","Bretagne","Plutôt d’accord","Plutôt pas d'accord","Plutôt d’accord","Tout à fait d’accord","Plutôt d’accord","Tout à fait d’accord","Ni d’accord ni pas d’accord (neutre)","Tout à fait d’accord","Tout à fait d’accord","Tout à fait d’accord","Tout à fait d’accord","Plutôt d’accord","Ni d’accord ni pas d’accord (neutre)","Tout à fait d’accord","Ni d’accord ni pas d’accord (neutre)","Plutôt d’accord","Tout à fait d’accord","Tout à fait d’accord","Plutôt pas d'accord","Plutôt pas d'accord","Plutôt d’accord","Tout à fait d’accord","Tout à fait d’accord","Plutôt d’accord","Plutôt d’accord","Plutôt d’accord","Tout à fait d’accord","Tout à fait d’accord","Tout à fait d’accord","Tout à fait d’accord","Tout à fait d’accord","Tout à fait d’accord","Plutôt d’accord","Plutôt d’accord","Ni d’accord ni pas d’accord (neutre)","Tout à fait d’accord","Plutôt pas d'accord","Plutôt d’accord","Tout à fait d’accord","Plutôt d’accord","Plutôt d’accord","Plutôt d’accord","Tout à fait d’accord","Tout à fait d’accord","Plutôt d’accord","Tout à fait d’accord","Tout à fait d’accord","Tout à fait d’accord","C’est important, mais ce n’est pas toujours simple","Basés sur la qualité nutritionnelle;Basés sur l’impact environnemental","Manger plus sainement;Limiter son empreinte écologique;Réduire les intermédiaires;Faire un acte politique","Un objectif ","Le manque d’information claire;Le manque de temps","Plus d’événements ou d’animations sur l’alimentation locale;Plus de liens avec les producteurs (visites, témoignages…)"
"2025/05/27 9:45:02 PM UTC+3","Bretagne","Plutôt d’accord","Plutôt d’accord","Tout à fait d’accord","Plutôt d’accord","Plutôt d’accord","Plutôt d’accord","Plutôt d’accord","Plutôt d’accord","Ni d’accord ni pas d’accord (neutre)","Tout à fait d’accord","Pas du tout d'accord","Ni d’accord ni pas d’accord (neutre)","Plutôt pas d'accord","Tout à fait d’accord","Ni d’accord ni pas d’accord (neutre)","Plutôt d’accord","Plutôt d’accord","Ni d’accord ni pas d’accord (neutre)","Plutôt d’accord","Plutôt d’accord","Plutôt d’accord","Tout à fait d’accord","Tout à fait d’accord","Tout à fait d’accord","Tout à fait d’accord","Plutôt d’accord","Tout à fait d’accord","Ni d’accord ni pas d’accord (neutre)","Plutôt d’accord","Ni d’accord ni pas d’accord (neutre)","Tout à fait d’accord","Tout à fait d’accord","Plutôt d’accord","Plutôt d’accord","Plutôt d’accord","Plutôt d’accord","Plutôt d’accord","Ni d’accord ni pas d’accord (neutre)","Plutôt d’accord","Plutôt d’accord","Plutôt d’accord","Ni d’accord ni pas d’accord (neutre)","Plutôt d’accord","Plutôt d’accord","Plutôt d’accord","Ni d’accord ni pas d’accord (neutre)","Plutôt d’accord","Plutôt d’accord","C’est important, mais ce n’est pas toujours simple","Basés sur le prix;Basés sur la proximité géographique;Basés sur la qualité nutritionnelle","Bio de préférence ","Évident si bio ou s’en rapprochant","Le manque d’offre proche","Plus de liens avec les producteurs (visites, témoignages…)"
"2025/05/27 10:04:36 PM UTC+3","Auvergne-Rhône-Alpes","Tout à fait d’accord","Tout à fait d’accord","Plutôt d’accord","Ni d’accord ni pas d’accord (neutre)","Plutôt d’accord","Plutôt d’accord","Tout à fait d’accord","Ni d’accord ni pas d’accord (neutre)","Plutôt pas d'accord","Plutôt d’accord","Pas du tout d'accord","Plutôt d’accord","Tout à fait d’accord","Tout à fait d’accord","Plutôt d’accord","Tout à fait d’accord","Ni d’accord ni pas d’accord (neutre)","Plutôt pas d'accord","Plutôt pas d'accord","Plutôt pas d'accord","Ni d’accord ni pas d’accord (neutre)","Tout à fait d’accord","Tout à fait d’accord","Pas du tout d'accord","Tout à fait d’accord","Tout à fait d’accord","Plutôt d’accord","Pas du tout d'accord","Ni d’accord ni pas d’accord (neutre)","Plutôt pas d'accord","Tout à fait d’accord","Ni d’accord ni pas d’accord (neutre)","Tout à fait d’accord","Pas du tout d'accord","Pas du tout d'accord","Tout à fait d’accord","Pas du tout d'accord","Pas du tout d'accord","Pas du tout d'accord","Pas du tout d'accord","Pas du tout d'accord","Pas du tout d'accord","Tout à fait d’accord","Ni d’accord ni pas d’accord (neutre)","Tout à fait d’accord","Ni d’accord ni pas d’accord (neutre)","Ni d’accord ni pas d’accord (neutre)","Plutôt d’accord","C’est important, mais ce n’est pas toujours simple","Basés sur la proximité géographique;Basés sur la qualité nutritionnelle","Soutenir les producteurs;Manger plus sainement;Réduire les intermédiaires","Un réflexe","Aucun obstacle particulier","Plus d’événements ou d’animations sur l’alimentation locale;Plus d’offres en ligne / en livraison"
"2025/05/27 10:05:06 PM UTC+3","Provence-Alpes-Côte d’Azur","Plutôt d’accord","Plutôt d’accord","Plutôt d’accord","Ni d’accord ni pas d’accord (neutre)","Ni d’accord ni pas d’accord (neutre)","Tout à fait d’accord","Tout à fait d’accord","Tout à fait d’accord","Pas du tout d'accord","Tout à fait d’accord","Pas du tout d'accord","Pas du tout d'accord","Plutôt pas d'accord","Tout à fait d’accord","Pas du tout d'accord","Pas du tout d'accord","Plutôt pas d'accord","Plutôt d’accord","Plutôt pas d'accord","Ni d’accord ni pas d’accord (neutre)","Pas du tout d'accord","Tout à fait d’accord","Ni d’accord ni pas d’accord (neutre)","Pas du tout d'accord","Plutôt d’accord","Plutôt d’accord","Plutôt d’accord","Pas du tout d'accord","Plutôt pas d'accord","Plutôt pas d'accord","Tout à fait d’accord","Pas du tout d'accord","Plutôt pas d'accord","Plutôt pas d'accord","Plutôt pas d'accord","Plutôt pas d'accord","Tout à fait d’accord","Pas du tout d'accord","Pas du tout d'accord","Tout à fait d’accord","Pas du tout d'accord","Pas du tout d'accord","Pas du tout d'accord","Pas du tout d'accord","Tout à fait d’accord","Pas du tout d'accord","Ni d’accord ni pas d’accord (neutre)","Ni d’accord ni pas d’accord (neutre)","C’est important, mais ce n’est pas toujours simple","Basés sur le goût;Basés sur le prix","Manger plus sainement;Limiter son empreinte écologique;Réduire les intermédiaires","Un réflexe","Le prix;Je ne sais pas où chercher","Meilleure signalétique des produits locaux;Plus d’offres en ligne / en livraison"
"2025/05/27 10:05:24 PM UTC+3","Bretagne","Tout à fait d’accord","Plutôt d’accord","Plutôt d’accord","Plutôt d’accord","Plutôt d’accord","Plutôt d’accord","Tout à fait d’accord","Plutôt d’accord","Ni d’accord ni pas d’accord (neutre)","Ni d’accord ni pas d’accord (neutre)","Ni d’accord ni pas d’accord (neutre)","Plutôt d’accord","Plutôt d’accord","Plutôt d’accord","Plutôt d’accord","Plutôt d’accord","Ni d’accord ni pas d’accord (neutre)","Plutôt d’accord","Ni d’accord ni pas d’accord (neutre)","Ni d’accord ni pas d’accord (neutre)","Plutôt d’accord","Plutôt d’accord","Plutôt d’accord","Plutôt d’accord","Tout à fait d’accord","Tout à fait d’accord","Plutôt d’accord","Ni d’accord ni pas d’accord (neutre)","Plutôt d’accord","Plutôt d’accord","Tout à fait d’accord","Plutôt d’accord","Plutôt d’accord","Plutôt d’accord","Ni d’accord ni pas d’accord (neutre)","Tout à fait d’accord","Tout à fait d’accord","Plutôt d’accord","Ni d’accord ni pas d’accord (neutre)","Ni d’accord ni pas d’accord (neutre)","Plutôt pas d'accord","Plutôt pas d'accord","Plutôt d’accord","Ni d’accord ni pas d’accord (neutre)","Plutôt d’accord","Ni d’accord ni pas d’accord (neutre)","Plutôt d’accord","Plutôt d’accord","C’est important, mais ce n’est pas toujours simple","Basés sur la proximité géographique;Basés sur la qualité nutritionnelle;Basés sur l’impact environnemental","Soutenir les producteurs;Manger plus sainement;Limiter son empreinte écologique;S’ancrer dans un territoire;Réduire les intermédiaires","Un réflexe","Aucun obstacle particulier","Plus d’événements ou d’animations sur l’alimentation locale;Plus de liens avec les producteurs (visites, témoignages…)"
"2025/05/27 10:17:02 PM UTC+3","Bourgogne-Franche-Comté","Plutôt d’accord","Tout à fait d’accord","Ni d’accord ni pas d’accord (neutre)","Plutôt d’accord","Tout à fait d’accord","Plutôt d’accord","Tout à fait d’accord","Plutôt d’accord","Plutôt pas d'accord","Tout à fait d’accord","Pas du tout d'accord","Plutôt d’accord","Plutôt pas d'accord","Ni d’accord ni pas d’accord (neutre)","Ni d’accord ni pas d’accord (neutre)","Pas du tout d'accord","Plutôt d’accord","Ni d’accord ni pas d’accord (neutre)","Plutôt pas d'accord","Pas du tout d'accord","Ni d’accord ni pas d’accord (neutre)","Plutôt d’accord","Plutôt d’accord","Pas du tout d'accord","Plutôt d’accord","Plutôt d’accord","Plutôt d’accord","Plutôt pas d'accord","Plutôt d’accord","Tout à fait d’accord","Pas du tout d'accord","Plutôt d’accord","Plutôt d’accord","Plutôt pas d'accord","Pas du tout d'accord","Pas du tout d'accord","Plutôt d’accord","Pas du tout d'accord","Pas du tout d'accord","Ni d’accord ni pas d’accord (neutre)","Pas du tout d'accord","Pas du tout d'accord","Ni d’accord ni pas d’accord (neutre)","Pas du tout d'accord","Plutôt d’accord","Ni d’accord ni pas d’accord (neutre)","Plutôt d’accord","Plutôt d’accord","J’y suis sensible, mais je n’agis pas beaucoup","Basés sur le goût;Basés sur la qualité nutritionnelle;Basés sur la facilité d’accès","Manger plus sainement;Limiter son empreinte écologique;Réduire les intermédiaires","Un idéal inaccessible","Le manque d’offre proche;Le manque d’information claire;Je ne sais pas où chercher","Meilleure signalétique des produits locaux;Plus de liens avec les producteurs (visites, témoignages…)"
"2025/05/27 10:17:06 PM UTC+3","Auvergne-Rhône-Alpes","Plutôt d’accord","Plutôt d’accord","Plutôt d’accord","Plutôt d’accord","Tout à fait d’accord","Plutôt d’accord","Plutôt d’accord","Tout à fait d’accord","Plutôt d’accord","Tout à fait d’accord","Pas du tout d'accord","Tout à fait d’accord","Pas du tout d'accord","Tout à fait d’accord","Ni d’accord ni pas d’accord (neutre)","Pas du tout d'accord","Plutôt d’accord","Plutôt d’accord","Plutôt pas d'accord","Plutôt pas d'accord","Plutôt pas d'accord","Plutôt d’accord","Tout à fait d’accord","Pas du tout d'accord","Tout à fait d’accord","Tout à fait d’accord","Plutôt d’accord","Plutôt pas d'accord","Plutôt pas d'accord","Plutôt pas d'accord","Ni d’accord ni pas d’accord (neutre)","Tout à fait d’accord","Plutôt d’accord","Ni d’accord ni pas d’accord (neutre)","Plutôt d’accord","Plutôt d’accord","Plutôt d’accord","Pas du tout d'accord","Pas du tout d'accord","Pas du tout d'accord","Pas du tout d'accord","Pas du tout d'accord","Plutôt d’accord","Pas du tout d'accord","Ni d’accord ni pas d’accord (neutre)","Ni d’accord ni pas d’accord (neutre)","Ni d’accord ni pas d’accord (neutre)","Ni d’accord ni pas d’accord (neutre)","C’est central pour moi, je fais beaucoup d’efforts","Basés sur le goût;Basés sur la qualité nutritionnelle","Manger plus sainement;Gout","Un réflexe","Aucun obstacle particulier","Plus d’événements ou d’animations sur l’alimentation locale;Plus d’offres en ligne / en livraison;Plus de liens avec les producteurs (visites, témoignages…)"
"2025/05/27 10:19:20 PM UTC+3","Bourgogne-Franche-Comté","Plutôt d’accord","Plutôt pas d'accord","Ni d’accord ni pas d’accord (neutre)","Tout à fait d’accord","Tout à fait d’accord","Plutôt d’accord","Tout à fait d’accord","Plutôt d’accord","Plutôt d’accord","Tout à fait d’accord","Pas du tout d'accord","Plutôt d’accord","Pas du tout d'accord","Plutôt d’accord","Ni d’accord ni pas d’accord (neutre)","Ni d’accord ni pas d’accord (neutre)","Plutôt d’accord","Plutôt d’accord","Ni d’accord ni pas d’accord (neutre)","Plutôt d’accord","Ni d’accord ni pas d’accord (neutre)","Tout à fait d’accord","Tout à fait d’accord","Pas du tout d'accord","Tout à fait d’accord","Tout à fait d’accord","Tout à fait d’accord","Pas du tout d'accord","Plutôt d’accord","Plutôt d’accord","Plutôt d’accord","Plutôt d’accord","Tout à fait d’accord","Plutôt d’accord","Ni d’accord ni pas d’accord (neutre)","Plutôt d’accord","Plutôt pas d'accord","Pas du tout d'accord","Pas du tout d'accord","Ni d’accord ni pas d’accord (neutre)","Pas du tout d'accord","Pas du tout d'accord","Plutôt d’accord","Plutôt d’accord","Ni d’accord ni pas d’accord (neutre)","Ni d’accord ni pas d’accord (neutre)","Plutôt d’accord","Plutôt d’accord","C’est important, mais ce n’est pas toujours simple","Basés sur le goût;Basés sur la proximité géographique","Soutenir les producteurs;Manger plus sainement","Un réflexe","Le manque de temps","Plus d’événements ou d’animations sur l’alimentation locale"
"2025/05/27 10:23:15 PM UTC+3","Bretagne","Tout à fait d’accord","Tout à fait d’accord","Tout à fait d’accord","Tout à fait d’accord","Plutôt d’accord","Ni d’accord ni pas d’accord (neutre)","Plutôt d’accord","Tout à fait d’accord","Plutôt d’accord","Tout à fait d’accord","Pas du tout d'accord","Tout à fait d’accord","Pas du tout d'accord","Tout à fait d’accord","Plutôt pas d'accord","Tout à fait d’accord","Tout à fait d’accord","Tout à fait d’accord","Tout à fait d’accord","Tout à fait d’accord","Tout à fait d’accord","Tout à fait d’accord","Tout à fait d’accord","Pas du tout d'accord","Tout à fait d’accord","Tout à fait d’accord","Tout à fait d’accord","Plutôt pas d'accord","Tout à fait d’accord","Plutôt d’accord","Tout à fait d’accord","Tout à fait d’accord","Tout à fait d’accord","Tout à fait d’accord","Ni d’accord ni pas d’accord (neutre)","Tout à fait d’accord","Pas du tout d'accord","Pas du tout d'accord","Plutôt d’accord","Plutôt pas d'accord","Tout à fait d’accord","Plutôt pas d'accord","Tout à fait d’accord","Tout à fait d’accord","Tout à fait d’accord","Tout à fait d’accord","Plutôt d’accord","Tout à fait d’accord","C’est central pour moi, je fais beaucoup d’efforts","Basés sur le prix;Basés sur la proximité géographique;Basés sur la qualité nutritionnelle;Basés sur l’impact environnemental","Soutenir les producteurs;Limiter son empreinte écologique;Réduire les intermédiaires;Faire un acte politique","Un réflexe","Aucun obstacle particulier","Meilleure signalétique des produits locaux;Plus d’événements ou d’animations sur l’alimentation locale;Plus de liens avec les producteurs (visites, témoignages…)"
"2025/05/27 10:31:08 PM UTC+3","Île-de-France","Plutôt d’accord","Tout à fait d’accord","Plutôt d’accord","Plutôt d’accord","Plutôt d’accord","Plutôt d’accord","Plutôt d’accord","Plutôt d’accord","Plutôt pas d'accord","Plutôt d’accord","Pas du tout d'accord","Plutôt d’accord","Plutôt d’accord","Plutôt d’accord","Plutôt d’accord","Tout à fait d’accord","Plutôt d’accord","Plutôt d’accord","Ni d’accord ni pas d’accord (neutre)","Plutôt d’accord","Plutôt d’accord","Tout à fait d’accord","Plutôt d’accord","Ni d’accord ni pas d’accord (neutre)","Plutôt d’accord","Plutôt d’accord","Plutôt d’accord","Plutôt d’accord","Tout à fait d’accord","Tout à fait d’accord","Tout à fait d’accord","Tout à fait d’accord","Tout à fait d’accord","Ni d’accord ni pas d’accord (neutre)","Ni d’accord ni pas d’accord (neutre)","Plutôt d’accord","Plutôt pas d'accord","Plutôt pas d'accord","Pas du tout d'accord","Plutôt d’accord","Pas du tout d'accord","Pas du tout d'accord","Plutôt d’accord","Ni d’accord ni pas d’accord (neutre)","Tout à fait d’accord","Tout à fait d’accord","Tout à fait d’accord","Tout à fait d’accord","C’est important, mais ce n’est pas toujours simple","Basés sur la proximité géographique;Basés sur la qualité nutritionnelle;Basés sur l’impact environnemental","Soutenir les producteurs;Limiter son empreinte écologique;Réduire les intermédiaires;Faire un acte politique","Un effort;Une contrainte","Le manque d’offre proche;Le manque d’information claire","Meilleure signalétique des produits locaux;Plus d’offres en ligne / en livraison;Plus de liens avec les producteurs (visites, témoignages…)"
"2025/05/27 10:51:04 PM UTC+3","Auvergne-Rhône-Alpes","Plutôt d’accord","Plutôt d’accord","Plutôt d’accord","Ni d’accord ni pas d’accord (neutre)","Plutôt d’accord","Plutôt d’accord","Plutôt d’accord","Tout à fait d’accord","Pas du tout d'accord","Plutôt d’accord","Pas du tout d'accord","Plutôt d’accord","Tout à fait d’accord","Plutôt d’accord","Ni d’accord ni pas d’accord (neutre)","Plutôt d’accord","Ni d’accord ni pas d’accord (neutre)","Ni d’accord ni pas d’accord (neutre)","Plutôt pas d'accord","Plutôt d’accord","Plutôt pas d'accord","Plutôt d’accord","Plutôt d’accord","Pas du tout d'accord","Tout à fait d’accord","Tout à fait d’accord","Tout à fait d’accord","Plutôt pas d'accord","Plutôt d’accord","Ni d’accord ni pas d’accord (neutre)","Ni d’accord ni pas d’accord (neutre)","Plutôt d’accord","Ni d’accord ni pas d’accord (neutre)","Ni d’accord ni pas d’accord (neutre)","Pas du tout d'accord","Plutôt d’accord","Ni d’accord ni pas d’accord (neutre)","Pas du tout d'accord","Pas du tout d'accord","Pas du tout d'accord","Plutôt pas d'accord","Pas du tout d'accord","Ni d’accord ni pas d’accord (neutre)","Plutôt pas d'accord","Plutôt d’accord","Ni d’accord ni pas d’accord (neutre)","Plutôt d’accord","Plutôt d’accord","C’est important, mais ce n’est pas toujours simple","Basés sur le goût;Basés sur le prix;Basés sur la proximité géographique;Basés sur la qualité nutritionnelle;Basés sur la facilité d’accès","Soutenir les producteurs;Manger plus sainement;Limiter son empreinte écologique","Un réflexe;Un effort","Le prix;Le manque d’information claire;Le manque de temps;Le manque d’habitude","Meilleure signalétique des produits locaux"
"2025/05/27 10:54:36 PM UTC+3","Auvergne-Rhône-Alpes","Ni d’accord ni pas d’accord (neutre)","Ni d’accord ni pas d’accord (neutre)","Ni d’accord ni pas d’accord (neutre)","Ni d’accord ni pas d’accord (neutre)","Ni d’accord ni pas d’accord (neutre)","Ni d’accord ni pas d’accord (neutre)","Ni d’accord ni pas d’accord (neutre)","Ni d’accord ni pas d’accord (neutre)","Pas du tout d'accord","Plutôt d’accord","Pas du tout d'accord","Ni d’accord ni pas d’accord (neutre)","Tout à fait d’accord","Tout à fait d’accord","Ni d’accord ni pas d’accord (neutre)","Plutôt d’accord","Ni d’accord ni pas d’accord (neutre)","Ni d’accord ni pas d’accord (neutre)","Ni d’accord ni pas d’accord (neutre)","Ni d’accord ni pas d’accord (neutre)","Ni d’accord ni pas d’accord (neutre)","Plutôt d’accord","Plutôt d’accord","Ni d’accord ni pas d’accord (neutre)","Plutôt d’accord","Plutôt d’accord","Plutôt d’accord","Ni d’accord ni pas d’accord (neutre)","Ni d’accord ni pas d’accord (neutre)","Ni d’accord ni pas d’accord (neutre)","Ni d’accord ni pas d’accord (neutre)","Ni d’accord ni pas d’accord (neutre)","Plutôt d’accord","Ni d’accord ni pas d’accord (neutre)","Ni d’accord ni pas d’accord (neutre)","Plutôt d’accord","Plutôt d’accord","Pas du tout d'accord","Pas du tout d'accord","Pas du tout d'accord","Pas du tout d'accord","Pas du tout d'accord","Ni d’accord ni pas d’accord (neutre)","Ni d’accord ni pas d’accord (neutre)","Ni d’accord ni pas d’accord (neutre)","Ni d’accord ni pas d’accord (neutre)","Ni d’accord ni pas d’accord (neutre)","Plutôt d’accord","J’y suis sensible, mais je n’agis pas beaucoup","Basés sur le goût;Basés sur le prix;Basés sur la proximité géographique;Basés sur la qualité nutritionnelle","Soutenir les producteurs;Manger plus sainement;Réduire les intermédiaires","Un effort;Un idéal inaccessible;Une contrainte","Aucun obstacle particulier","Plus d’événements ou d’animations sur l’alimentation locale;Plus de liens avec les producteurs (visites, témoignages…)"
"2025/05/27 11:03:39 PM UTC+3","Auvergne-Rhône-Alpes","Tout à fait d’accord","Plutôt d’accord","Tout à fait d’accord","Plutôt d’accord","Ni d’accord ni pas d’accord (neutre)","Ni d’accord ni pas d’accord (neutre)","Plutôt d’accord","Plutôt d’accord","Plutôt pas d'accord","Plutôt d’accord","Pas du tout d'accord","Ni d’accord ni pas d’accord (neutre)","Plutôt d’accord","Ni d’accord ni pas d’accord (neutre)","Plutôt d’accord","Plutôt d’accord","Plutôt pas d'accord","Plutôt d’accord","Plutôt pas d'accord","Plutôt d’accord","Ni d’accord ni pas d’accord (neutre)","Ni d’accord ni pas d’accord (neutre)","Ni d’accord ni pas d’accord (neutre)","Plutôt pas d'accord","Tout à fait d’accord","Plutôt d’accord","Plutôt d’accord","Ni d’accord ni pas d’accord (neutre)","Plutôt d’accord","Tout à fait d’accord","Tout à fait d’accord","Plutôt d’accord","Plutôt pas d'accord","Plutôt pas d'accord","Ni d’accord ni pas d’accord (neutre)","Tout à fait d’accord","Tout à fait d’accord","Ni d’accord ni pas d’accord (neutre)","Plutôt pas d'accord","Plutôt pas d'accord","Pas du tout d'accord","Pas du tout d'accord","Pas du tout d'accord","Plutôt pas d'accord","Plutôt pas d'accord","Pas du tout d'accord","Plutôt pas d'accord","Ni d’accord ni pas d’accord (neutre)","C’est important, mais ce n’est pas toujours simple","Basés sur le goût;Basés sur le prix;Basés sur la qualité nutritionnelle","Soutenir les producteurs;Manger plus sainement;Limiter son empreinte écologique","Un effort;Un idéal inaccessible","Le prix","Aides financières (chèques alimentation, épiceries solidaires…)"
"2025/05/27 11:12:47 PM UTC+3","Nouvelle-Aquitaine","Plutôt d’accord","Plutôt d’accord","Plutôt d’accord","Plutôt d’accord","Ni d’accord ni pas d’accord (neutre)","Tout à fait d’accord","Plutôt d’accord","Plutôt d’accord","Plutôt d’accord","Tout à fait d’accord","Pas du tout d'accord","Plutôt d’accord","Plutôt pas d'accord","Plutôt d’accord","Ni d’accord ni pas d’accord (neutre)","Plutôt d’accord","Tout à fait d’accord","Tout à fait d’accord","Tout à fait d’accord","Tout à fait d’accord","Tout à fait d’accord","Tout à fait d’accord","Tout à fait d’accord","Tout à fait d’accord","Tout à fait d’accord","Tout à fait d’accord","Tout à fait d’accord","Tout à fait d’accord","Tout à fait d’accord","Tout à fait d’accord","Plutôt d’accord","Plutôt d’accord","Ni d’accord ni pas d’accord (neutre)","Ni d’accord ni pas d’accord (neutre)","Plutôt d’accord","Tout à fait d’accord","Plutôt d’accord","Plutôt pas d'accord","Plutôt pas d'accord","Plutôt pas d'accord","Plutôt d’accord","Plutôt pas d'accord","Tout à fait d’accord","Tout à fait d’accord","Tout à fait d’accord","Plutôt d’accord","Tout à fait d’accord","Tout à fait d’accord","C’est central pour moi, je fais beaucoup d’efforts","Basés sur le prix;Basés sur la proximité géographique;Basés sur la qualité nutritionnelle;Basés sur l’impact environnemental","Soutenir les producteurs;Manger plus sainement;Limiter son empreinte écologique","Un réflexe","Le prix;Le manque de temps","Aides financières (chèques alimentation, épiceries solidaires…);Plus de liens avec les producteurs (visites, témoignages…)"
"2025/05/27 11:14:29 PM UTC+3","Grand Est","Ni d’accord ni pas d’accord (neutre)","Plutôt d’accord","Pas du tout d'accord","Pas du tout d'accord","Plutôt pas d'accord","Ni d’accord ni pas d’accord (neutre)","Plutôt pas d'accord","Ni d’accord ni pas d’accord (neutre)","Pas du tout d'accord","Ni d’accord ni pas d’accord (neutre)","Pas du tout d'accord","Pas du tout d'accord","Pas du tout d'accord","Pas du tout d'accord","Pas du tout d'accord","Pas du tout d'accord","Pas du tout d'accord","Plutôt pas d'accord","Pas du tout d'accord","Pas du tout d'accord","Plutôt pas d'accord","Plutôt d’accord","Plutôt pas d'accord","Pas du tout d'accord","Plutôt d’accord","Ni d’accord ni pas d’accord (neutre)","Plutôt d’accord","Plutôt pas d'accord","Ni d’accord ni pas d’accord (neutre)","Plutôt d’accord","Plutôt d’accord","Tout à fait d’accord","Ni d’accord ni pas d’accord (neutre)","Plutôt pas d'accord","Plutôt pas d'accord","Plutôt pas d'accord","Tout à fait d’accord","Plutôt pas d'accord","Pas du tout d'accord","Pas du tout d'accord","Pas du tout d'accord","Pas du tout d'accord","Plutôt pas d'accord","Pas du tout d'accord","Plutôt d’accord","Plutôt pas d'accord","Ni d’accord ni pas d’accord (neutre)","Tout à fait d’accord","J’y suis sensible, mais je n’agis pas beaucoup","Basés sur le goût;Basés sur le prix;Basés sur la qualité nutritionnelle;Basés sur la facilité d’accès","Soutenir les producteurs;Manger plus sainement;Limiter son empreinte écologique","Un effort;Une contrainte","Le prix;Le manque d’offre proche;Le manque d’habitude;Je ne sais pas où chercher","Meilleure signalétique des produits locaux;Aides financières (chèques alimentation, épiceries solidaires…)"
"2025/05/27 11:24:29 PM UTC+3","Île-de-France","Tout à fait d’accord","Tout à fait d’accord","Tout à fait d’accord","Plutôt d’accord","Tout à fait d’accord","Tout à fait d’accord","Tout à fait d’accord","Tout à fait d’accord","Tout à fait d’accord","Tout à fait d’accord","Pas du tout d'accord","Tout à fait d’accord","Tout à fait d’accord","Ni d’accord ni pas d’accord (neutre)","Plutôt d’accord","Tout à fait d’accord","Plutôt d’accord","Tout à fait d’accord","Pas du tout d'accord","Pas du tout d'accord","Ni d’accord ni pas d’accord (neutre)","Tout à fait d’accord","Tout à fait d’accord","Pas du tout d'accord","Tout à fait d’accord","Tout à fait d’accord","Tout à fait d’accord","Plutôt pas d'accord","Plutôt d’accord","Plutôt d’accord","Plutôt pas d'accord","Plutôt d’accord","Tout à fait d’accord","Ni d’accord ni pas d’accord (neutre)","Tout à fait d’accord","Tout à fait d’accord","Plutôt pas d'accord","Pas du tout d'accord","Pas du tout d'accord","Tout à fait d’accord","Pas du tout d'accord","Pas du tout d'accord","Tout à fait d’accord","Ni d’accord ni pas d’accord (neutre)","Plutôt d’accord","Ni d’accord ni pas d’accord (neutre)","Tout à fait d’accord","Tout à fait d’accord","C’est central pour moi, je fais beaucoup d’efforts","Basés sur le goût;Basés sur la proximité géographique;Basés sur la qualité nutritionnelle;Basés sur l’impact environnemental","Soutenir les producteurs;Manger plus sainement;Limiter son empreinte écologique;Réduire les intermédiaires","Un réflexe","Aucun obstacle particulier","Meilleure signalétique des produits locaux"
"2025/05/27 11:27:08 PM UTC+3","Bretagne","Tout à fait d’accord","Tout à fait d’accord","Tout à fait d’accord","Tout à fait d’accord","Plutôt d’accord","Tout à fait d’accord","Tout à fait d’accord","Tout à fait d’accord","Plutôt pas d'accord","Plutôt d’accord","Pas du tout d'accord","Ni d’accord ni pas d’accord (neutre)","Pas du tout d'accord","Plutôt d’accord","Ni d’accord ni pas d’accord (neutre)","Plutôt pas d'accord","Ni d’accord ni pas d’accord (neutre)","Plutôt d’accord","Plutôt d’accord","Ni d’accord ni pas d’accord (neutre)","Plutôt d’accord","Plutôt d’accord","Tout à fait d’accord","Tout à fait d’accord","Plutôt d’accord","Plutôt d’accord","Tout à fait d’accord","Plutôt d’accord","Tout à fait d’accord","Tout à fait d’accord","Plutôt d’accord","Tout à fait d’accord","Ni d’accord ni pas d’accord (neutre)","Plutôt pas d'accord","Plutôt d’accord","Ni d’accord ni pas d’accord (neutre)","Plutôt d’accord","Plutôt pas d'accord","Plutôt pas d'accord","Plutôt d’accord","Plutôt pas d'accord","Tout à fait d’accord","Plutôt d’accord","Plutôt d’accord","Tout à fait d’accord","Plutôt pas d'accord","Ni d’accord ni pas d’accord (neutre)","Plutôt d’accord","C’est important, mais ce n’est pas toujours simple","Basés sur le goût;Basés sur le prix;Basés sur la proximité géographique;Basés sur la qualité nutritionnelle;Basés sur l’impact environnemental","Manger plus sainement;Limiter son empreinte écologique;Réduire les intermédiaires","Un réflexe","Le prix;Le manque d’information claire","Meilleure signalétique des produits locaux;Plus de liens avec les producteurs (visites, témoignages…)"
"2025/05/27 11:28:27 PM UTC+3","Île-de-France","Plutôt d’accord","Plutôt pas d'accord","Plutôt d’accord","Tout à fait d’accord","Pas du tout d'accord","Plutôt d’accord","Plutôt d’accord","Plutôt pas d'accord","Pas du tout d'accord","Tout à fait d’accord","Pas du tout d'accord","Plutôt d’accord","Pas du tout d'accord","Tout à fait d’accord","Plutôt pas d'accord","Plutôt pas d'accord","Plutôt pas d'accord","Plutôt pas d'accord","Pas du tout d'accord","Pas du tout d'accord","Pas du tout d'accord","Tout à fait d’accord","Plutôt pas d'accord","Pas du tout d'accord","Tout à fait d’accord","Tout à fait d’accord","Tout à fait d’accord","Pas du tout d'accord","Plutôt d’accord","Pas du tout d'accord","Tout à fait d’accord","Tout à fait d’accord","Tout à fait d’accord","Plutôt pas d'accord","Pas du tout d'accord","Pas du tout d'accord","Pas du tout d'accord","Pas du tout d'accord","Pas du tout d'accord","Plutôt d’accord","Pas du tout d'accord","Pas du tout d'accord","Pas du tout d'accord","Pas du tout d'accord","Tout à fait d’accord","Plutôt d’accord","Plutôt d’accord","Plutôt d’accord","J’y suis sensible, mais je n’agis pas beaucoup","Basés sur le goût;Basés sur la qualité nutritionnelle;Basés sur l’impact environnemental","Soutenir les producteurs;Manger plus sainement;Limiter son empreinte écologique;Réduire les intermédiaires","Un idéal inaccessible","Le manque d’offre proche;Le manque d’information claire;Je ne sais pas où chercher","Meilleure signalétique des produits locaux;Plus d’événements ou d’animations sur l’alimentation locale;Plus de liens avec les producteurs (visites, témoignages…)"
"2025/05/27 11:40:58 PM UTC+3","Bretagne","Plutôt d’accord","Plutôt d’accord","Tout à fait d’accord","Plutôt d’accord","Ni d’accord ni pas d’accord (neutre)","Plutôt d’accord","Plutôt d’accord","Plutôt d’accord","Pas du tout d'accord","Plutôt d’accord","Pas du tout d'accord","Plutôt pas d'accord","Pas du tout d'accord","Plutôt pas d'accord","Pas du tout d'accord","Pas du tout d'accord","Plutôt d’accord","Plutôt d’accord","Ni d’accord ni pas d’accord (neutre)","Plutôt d’accord","Plutôt pas d'accord","Plutôt d’accord","Pas du tout d'accord","Pas du tout d'accord","Plutôt d’accord","Plutôt d’accord","Plutôt d’accord","Pas du tout d'accord","Plutôt d’accord","Plutôt d’accord","Plutôt d’accord","Plutôt d’accord","Plutôt pas d'accord","Plutôt pas d'accord","Pas du tout d'accord","Ni d’accord ni pas d’accord (neutre)","Plutôt d’accord","Pas du tout d'accord","Plutôt d’accord","Pas du tout d'accord","Pas du tout d'accord","Pas du tout d'accord","Ni d’accord ni pas d’accord (neutre)","Pas du tout d'accord","Plutôt d’accord","Plutôt d’accord","Plutôt d’accord","Tout à fait d’accord","C’est important, mais ce n’est pas toujours simple","Basés sur le goût;Basés sur le prix;Basés sur la proximité géographique;Basés sur l’impact environnemental","Soutenir les producteurs;Limiter son empreinte écologique;Réduire les intermédiaires","Un effort","Le prix;Le manque de temps;Je ne sais pas où chercher","Meilleure signalétique des produits locaux"
"2025/05/27 11:55:39 PM UTC+3","Bretagne","Tout à fait d’accord","Plutôt d’accord","Plutôt d’accord","Plutôt d’accord","Tout à fait d’accord","Tout à fait d’accord","Plutôt d’accord","Plutôt d’accord","Ni d’accord ni pas d’accord (neutre)","Ni d’accord ni pas d’accord (neutre)","Plutôt pas d'accord","Ni d’accord ni pas d’accord (neutre)","Pas du tout d'accord","Plutôt pas d'accord","Plutôt pas d'accord","Plutôt pas d'accord","Plutôt d’accord","Ni d’accord ni pas d’accord (neutre)","Plutôt d’accord","Plutôt d’accord","Plutôt d’accord","Plutôt d’accord","Plutôt d’accord","Ni d’accord ni pas d’accord (neutre)","Tout à fait d’accord","Tout à fait d’accord","Tout à fait d’accord","Ni d’accord ni pas d’accord (neutre)","Tout à fait d’accord","Tout à fait d’accord","Ni d’accord ni pas d’accord (neutre)","Plutôt d’accord","Plutôt d’accord","Plutôt d’accord","Plutôt d’accord","Plutôt d’accord","Plutôt d’accord","Ni d’accord ni pas d’accord (neutre)","Plutôt pas d'accord","Plutôt pas d'accord","Plutôt pas d'accord","Plutôt pas d'accord","Plutôt d’accord","Plutôt d’accord","Plutôt d’accord","Ni d’accord ni pas d’accord (neutre)","Plutôt d’accord","Plutôt d’accord","J’y suis sensible, mais je n’agis pas beaucoup","Basés sur le goût;Basés sur le prix;Basés sur l’impact environnemental;Basés sur la facilité d’accès","Soutenir les producteurs;Limiter son empreinte écologique;Réduire les intermédiaires","Un réflexe","Le manque d’offre proche;Le manque d’habitude","Meilleure signalétique des produits locaux;Plus d’offres en ligne / en livraison"
"2025/05/28 12:16:52 AM UTC+3","Pays de la Loire","Plutôt pas d'accord","Plutôt pas d'accord","Ni d’accord ni pas d’accord (neutre)","Plutôt pas d'accord","Plutôt d’accord","Plutôt d’accord","Plutôt d’accord","Plutôt d’accord","Pas du tout d'accord","Plutôt pas d'accord","Pas du tout d'accord","Ni d’accord ni pas d’accord (neutre)","Pas du tout d'accord","Plutôt d’accord","Ni d’accord ni pas d’accord (neutre)","Plutôt pas d'accord","Plutôt pas d'accord","Plutôt d’accord","Plutôt d’accord","Plutôt pas d'accord","Plutôt d’accord","Ni d’accord ni pas d’accord (neutre)","Plutôt d’accord","Plutôt d’accord","Plutôt d’accord","Plutôt d’accord","Plutôt d’accord","Ni d’accord ni pas d’accord (neutre)","Tout à fait d’accord","Tout à fait d’accord","Tout à fait d’accord","Tout à fait d’accord","Plutôt pas d'accord","Plutôt pas d'accord","Ni d’accord ni pas d’accord (neutre)","Plutôt d’accord","Tout à fait d’accord","Plutôt pas d'accord","Pas du tout d'accord","Plutôt pas d'accord","Plutôt pas d'accord","Pas du tout d'accord","Ni d’accord ni pas d’accord (neutre)","Ni d’accord ni pas d’accord (neutre)","Ni d’accord ni pas d’accord (neutre)","Ni d’accord ni pas d’accord (neutre)","Ni d’accord ni pas d’accord (neutre)","Ni d’accord ni pas d’accord (neutre)","J’y suis sensible, mais je n’agis pas beaucoup","Basés sur le prix;Basés sur la qualité nutritionnelle;Basés sur l’impact environnemental","Soutenir les producteurs;Limiter son empreinte écologique;Réduire les intermédiaires;Faire un acte politique","Un effort","Le prix;Le manque d’information claire","Meilleure signalétique des produits locaux;Aides financières (chèques alimentation, épiceries solidaires…);Plus d’offres en ligne / en livraison"
"2025/05/28 12:21:28 AM UTC+3","Bretagne","Ni d’accord ni pas d’accord (neutre)","Ni d’accord ni pas d’accord (neutre)","Plutôt d’accord","Plutôt d’accord","Ni d’accord ni pas d’accord (neutre)","Plutôt d’accord","Tout à fait d’accord","Tout à fait d’accord","Pas du tout d'accord","Ni d’accord ni pas d’accord (neutre)","Pas du tout d'accord","Pas du tout d'accord","Ni d’accord ni pas d’accord (neutre)","Pas du tout d'accord","Plutôt pas d'accord","Ni d’accord ni pas d’accord (neutre)","Tout à fait d’accord","Plutôt d’accord","Ni d’accord ni pas d’accord (neutre)","Pas du tout d'accord","Plutôt pas d'accord","Ni d’accord ni pas d’accord (neutre)","Ni d’accord ni pas d’accord (neutre)","Pas du tout d'accord","Tout à fait d’accord","Plutôt d’accord","Tout à fait d’accord","Tout à fait d’accord","Tout à fait d’accord","Tout à fait d’accord","Ni d’accord ni pas d’accord (neutre)","Plutôt d’accord","Ni d’accord ni pas d’accord (neutre)","Plutôt pas d'accord","Plutôt pas d'accord","Ni d’accord ni pas d’accord (neutre)","Plutôt d’accord","Pas du tout d'accord","Pas du tout d'accord","Plutôt d’accord","Ni d’accord ni pas d’accord (neutre)","Pas du tout d'accord","Ni d’accord ni pas d’accord (neutre)","Pas du tout d'accord","Tout à fait d’accord","Tout à fait d’accord","Plutôt d’accord","Plutôt d’accord","J’y suis sensible, mais je n’agis pas beaucoup","Basés sur le goût;Basés sur le prix;Basés sur l’impact environnemental","Soutenir les producteurs;Limiter son empreinte écologique;S’ancrer dans un territoire;Réduire les intermédiaires","Un effort;Un idéal inaccessible;Une démarche que j’admire sans suivre","Le manque d’offre proche;Le manque d’information claire;Le manque d’habitude","Meilleure signalétique des produits locaux;Aides financières (chèques alimentation, épiceries solidaires…);Plus de liens avec les producteurs (visites, témoignages…)"
"2025/05/28 1:28:11 AM UTC+3","Grand Est","Plutôt d’accord","Tout à fait d’accord","Plutôt d’accord","Tout à fait d’accord","Tout à fait d’accord","Tout à fait d’accord","Tout à fait d’accord","Tout à fait d’accord","Plutôt d’accord","Ni d’accord ni pas d’accord (neutre)","Pas du tout d'accord","Plutôt d’accord","Plutôt d’accord","Tout à fait d’accord","Plutôt d’accord","Pas du tout d'accord","Ni d’accord ni pas d’accord (neutre)","Plutôt d’accord","Ni d’accord ni pas d’accord (neutre)","Ni d’accord ni pas d’accord (neutre)","Plutôt d’accord","Tout à fait d’accord","Tout à fait d’accord","Ni d’accord ni pas d’accord (neutre)","Plutôt d’accord","Tout à fait d’accord","Tout à fait d’accord","Tout à fait d’accord","Tout à fait d’accord","Tout à fait d’accord","Plutôt d’accord","Tout à fait d’accord","Plutôt d’accord","Plutôt pas d'accord","Ni d’accord ni pas d’accord (neutre)","Tout à fait d’accord","Ni d’accord ni pas d’accord (neutre)","Pas du tout d'accord","Pas du tout d'accord","Pas du tout d'accord","Pas du tout d'accord","Pas du tout d'accord","Tout à fait d’accord","Tout à fait d’accord","Tout à fait d’accord","Ni d’accord ni pas d’accord (neutre)","Plutôt d’accord","Tout à fait d’accord","C’est central pour moi, je fais beaucoup d’efforts","Basés sur le prix;Basés sur la proximité géographique;Basés sur la qualité nutritionnelle;Basés sur l’impact environnemental","Soutenir les producteurs;Manger plus sainement;Limiter son empreinte écologique","Un réflexe","Le prix","Aides financières (chèques alimentation, épiceries solidaires…);Plus de liens avec les producteurs (visites, témoignages…)"
"2025/05/28 1:47:57 AM UTC+3","Bretagne","Ni d’accord ni pas d’accord (neutre)","Ni d’accord ni pas d’accord (neutre)","Plutôt pas d'accord","Plutôt d’accord","Ni d’accord ni pas d’accord (neutre)","Ni d’accord ni pas d’accord (neutre)","Plutôt d’accord","Ni d’accord ni pas d’accord (neutre)","Plutôt pas d'accord","Plutôt d’accord","Pas du tout d'accord","Plutôt pas d'accord","Tout à fait d’accord","Ni d’accord ni pas d’accord (neutre)","Plutôt d’accord","Ni d’accord ni pas d’accord (neutre)","Plutôt pas d'accord","Ni d’accord ni pas d’accord (neutre)","Plutôt pas d'accord","Pas du tout d'accord","Ni d’accord ni pas d’accord (neutre)","Plutôt d’accord","Plutôt d’accord","Plutôt d’accord","Tout à fait d’accord","Plutôt d’accord","Plutôt d’accord","Ni d’accord ni pas d’accord (neutre)","Ni d’accord ni pas d’accord (neutre)","Tout à fait d’accord","Plutôt d’accord","Plutôt d’accord","Plutôt d’accord","Ni d’accord ni pas d’accord (neutre)","Plutôt pas d'accord","Plutôt pas d'accord","Ni d’accord ni pas d’accord (neutre)","Plutôt pas d'accord","Plutôt pas d'accord","Plutôt d’accord","Plutôt d’accord","Pas du tout d'accord","Tout à fait d’accord","Ni d’accord ni pas d’accord (neutre)","Tout à fait d’accord","Plutôt pas d'accord","Plutôt d’accord","Plutôt d’accord","C’est important, mais ce n’est pas toujours simple","Basés sur le prix;Basés sur la qualité nutritionnelle;Basés sur l’impact environnemental;Basés sur la facilité d’accès","Soutenir les producteurs;Manger plus sainement;Limiter son empreinte écologique;Réduire les intermédiaires","Un effort","Le manque d’information claire;Le manque d’habitude","Plus d’événements ou d’animations sur l’alimentation locale"
"2025/05/28 6:51:47 AM UTC+3","Provence-Alpes-Côte d’Azur","Plutôt pas d'accord","Plutôt d’accord","Plutôt d’accord","Plutôt d’accord","Ni d’accord ni pas d’accord (neutre)","Ni d’accord ni pas d’accord (neutre)","Pas du tout d'accord","Plutôt d’accord","Pas du tout d'accord","Ni d’accord ni pas d’accord (neutre)","Pas du tout d'accord","Pas du tout d'accord","Ni d’accord ni pas d’accord (neutre)","Ni d’accord ni pas d’accord (neutre)","Pas du tout d'accord","Plutôt pas d'accord","Plutôt pas d'accord","Ni d’accord ni pas d’accord (neutre)","Ni d’accord ni pas d’accord (neutre)","Plutôt d’accord","Ni d’accord ni pas d’accord (neutre)","Ni d’accord ni pas d’accord (neutre)","Plutôt d’accord","Plutôt d’accord","Plutôt d’accord","Plutôt d’accord","Ni d’accord ni pas d’accord (neutre)","Plutôt pas d'accord","Plutôt d’accord","Plutôt d’accord","Ni d’accord ni pas d’accord (neutre)","Plutôt d’accord","Ni d’accord ni pas d’accord (neutre)","Ni d’accord ni pas d’accord (neutre)","Plutôt d’accord","Plutôt d’accord","Plutôt d’accord","Plutôt d’accord","Plutôt d’accord","Plutôt d’accord","Plutôt d’accord","Ni d’accord ni pas d’accord (neutre)","Plutôt d’accord","Plutôt d’accord","Plutôt d’accord","Ni d’accord ni pas d’accord (neutre)","Plutôt d’accord","Plutôt d’accord","J’y suis sensible, mais je n’agis pas beaucoup","Basés sur le goût;Basés sur le prix;Basés sur la qualité nutritionnelle;Basés sur l’impact environnemental","Soutenir les producteurs;Manger plus sainement;S’ancrer dans un territoire","Un effort","Le manque d’information claire;Le manque de temps;Le manque d’habitude","Meilleure signalétique des produits locaux;Aides financières (chèques alimentation, épiceries solidaires…);Plus d’événements ou d’animations sur l’alimentation locale;Plus d’offres en ligne / en livraison;Plus de liens avec les producteurs (visites, témoignages…)"
"2025/05/28 7:30:03 AM UTC+3","Auvergne-Rhône-Alpes","Tout à fait d’accord","Tout à fait d’accord","Plutôt d’accord","Tout à fait d’accord","Tout à fait d’accord","Tout à fait d’accord","Tout à fait d’accord","Tout à fait d’accord","Plutôt pas d'accord","Plutôt d’accord","Plutôt pas d'accord","Ni d’accord ni pas d’accord (neutre)","Tout à fait d’accord","Ni d’accord ni pas d’accord (neutre)","Ni d’accord ni pas d’accord (neutre)","Tout à fait d’accord","Tout à fait d’accord","Tout à fait d’accord","Tout à fait d’accord","Ni d’accord ni pas d’accord (neutre)","Tout à fait d’accord","Tout à fait d’accord","Tout à fait d’accord","Ni d’accord ni pas d’accord (neutre)","Tout à fait d’accord","Tout à fait d’accord","Tout à fait d’accord","Plutôt pas d'accord","Tout à fait d’accord","Plutôt pas d'accord","Plutôt d’accord","Plutôt d’accord","Plutôt d’accord","Plutôt pas d'accord","Plutôt d’accord","Plutôt d’accord","Plutôt d’accord","Plutôt pas d'accord","Plutôt pas d'accord","Plutôt pas d'accord","Ni d’accord ni pas d’accord (neutre)","Plutôt pas d'accord","Tout à fait d’accord","Tout à fait d’accord","Tout à fait d’accord","Tout à fait d’accord","Tout à fait d’accord","Tout à fait d’accord","C’est central pour moi, je fais beaucoup d’efforts","Basés sur le goût;Basés sur la proximité géographique;Basés sur l’impact environnemental","Soutenir les producteurs;Manger plus sainement;Limiter son empreinte écologique;Réduire les intermédiaires;Faire un acte politique","Un réflexe","Aucun obstacle particulier","Meilleure signalétique des produits locaux;Plus d’événements ou d’animations sur l’alimentation locale;Plus de liens avec les producteurs (visites, témoignages…)"
"2025/05/28 8:09:43 AM UTC+3","Bretagne","Plutôt d’accord","Tout à fait d’accord","Tout à fait d’accord","Tout à fait d’accord","Tout à fait d’accord","Tout à fait d’accord","Plutôt d’accord","Ni d’accord ni pas d’accord (neutre)","Tout à fait d’accord","Tout à fait d’accord","Pas du tout d'accord","Tout à fait d’accord","Ni d’accord ni pas d’accord (neutre)","Plutôt d’accord","Ni d’accord ni pas d’accord (neutre)","Plutôt pas d'accord","Plutôt d’accord","Ni d’accord ni pas d’accord (neutre)","Ni d’accord ni pas d’accord (neutre)","Ni d’accord ni pas d’accord (neutre)","Plutôt d’accord","Plutôt d’accord","Ni d’accord ni pas d’accord (neutre)","Ni d’accord ni pas d’accord (neutre)","Tout à fait d’accord","Tout à fait d’accord","Tout à fait d’accord","Tout à fait d’accord","Tout à fait d’accord","Tout à fait d’accord","Tout à fait d’accord","Tout à fait d’accord","Plutôt d’accord","Ni d’accord ni pas d’accord (neutre)","Ni d’accord ni pas d’accord (neutre)","Ni d’accord ni pas d’accord (neutre)","Ni d’accord ni pas d’accord (neutre)","Ni d’accord ni pas d’accord (neutre)","Ni d’accord ni pas d’accord (neutre)","Ni d’accord ni pas d’accord (neutre)","Ni d’accord ni pas d’accord (neutre)","Ni d’accord ni pas d’accord (neutre)","Ni d’accord ni pas d’accord (neutre)","Ni d’accord ni pas d’accord (neutre)","Ni d’accord ni pas d’accord (neutre)","Ni d’accord ni pas d’accord (neutre)","Ni d’accord ni pas d’accord (neutre)","Ni d’accord ni pas d’accord (neutre)","C’est central pour moi, je fais beaucoup d’efforts","Basés sur la qualité nutritionnelle","Soutenir les producteurs;Manger plus sainement;Limiter son empreinte écologique;Réduire les intermédiaires","Un réflexe","Aucun obstacle particulier","Rien de tout cela / je ne souhaite pas changer"
"2025/05/28 8:32:41 AM UTC+3","Hauts-de-France","Tout à fait d’accord","Plutôt d’accord","Plutôt d’accord","Plutôt d’accord","Plutôt d’accord","Tout à fait d’accord","Plutôt d’accord","Tout à fait d’accord","Ni d’accord ni pas d’accord (neutre)","Tout à fait d’accord","Ni d’accord ni pas d’accord (neutre)","Plutôt d’accord","Tout à fait d’accord","Plutôt d’accord","Ni d’accord ni pas d’accord (neutre)","Ni d’accord ni pas d’accord (neutre)","Ni d’accord ni pas d’accord (neutre)","Ni d’accord ni pas d’accord (neutre)","Ni d’accord ni pas d’accord (neutre)","Ni d’accord ni pas d’accord (neutre)","Plutôt d’accord","Tout à fait d’accord","Plutôt d’accord","Ni d’accord ni pas d’accord (neutre)","Tout à fait d’accord","Tout à fait d’accord","Plutôt d’accord","Ni d’accord ni pas d’accord (neutre)","Plutôt d’accord","Ni d’accord ni pas d’accord (neutre)","Plutôt d’accord","Plutôt d’accord","Plutôt d’accord","Ni d’accord ni pas d’accord (neutre)","Ni d’accord ni pas d’accord (neutre)","Plutôt d’accord","Plutôt d’accord","Ni d’accord ni pas d’accord (neutre)","Ni d’accord ni pas d’accord (neutre)","Ni d’accord ni pas d’accord (neutre)","Ni d’accord ni pas d’accord (neutre)","Ni d’accord ni pas d’accord (neutre)","Plutôt d’accord","Plutôt d’accord","Plutôt d’accord","Plutôt d’accord","Plutôt d’accord","Tout à fait d’accord","C’est important, mais ce n’est pas toujours simple","Basés sur le goût;Basés sur la proximité géographique;Basés sur l’impact environnemental","Soutenir les producteurs;Limiter son empreinte écologique;Réduire les intermédiaires;Faire un acte politique","Un réflexe","Le manque d’information claire","Meilleure signalétique des produits locaux;Plus d’offres en ligne / en livraison"
"2025/05/28 8:39:07 AM UTC+3","Bretagne","Tout à fait d’accord","Tout à fait d’accord","Plutôt d’accord","Plutôt d’accord","Plutôt d’accord","Plutôt d’accord","Plutôt d’accord","Tout à fait d’accord","Ni d’accord ni pas d’accord (neutre)","Tout à fait d’accord","Ni d’accord ni pas d’accord (neutre)","Tout à fait d’accord","Ni d’accord ni pas d’accord (neutre)","Plutôt d’accord","Ni d’accord ni pas d’accord (neutre)","Ni d’accord ni pas d’accord (neutre)","Plutôt d’accord","Plutôt d’accord","Plutôt d’accord","Plutôt pas d'accord","Plutôt d’accord","Tout à fait d’accord","Tout à fait d’accord","Plutôt d’accord","Plutôt d’accord","Tout à fait d’accord","Tout à fait d’accord","Tout à fait d’accord","Plutôt d’accord","Tout à fait d’accord","Tout à fait d’accord","Tout à fait d’accord","Plutôt d’accord","Plutôt d’accord","Plutôt d’accord","Plutôt d’accord","Plutôt d’accord","Plutôt d’accord","Ni d’accord ni pas d’accord (neutre)","Ni d’accord ni pas d’accord (neutre)","Ni d’accord ni pas d’accord (neutre)","Pas du tout d'accord","Plutôt d’accord","Tout à fait d’accord","Tout à fait d’accord","Plutôt d’accord","Ni d’accord ni pas d’accord (neutre)","Tout à fait d’accord","C’est important, mais ce n’est pas toujours simple","Basés sur le prix;Basés sur la proximité géographique;Basés sur la qualité nutritionnelle;Basés sur l’impact environnemental;Basés sur la facilité d’accès","Soutenir les producteurs;Limiter son empreinte écologique;Réduire les intermédiaires","Un réflexe","Le prix;Le manque d’offre proche;Le manque d’information claire;Le manque de temps","Meilleure signalétique des produits locaux;Plus d’événements ou d’animations sur l’alimentation locale;Plus d’offres en ligne / en livraison;Plus de liens avec les producteurs (visites, témoignages…)"
"2025/05/28 8:39:10 AM UTC+3","Bretagne","Tout à fait d’accord","Tout à fait d’accord","Plutôt d’accord","Tout à fait d’accord","Tout à fait d’accord","Plutôt d’accord","Plutôt d’accord","Plutôt d’accord","Ni d’accord ni pas d’accord (neutre)","Plutôt d’accord","Pas du tout d'accord","Tout à fait d’accord","Tout à fait d’accord","Tout à fait d’accord","Plutôt d’accord","Tout à fait d’accord","Tout à fait d’accord","Tout à fait d’accord","Plutôt d’accord","Ni d’accord ni pas d’accord (neutre)","Plutôt d’accord","Plutôt d’accord","Plutôt d’accord","Plutôt pas d'accord","Plutôt d’accord","Plutôt d’accord","Tout à fait d’accord","Ni d’accord ni pas d’accord (neutre)","Plutôt d’accord","Plutôt d’accord","Plutôt d’accord","Plutôt d’accord","Ni d’accord ni pas d’accord (neutre)","Plutôt d’accord","Plutôt d’accord","Plutôt d’accord","Plutôt d’accord","Ni d’accord ni pas d’accord (neutre)","Plutôt pas d'accord","Ni d’accord ni pas d’accord (neutre)","Plutôt d’accord","Plutôt pas d'accord","Plutôt d’accord","Plutôt d’accord","Plutôt d’accord","Ni d’accord ni pas d’accord (neutre)","Plutôt d’accord","Plutôt d’accord","C’est central pour moi, je fais beaucoup d’efforts","Basés sur la proximité géographique;Basés sur la qualité nutritionnelle;Basés sur l’impact environnemental","Soutenir les producteurs;Manger plus sainement;Limiter son empreinte écologique;Réduire les intermédiaires","Un réflexe","Aucun obstacle particulier","Aides financières (chèques alimentation, épiceries solidaires…);Plus d’événements ou d’animations sur l’alimentation locale"
"2025/05/28 10:09:46 AM UTC+3","Grand Est","Ni d’accord ni pas d’accord (neutre)","Plutôt d’accord","Plutôt d’accord","Plutôt d’accord","Tout à fait d’accord","Plutôt d’accord","Plutôt d’accord","Tout à fait d’accord","Plutôt d’accord","Plutôt d’accord","Pas du tout d'accord","Ni d’accord ni pas d’accord (neutre)","Pas du tout d'accord","Ni d’accord ni pas d’accord (neutre)","Plutôt d’accord","Plutôt pas d'accord","Plutôt pas d'accord","Plutôt pas d'accord","Plutôt d’accord","Pas du tout d'accord","Ni d’accord ni pas d’accord (neutre)","Ni d’accord ni pas d’accord (neutre)","Ni d’accord ni pas d’accord (neutre)","Ni d’accord ni pas d’accord (neutre)","Tout à fait d’accord","Tout à fait d’accord","Tout à fait d’accord","Tout à fait d’accord","Tout à fait d’accord","Tout à fait d’accord","Ni d’accord ni pas d’accord (neutre)","Plutôt d’accord","Ni d’accord ni pas d’accord (neutre)","Ni d’accord ni pas d’accord (neutre)","Ni d’accord ni pas d’accord (neutre)","Ni d’accord ni pas d’accord (neutre)","Plutôt d’accord","Plutôt pas d'accord","Pas du tout d'accord","Ni d’accord ni pas d’accord (neutre)","Plutôt pas d'accord","Pas du tout d'accord","Ni d’accord ni pas d’accord (neutre)","Tout à fait d’accord","Plutôt d’accord","Plutôt d’accord","Plutôt d’accord","Plutôt d’accord","C’est important, mais ce n’est pas toujours simple","Basés sur le prix;Basés sur la qualité nutritionnelle;Basés sur l’impact environnemental","Limiter son empreinte écologique;Réduire les intermédiaires","Un effort","Le prix;Le manque de temps","Meilleure signalétique des produits locaux"
"2025/05/28 10:10:21 AM UTC+3","Île-de-France","Plutôt d’accord","Ni d’accord ni pas d’accord (neutre)","Plutôt d’accord","Tout à fait d’accord","Plutôt pas d'accord","Tout à fait d’accord","Ni d’accord ni pas d’accord (neutre)","Tout à fait d’accord","Plutôt pas d'accord","Plutôt d’accord","Pas du tout d'accord","Ni d’accord ni pas d’accord (neutre)","Pas du tout d'accord","Tout à fait d’accord","Ni d’accord ni pas d’accord (neutre)","Pas du tout d'accord","Pas du tout d'accord","Plutôt pas d'accord","Pas du tout d'accord","Pas du tout d'accord","Pas du tout d'accord","Tout à fait d’accord","Plutôt d’accord","Pas du tout d'accord","Plutôt d’accord","Plutôt d’accord","Tout à fait d’accord","Pas du tout d'accord","Plutôt d’accord","Plutôt d’accord","Tout à fait d’accord","Ni d’accord ni pas d’accord (neutre)","Ni d’accord ni pas d’accord (neutre)","Pas du tout d'accord","Pas du tout d'accord","Ni d’accord ni pas d’accord (neutre)","Plutôt d’accord","Pas du tout d'accord","Pas du tout d'accord","Plutôt pas d'accord","Pas du tout d'accord","Pas du tout d'accord","Pas du tout d'accord","Pas du tout d'accord","Tout à fait d’accord","Pas du tout d'accord","Ni d’accord ni pas d’accord (neutre)","Tout à fait d’accord","J’y suis sensible, mais je n’agis pas beaucoup","Basés sur la proximité géographique;Basés sur la qualité nutritionnelle;Basés sur l’impact environnemental","Soutenir les producteurs;Réduire les intermédiaires","Une démarche que j’admire sans suivre","Le manque d’information claire;Le manque de temps;Le manque d’habitude","Plus d’événements ou d’animations sur l’alimentation locale;Plus de liens avec les producteurs (visites, témoignages…)"
"2025/05/28 10:19:09 AM UTC+3","Bretagne","Plutôt d’accord","Ni d’accord ni pas d’accord (neutre)","Ni d’accord ni pas d’accord (neutre)","Plutôt d’accord","Plutôt d’accord","Plutôt d’accord","Plutôt d’accord","Ni d’accord ni pas d’accord (neutre)","Plutôt pas d'accord","Ni d’accord ni pas d’accord (neutre)","Plutôt pas d'accord","Plutôt pas d'accord","Plutôt pas d'accord","Plutôt pas d'accord","Plutôt pas d'accord","Ni d’accord ni pas d’accord (neutre)","Plutôt d’accord","Plutôt d’accord","Ni d’accord ni pas d’accord (neutre)","Ni d’accord ni pas d’accord (neutre)","Ni d’accord ni pas d’accord (neutre)","Plutôt d’accord","Ni d’accord ni pas d’accord (neutre)","Ni d’accord ni pas d’accord (neutre)","Plutôt d’accord","Plutôt d’accord","Plutôt d’accord","Ni d’accord ni pas d’accord (neutre)","Ni d’accord ni pas d’accord (neutre)","Plutôt d’accord","Plutôt d’accord","Ni d’accord ni pas d’accord (neutre)","Ni d’accord ni pas d’accord (neutre)","Ni d’accord ni pas d’accord (neutre)","Ni d’accord ni pas d’accord (neutre)","Plutôt d’accord","Plutôt d’accord","Plutôt pas d'accord","Plutôt pas d'accord","Ni d’accord ni pas d’accord (neutre)","Plutôt pas d'accord","Plutôt pas d'accord","Plutôt d’accord","Ni d’accord ni pas d’accord (neutre)","Plutôt d’accord","Ni d’accord ni pas d’accord (neutre)","Plutôt d’accord","Plutôt d’accord","C’est important, mais ce n’est pas toujours simple","Basés sur le goût;Basés sur le prix","Soutenir les producteurs;Limiter son empreinte écologique;Faire un acte politique","Un idéal inaccessible","Le prix;Le manque d’offre proche;Le manque d’habitude","Meilleure signalétique des produits locaux;Aides financières (chèques alimentation, épiceries solidaires…);Plus d’offres en ligne / en livraison"
"2025/05/28 11:11:12 AM UTC+3","Île-de-France","Tout à fait d’accord","Tout à fait d’accord","Tout à fait d’accord","Plutôt pas d'accord","Pas du tout d'accord","Tout à fait d’accord","Tout à fait d’accord","Tout à fait d’accord","Pas du tout d'accord","Pas du tout d'accord","Pas du tout d'accord","Pas du tout d'accord","Pas du tout d'accord","Pas du tout d'accord","Pas du tout d'accord","Pas du tout d'accord","Ni d’accord ni pas d’accord (neutre)","Ni d’accord ni pas d’accord (neutre)","Plutôt pas d'accord","Plutôt pas d'accord","Pas du tout d'accord","Tout à fait d’accord","Pas du tout d'accord","Tout à fait d’accord","Tout à fait d’accord","Tout à fait d’accord","Plutôt pas d'accord","Plutôt pas d'accord","Pas du tout d'accord","Pas du tout d'accord","Pas du tout d'accord","Tout à fait d’accord","Ni d’accord ni pas d’accord (neutre)","Pas du tout d'accord","Pas du tout d'accord","Pas du tout d'accord","Plutôt d’accord","Plutôt d’accord","Pas du tout d'accord","Pas du tout d'accord","Tout à fait d’accord","Pas du tout d'accord","Pas du tout d'accord","Pas du tout d'accord","Plutôt d’accord","Plutôt d’accord","Plutôt d’accord","Tout à fait d’accord","C’est important, mais ce n’est pas toujours simple","Basés sur le goût;Basés sur le prix;Basés sur la qualité nutritionnelle","Soutenir les producteurs;Manger plus sainement;Faire un acte politique","Un idéal inaccessible;Une contrainte;Une mode passagère;Une démarche que j’admire sans suivre","Le prix;Le manque d’offre proche;Le manque d’information claire;Le manque de temps;Le manque d’habitude;Je ne sais pas où chercher","Aides financières (chèques alimentation, épiceries solidaires…);Plus d’événements ou d’animations sur l’alimentation locale;Plus de liens avec les producteurs (visites, témoignages…);Rien de tout cela / je ne souhaite pas changer"
"2025/05/28 11:27:02 AM UTC+3","Bretagne","Ni d’accord ni pas d’accord (neutre)","Tout à fait d’accord","Ni d’accord ni pas d’accord (neutre)","Plutôt d’accord","Ni d’accord ni pas d’accord (neutre)","Tout à fait d’accord","Plutôt d’accord","Plutôt d’accord","Plutôt pas d'accord","Ni d’accord ni pas d’accord (neutre)","Plutôt pas d'accord","Ni d’accord ni pas d’accord (neutre)","Plutôt pas d'accord","Plutôt d’accord","Ni d’accord ni pas d’accord (neutre)","Ni d’accord ni pas d’accord (neutre)","Ni d’accord ni pas d’accord (neutre)","Ni d’accord ni pas d’accord (neutre)","Plutôt d’accord","Plutôt d’accord","Ni d’accord ni pas d’accord (neutre)","Plutôt d’accord","Plutôt d’accord","Ni d’accord ni pas d’accord (neutre)","Tout à fait d’accord","Plutôt d’accord","Tout à fait d’accord","Ni d’accord ni pas d’accord (neutre)","Ni d’accord ni pas d’accord (neutre)","Plutôt d’accord","Ni d’accord ni pas d’accord (neutre)","Tout à fait d’accord","Plutôt pas d'accord","Plutôt pas d'accord","Ni d’accord ni pas d’accord (neutre)","Ni d’accord ni pas d’accord (neutre)","Plutôt d’accord","Plutôt pas d'accord","Ni d’accord ni pas d’accord (neutre)","Ni d’accord ni pas d’accord (neutre)","Tout à fait d’accord","Ni d’accord ni pas d’accord (neutre)","Ni d’accord ni pas d’accord (neutre)","Plutôt d’accord","Plutôt d’accord","Plutôt pas d'accord","Ni d’accord ni pas d’accord (neutre)","Plutôt d’accord","C’est important, mais ce n’est pas toujours simple","Basés sur le goût;Basés sur la proximité géographique","Manger plus sainement;Réduire les intermédiaires","Un effort","Le prix;Le manque d’habitude","Meilleure signalétique des produits locaux"
"2025/05/28 11:46:27 AM UTC+3","Bretagne","Plutôt pas d'accord","Plutôt pas d'accord","Plutôt d’accord","Plutôt d’accord","Plutôt pas d'accord","Plutôt d’accord","Plutôt pas d'accord","Plutôt pas d'accord","Pas du tout d'accord","Plutôt pas d'accord","Pas du tout d'accord","Pas du tout d'accord","Pas du tout d'accord","Pas du tout d'accord","Pas du tout d'accord","Pas du tout d'accord","Plutôt pas d'accord","Plutôt d’accord","Plutôt pas d'accord","Pas du tout d'accord","Plutôt pas d'accord","Plutôt d’accord","Plutôt d’accord","Pas du tout d'accord","Plutôt d’accord","Ni d’accord ni pas d’accord (neutre)","Pas du tout d'accord","Pas du tout d'accord","Pas du tout d'accord","Pas du tout d'accord","Plutôt d’accord","Plutôt d’accord","Plutôt d’accord","Plutôt pas d'accord","Plutôt d’accord","Ni d’accord ni pas d’accord (neutre)","Plutôt d’accord","Pas du tout d'accord","Pas du tout d'accord","Pas du tout d'accord","Plutôt d’accord","Pas du tout d'accord","Pas du tout d'accord","Plutôt d’accord","Plutôt pas d'accord","Plutôt pas d'accord","Pas du tout d'accord","Tout à fait d’accord","J’y suis sensible, mais je n’agis pas beaucoup","Basés sur le goût;Basés sur le prix;Basés sur la proximité géographique;Basés sur la qualité nutritionnelle;Basés sur l’impact environnemental;Basés sur la facilité d’accès","Soutenir les producteurs;Manger plus sainement;Limiter son empreinte écologique;S’ancrer dans un territoire;Réduire les intermédiaires;Faire un acte politique","Un effort;Une contrainte;Une démarche que j’admire sans suivre","Le prix;Le manque d’offre proche;Le manque d’information claire;Le manque de temps;Le manque d’habitude;Je ne sais pas où chercher","Meilleure signalétique des produits locaux;Plus d’événements ou d’animations sur l’alimentation locale;Plus d’offres en ligne / en livraison;Plus de liens avec les producteurs (visites, témoignages…)"
"2025/05/28 11:48:41 AM UTC+3","Occitanie","Tout à fait d’accord","Plutôt d’accord","Plutôt d’accord","Tout à fait d’accord","Tout à fait d’accord","Tout à fait d’accord","Tout à fait d’accord","Ni d’accord ni pas d’accord (neutre)","Pas du tout d'accord","Tout à fait d’accord","Pas du tout d'accord","Tout à fait d’accord","Pas du tout d'accord","Tout à fait d’accord","Plutôt d’accord","Plutôt pas d'accord","Plutôt d’accord","Tout à fait d’accord","Plutôt d’accord","Tout à fait d’accord","Plutôt d’accord","Tout à fait d’accord","Plutôt d’accord","Pas du tout d'accord","Tout à fait d’accord","Tout à fait d’accord","Tout à fait d’accord","Plutôt d’accord","Tout à fait d’accord","Ni d’accord ni pas d’accord (neutre)","Tout à fait d’accord","Tout à fait d’accord","Tout à fait d’accord","Plutôt pas d'accord","Plutôt d’accord","Tout à fait d’accord","Ni d’accord ni pas d’accord (neutre)","Pas du tout d'accord","Pas du tout d'accord","Pas du tout d'accord","Plutôt d’accord","Plutôt pas d'accord","Tout à fait d’accord","Ni d’accord ni pas d’accord (neutre)","Tout à fait d’accord","Tout à fait d’accord","Plutôt pas d'accord","Tout à fait d’accord","C’est important, mais ce n’est pas toujours simple","Basés sur le goût;Basés sur la proximité géographique;Basés sur l’impact environnemental","Soutenir les producteurs;Limiter son empreinte écologique;Faire un acte politique","Un réflexe;Un effort","Le manque d’information claire;Le manque de temps","Meilleure signalétique des produits locaux"
"2025/05/28 12:11:07 PM UTC+3","Auvergne-Rhône-Alpes","Plutôt pas d'accord","Plutôt d’accord","Pas du tout d'accord","Ni d’accord ni pas d’accord (neutre)","Plutôt pas d'accord","Plutôt d’accord","Tout à fait d’accord","Ni d’accord ni pas d’accord (neutre)","Pas du tout d'accord","Plutôt d’accord","Pas du tout d'accord","Plutôt pas d'accord","Ni d’accord ni pas d’accord (neutre)","Pas du tout d'accord","Pas du tout d'accord","Pas du tout d'accord","Plutôt d’accord","Plutôt d’accord","Plutôt d’accord","Plutôt d’accord","Plutôt pas d'accord","Ni d’accord ni pas d’accord (neutre)","Pas du tout d'accord","Pas du tout d'accord","Tout à fait d’accord","Tout à fait d’accord","Tout à fait d’accord","Tout à fait d’accord","Plutôt d’accord","Plutôt d’accord","Plutôt d’accord","Tout à fait d’accord","Ni d’accord ni pas d’accord (neutre)","Pas du tout d'accord","Ni d’accord ni pas d’accord (neutre)","Plutôt pas d'accord","Tout à fait d’accord","Pas du tout d'accord","Tout à fait d’accord","Pas du tout d'accord","Tout à fait d’accord","Pas du tout d'accord","Ni d’accord ni pas d’accord (neutre)","Pas du tout d'accord","Plutôt d’accord","Tout à fait d’accord","Tout à fait d’accord","Tout à fait d’accord","J’y suis sensible, mais je n’agis pas beaucoup","Basés sur le prix;Basés sur la proximité géographique;Basés sur la qualité nutritionnelle;Basés sur l’impact environnemental","Soutenir les producteurs;Limiter son empreinte écologique;S’ancrer dans un territoire;Faire un acte politique","Un effort;Une contrainte","Le manque de temps;Le manque d’habitude;Je ne sais pas où chercher","Meilleure signalétique des produits locaux;Aides financières (chèques alimentation, épiceries solidaires…);Plus d’événements ou d’animations sur l’alimentation locale;Plus de liens avec les producteurs (visites, témoignages…)"
"2025/05/28 12:42:19 PM UTC+3","Occitanie","Plutôt d’accord","Ni d’accord ni pas d’accord (neutre)","Tout à fait d’accord","Plutôt d’accord","Ni d’accord ni pas d’accord (neutre)","Tout à fait d’accord","Tout à fait d’accord","Tout à fait d’accord","Pas du tout d'accord","Plutôt d’accord","Pas du tout d'accord","Tout à fait d’accord","Pas du tout d'accord","Ni d’accord ni pas d’accord (neutre)","Tout à fait d’accord","Pas du tout d'accord","Tout à fait d’accord","Tout à fait d’accord","Tout à fait d’accord","Tout à fait d’accord","Tout à fait d’accord","Tout à fait d’accord","Tout à fait d’accord","Tout à fait d’accord","Tout à fait d’accord","Tout à fait d’accord","Tout à fait d’accord","Tout à fait d’accord","Tout à fait d’accord","Tout à fait d’accord","Tout à fait d’accord","Tout à fait d’accord","Plutôt d’accord","Tout à fait d’accord","Tout à fait d’accord","Tout à fait d’accord","Tout à fait d’accord","Tout à fait d’accord","Tout à fait d’accord","Tout à fait d’accord","Tout à fait d’accord","Tout à fait d’accord","Tout à fait d’accord","Ni d’accord ni pas d’accord (neutre)","Tout à fait d’accord","Plutôt d’accord","Tout à fait d’accord","Tout à fait d’accord","C’est central pour moi, je fais beaucoup d’efforts","Basés sur le prix;Basés sur la qualité nutritionnelle;Basés sur l’impact environnemental","Soutenir les producteurs;Limiter son empreinte écologique;S’ancrer dans un territoire","Un effort","Le prix;Le manque d’offre proche","Plus d’événements ou d’animations sur l’alimentation locale;Plus de liens avec les producteurs (visites, témoignages…)"
"2025/05/28 1:06:26 PM UTC+3","Occitanie","Plutôt d’accord","Plutôt pas d'accord","Ni d’accord ni pas d’accord (neutre)","Plutôt pas d'accord","Plutôt pas d'accord","Tout à fait d’accord","Tout à fait d’accord","Ni d’accord ni pas d’accord (neutre)","Pas du tout d'accord","Plutôt d’accord","Pas du tout d'accord","Pas du tout d'accord","Pas du tout d'accord","Plutôt pas d'accord","Pas du tout d'accord","Pas du tout d'accord","Plutôt d’accord","Ni d’accord ni pas d’accord (neutre)","Plutôt d’accord","Plutôt pas d'accord","Plutôt d’accord","Plutôt d’accord","Plutôt pas d'accord","Plutôt d’accord","Tout à fait d’accord","Plutôt d’accord","Tout à fait d’accord","Plutôt pas d'accord","Plutôt d’accord","Ni d’accord ni pas d’accord (neutre)","Ni d’accord ni pas d’accord (neutre)","Plutôt d’accord","Plutôt d’accord","Plutôt pas d'accord","Plutôt pas d'accord","Ni d’accord ni pas d’accord (neutre)","Plutôt d’accord","Pas du tout d'accord","Pas du tout d'accord","Pas du tout d'accord","Plutôt d’accord","Pas du tout d'accord","Plutôt d’accord","Plutôt pas d'accord","Plutôt d’accord","Ni d’accord ni pas d’accord (neutre)","Plutôt d’accord","Tout à fait d’accord","J’y suis sensible, mais je n’agis pas beaucoup","Basés sur le prix;Basés sur l’impact environnemental;Basés sur la facilité d’accès","Soutenir les producteurs;Limiter son empreinte écologique;Réduire les intermédiaires;Faire un acte politique","Un effort;Un idéal inaccessible;Une démarche que j’admire sans suivre","Le manque de temps;Le manque d’habitude","Meilleure signalétique des produits locaux;Plus d’événements ou d’animations sur l’alimentation locale;Plus de liens avec les producteurs (visites, témoignages…)"
"2025/05/28 2:32:00 PM UTC+3","Occitanie","Plutôt d’accord","Plutôt pas d'accord","Ni d’accord ni pas d’accord (neutre)","Pas du tout d'accord","Plutôt d’accord","Tout à fait d’accord","Tout à fait d’accord","Pas du tout d'accord","Plutôt d’accord","Plutôt d’accord","Plutôt pas d'accord","Tout à fait d’accord","Plutôt pas d'accord","Plutôt pas d'accord","Plutôt d’accord","Plutôt pas d'accord","Ni d’accord ni pas d’accord (neutre)","Plutôt d’accord","Tout à fait d’accord","Tout à fait d’accord","Plutôt d’accord","Plutôt d’accord","Tout à fait d’accord","Tout à fait d’accord","Tout à fait d’accord","Tout à fait d’accord","Tout à fait d’accord","Tout à fait d’accord","Tout à fait d’accord","Ni d’accord ni pas d’accord (neutre)","Ni d’accord ni pas d’accord (neutre)","Tout à fait d’accord","Ni d’accord ni pas d’accord (neutre)","Plutôt d’accord","Plutôt d’accord","Plutôt d’accord","Plutôt d’accord","Plutôt pas d'accord","Plutôt d’accord","Pas du tout d'accord","Tout à fait d’accord","Plutôt d’accord","Plutôt d’accord","Plutôt d’accord","Tout à fait d’accord","Tout à fait d’accord","Ni d’accord ni pas d’accord (neutre)","Tout à fait d’accord","C’est important, mais ce n’est pas toujours simple","Basés sur le prix;Basés sur la proximité géographique;Basés sur l’impact environnemental;Basés sur la facilité d’accès","Soutenir les producteurs;Manger plus sainement;Limiter son empreinte écologique;Faire un acte politique","Un réflexe;Un effort;Une contrainte","Le manque d’information claire;Le manque d’habitude","Meilleure signalétique des produits locaux"
"2025/05/28 3:45:24 PM UTC+3","Pays de la Loire","Plutôt d’accord","Plutôt d’accord","Ni d’accord ni pas d’accord (neutre)","Ni d’accord ni pas d’accord (neutre)","Plutôt d’accord","Ni d’accord ni pas d’accord (neutre)","Plutôt d’accord","Plutôt d’accord","Ni d’accord ni pas d’accord (neutre)","Ni d’accord ni pas d’accord (neutre)","Ni d’accord ni pas d’accord (neutre)","Plutôt d’accord","Plutôt d’accord","Plutôt d’accord","Ni d’accord ni pas d’accord (neutre)","Ni d’accord ni pas d’accord (neutre)","Ni d’accord ni pas d’accord (neutre)","Ni d’accord ni pas d’accord (neutre)","Ni d’accord ni pas d’accord (neutre)","Ni d’accord ni pas d’accord (neutre)","Ni d’accord ni pas d’accord (neutre)","Plutôt pas d'accord","Plutôt d’accord","Plutôt d’accord","Plutôt d’accord","Plutôt d’accord","Tout à fait d’accord","Ni d’accord ni pas d’accord (neutre)","Plutôt d’accord","Ni d’accord ni pas d’accord (neutre)","Ni d’accord ni pas d’accord (neutre)","Ni d’accord ni pas d’accord (neutre)","Plutôt pas d'accord","Ni d’accord ni pas d’accord (neutre)","Plutôt pas d'accord","Plutôt pas d'accord","Plutôt pas d'accord","Plutôt pas d'accord","Plutôt d’accord","Plutôt pas d'accord","Plutôt pas d'accord","Plutôt pas d'accord","Ni d’accord ni pas d’accord (neutre)","Ni d’accord ni pas d’accord (neutre)","Plutôt d’accord","Plutôt pas d'accord","Plutôt d’accord","Tout à fait d’accord","C’est important, mais ce n’est pas toujours simple","Basés sur le goût;Basés sur le prix;Basés sur la proximité géographique;Basés sur la qualité nutritionnelle;Basés sur la facilité d’accès","Manger plus sainement;Limiter son empreinte écologique;Réduire les intermédiaires","Un réflexe;Un effort","Le prix","Meilleure signalétique des produits locaux;Aides financières (chèques alimentation, épiceries solidaires…)"
"2025/05/28 4:20:03 PM UTC+3","Auvergne-Rhône-Alpes","Tout à fait d’accord","Tout à fait d’accord","Tout à fait d’accord","Tout à fait d’accord","Plutôt d’accord","Plutôt d’accord","Tout à fait d’accord","Plutôt d’accord","Ni d’accord ni pas d’accord (neutre)","Ni d’accord ni pas d’accord (neutre)","Pas du tout d'accord","Plutôt d’accord","Pas du tout d'accord","Tout à fait d’accord","Plutôt d’accord","Plutôt pas d'accord","Tout à fait d’accord","Tout à fait d’accord","Tout à fait d’accord","Tout à fait d’accord","Plutôt d’accord","Plutôt d’accord","Tout à fait d’accord","Pas du tout d'accord","Tout à fait d’accord","Tout à fait d’accord","Tout à fait d’accord","Pas du tout d'accord","Tout à fait d’accord","Tout à fait d’accord","Plutôt d’accord","Tout à fait d’accord","Ni d’accord ni pas d’accord (neutre)","Pas du tout d'accord","Pas du tout d'accord","Tout à fait d’accord","Tout à fait d’accord","Pas du tout d'accord","Pas du tout d'accord","Pas du tout d'accord","Tout à fait d’accord","Pas du tout d'accord","Tout à fait d’accord","Tout à fait d’accord","Tout à fait d’accord","Tout à fait d’accord","Tout à fait d’accord","Tout à fait d’accord","C’est central pour moi, je fais beaucoup d’efforts","Basés sur le prix;Basés sur l’impact environnemental","Soutenir les producteurs;Faire un acte politique","Un réflexe","Le prix","Aides financières (chèques alimentation, épiceries solidaires…)"
"2025/05/28 4:47:18 PM UTC+3","Bretagne","Tout à fait d’accord","Ni d’accord ni pas d’accord (neutre)","Tout à fait d’accord","Tout à fait d’accord","Plutôt d’accord","Plutôt d’accord","Tout à fait d’accord","Plutôt d’accord","Ni d’accord ni pas d’accord (neutre)","Ni d’accord ni pas d’accord (neutre)","Ni d’accord ni pas d’accord (neutre)","Plutôt d’accord","Ni d’accord ni pas d’accord (neutre)","Plutôt d’accord","Ni d’accord ni pas d’accord (neutre)","Ni d’accord ni pas d’accord (neutre)","Ni d’accord ni pas d’accord (neutre)","Plutôt d’accord","Ni d’accord ni pas d’accord (neutre)","Ni d’accord ni pas d’accord (neutre)","Ni d’accord ni pas d’accord (neutre)","Plutôt d’accord","Plutôt d’accord","Ni d’accord ni pas d’accord (neutre)","Tout à fait d’accord","Tout à fait d’accord","Tout à fait d’accord","Ni d’accord ni pas d’accord (neutre)","Plutôt d’accord","Plutôt d’accord","Ni d’accord ni pas d’accord (neutre)","Plutôt d’accord","Plutôt pas d'accord","Ni d’accord ni pas d’accord (neutre)","Ni d’accord ni pas d’accord (neutre)","Plutôt d’accord","Plutôt d’accord","Ni d’accord ni pas d’accord (neutre)","Ni d’accord ni pas d’accord (neutre)","Ni d’accord ni pas d’accord (neutre)","Ni d’accord ni pas d’accord (neutre)","Ni d’accord ni pas d’accord (neutre)","Plutôt d’accord","Ni d’accord ni pas d’accord (neutre)","Plutôt d’accord","Plutôt d’accord","Plutôt d’accord","Plutôt d’accord","C’est important, mais ce n’est pas toujours simple","Basés sur le prix;Basés sur la proximité géographique;Basés sur la qualité nutritionnelle;Basés sur l’impact environnemental","Soutenir les producteurs;Manger plus sainement;Limiter son empreinte écologique;Réduire les intermédiaires","Un effort","Le prix;Le manque d’information claire;Le manque d’habitude","Meilleure signalétique des produits locaux;Aides financières (chèques alimentation, épiceries solidaires…);Plus d’événements ou d’animations sur l’alimentation locale;Plus de liens avec les producteurs (visites, témoignages…)"
"2025/05/28 5:47:33 PM UTC+3","Île-de-France","Plutôt d’accord","Tout à fait d’accord","Tout à fait d’accord","Ni d’accord ni pas d’accord (neutre)","Ni d’accord ni pas d’accord (neutre)","Plutôt d’accord","Plutôt d’accord","Tout à fait d’accord","Ni d’accord ni pas d’accord (neutre)","Plutôt d’accord","Plutôt pas d'accord","Plutôt pas d'accord","Plutôt d’accord","Ni d’accord ni pas d’accord (neutre)","Plutôt d’accord","Plutôt d’accord","Plutôt pas d'accord","Ni d’accord ni pas d’accord (neutre)","Plutôt pas d'accord","Ni d’accord ni pas d’accord (neutre)","Ni d’accord ni pas d’accord (neutre)","Ni d’accord ni pas d’accord (neutre)","Plutôt pas d'accord","Plutôt pas d'accord","Plutôt d’accord","Plutôt d’accord","Plutôt d’accord","Ni d’accord ni pas d’accord (neutre)","Plutôt d’accord","Plutôt d’accord","Ni d’accord ni pas d’accord (neutre)","Ni d’accord ni pas d’accord (neutre)","Plutôt d’accord","Plutôt d’accord","Plutôt d’accord","Plutôt d’accord","Plutôt d’accord","Plutôt d’accord","Plutôt d’accord","Ni d’accord ni pas d’accord (neutre)","Plutôt pas d'accord","Plutôt pas d'accord","Ni d’accord ni pas d’accord (neutre)","Plutôt pas d'accord","Plutôt d’accord","Plutôt d’accord","Plutôt d’accord","Plutôt d’accord","C’est important, mais ce n’est pas toujours simple","Basés sur le goût;Basés sur le prix;Basés sur la proximité géographique","Soutenir les producteurs;Manger plus sainement;Limiter son empreinte écologique","Un effort","Le prix;Le manque d’offre proche","Meilleure signalétique des produits locaux;Plus d’offres en ligne / en livraison"
"2025/05/28 6:44:00 PM UTC+3","Auvergne-Rhône-Alpes","Ni d’accord ni pas d’accord (neutre)","Plutôt d’accord","Ni d’accord ni pas d’accord (neutre)","Plutôt d’accord","Ni d’accord ni pas d’accord (neutre)","Ni d’accord ni pas d’accord (neutre)","Ni d’accord ni pas d’accord (neutre)","Plutôt d’accord","Plutôt d’accord","Plutôt d’accord","Ni d’accord ni pas d’accord (neutre)","Plutôt d’accord","Plutôt d’accord","Plutôt d’accord","Ni d’accord ni pas d’accord (neutre)","Plutôt d’accord","Plutôt d’accord","Plutôt d’accord","Ni d’accord ni pas d’accord (neutre)","Ni d’accord ni pas d’accord (neutre)","Ni d’accord ni pas d’accord (neutre)","Plutôt d’accord","Plutôt d’accord","Ni d’accord ni pas d’accord (neutre)","Plutôt d’accord","Plutôt d’accord","Plutôt d’accord","Ni d’accord ni pas d’accord (neutre)","Ni d’accord ni pas d’accord (neutre)","Plutôt d’accord","Ni d’accord ni pas d’accord (neutre)","Plutôt d’accord","Plutôt d’accord","Ni d’accord ni pas d’accord (neutre)","Plutôt d’accord","Plutôt d’accord","Plutôt d’accord","Ni d’accord ni pas d’accord (neutre)","Plutôt pas d'accord","Plutôt pas d'accord","Ni d’accord ni pas d’accord (neutre)","Plutôt pas d'accord","Ni d’accord ni pas d’accord (neutre)","Plutôt d’accord","Ni d’accord ni pas d’accord (neutre)","Ni d’accord ni pas d’accord (neutre)","Ni d’accord ni pas d’accord (neutre)","Ni d’accord ni pas d’accord (neutre)","C’est important, mais ce n’est pas toujours simple","Basés sur le goût;Basés sur le prix;Basés sur la qualité nutritionnelle;Basés sur la facilité d’accès","Soutenir les producteurs;Manger plus sainement;Réduire les intermédiaires","Un réflexe","Aucun obstacle particulier","Plus de liens avec les producteurs (visites, témoignages…)"
"2025/05/28 8:19:38 PM UTC+3","Centre-Val de Loire","Plutôt d’accord","Plutôt d’accord","Plutôt d’accord","Plutôt d’accord","Plutôt d’accord","Plutôt d’accord","Plutôt d’accord","Plutôt d’accord","Plutôt d’accord","Plutôt d’accord","Pas du tout d'accord","Plutôt d’accord","Tout à fait d’accord","Tout à fait d’accord","Plutôt d’accord","Tout à fait d’accord","Plutôt d’accord","Plutôt d’accord","Ni d’accord ni pas d’accord (neutre)","Ni d’accord ni pas d’accord (neutre)","Plutôt d’accord","Plutôt d’accord","Plutôt d’accord","Pas du tout d'accord","Tout à fait d’accord","Tout à fait d’accord","Tout à fait d’accord","Plutôt d’accord","Plutôt d’accord","Plutôt d’accord","Plutôt d’accord","Plutôt d’accord","Plutôt d’accord","Ni d’accord ni pas d’accord (neutre)","Ni d’accord ni pas d’accord (neutre)","Plutôt d’accord","Plutôt d’accord","Plutôt d’accord","Pas du tout d'accord","Pas du tout d'accord","Pas du tout d'accord","Pas du tout d'accord","Plutôt d’accord","Pas du tout d'accord","Plutôt d’accord","Plutôt d’accord","Ni d’accord ni pas d’accord (neutre)","Plutôt d’accord","C’est important, mais ce n’est pas toujours simple","Basés sur le goût","Manger plus sainement","Un réflexe","Aucun obstacle particulier","Rien de tout cela / je ne souhaite pas changer"
"2025/05/28 10:05:31 PM UTC+3","Centre-Val de Loire","Plutôt pas d'accord","Plutôt pas d'accord","Plutôt pas d'accord","Ni d’accord ni pas d’accord (neutre)","Ni d’accord ni pas d’accord (neutre)","Plutôt pas d'accord","Plutôt d’accord","Plutôt d’accord","Plutôt d’accord","Plutôt d’accord","Pas du tout d'accord","Pas du tout d'accord","Plutôt d’accord","Plutôt pas d'accord","Plutôt pas d'accord","Plutôt pas d'accord","Plutôt pas d'accord","Plutôt pas d'accord","Plutôt pas d'accord","Pas du tout d'accord","Plutôt pas d'accord","Ni d’accord ni pas d’accord (neutre)","Ni d’accord ni pas d’accord (neutre)","Ni d’accord ni pas d’accord (neutre)","Plutôt d’accord","Plutôt d’accord","Plutôt d’accord","Tout à fait d’accord","Plutôt pas d'accord","Plutôt pas d'accord","Plutôt d’accord","Plutôt pas d'accord","Plutôt d’accord","Plutôt pas d'accord","Plutôt pas d'accord","Plutôt d’accord","Ni d’accord ni pas d’accord (neutre)","Plutôt pas d'accord","Pas du tout d'accord","Pas du tout d'accord","Ni d’accord ni pas d’accord (neutre)","Pas du tout d'accord","Ni d’accord ni pas d’accord (neutre)","Ni d’accord ni pas d’accord (neutre)","Plutôt d’accord","Plutôt pas d'accord","Ni d’accord ni pas d’accord (neutre)","Ni d’accord ni pas d’accord (neutre)","J’y suis sensible, mais je n’agis pas beaucoup","Basés sur la proximité géographique;Basés sur la facilité d’accès","Soutenir les producteurs;S’ancrer dans un territoire","Un effort","Le manque d’information claire;Le manque d’habitude;Je ne sais pas où chercher","Meilleure signalétique des produits locaux;Plus d’événements ou d’animations sur l’alimentation locale"
"2025/05/28 10:40:50 PM UTC+3","Normandie","Tout à fait d’accord","Plutôt pas d'accord","Plutôt d’accord","Tout à fait d’accord","Ni d’accord ni pas d’accord (neutre)","Plutôt d’accord","Tout à fait d’accord","Plutôt d’accord","Plutôt pas d'accord","Plutôt d’accord","Pas du tout d'accord","Pas du tout d'accord","Pas du tout d'accord","Pas du tout d'accord","Pas du tout d'accord","Plutôt d’accord","Tout à fait d’accord","Plutôt d’accord","Plutôt d’accord","Plutôt pas d'accord","Tout à fait d’accord","Tout à fait d’accord","Plutôt pas d'accord","Plutôt pas d'accord","Tout à fait d’accord","Tout à fait d’accord","Tout à fait d’accord","Ni d’accord ni pas d’accord (neutre)","Tout à fait d’accord","Tout à fait d’accord","Tout à fait d’accord","Tout à fait d’accord","Plutôt pas d'accord","Plutôt d’accord","Plutôt d’accord","Plutôt pas d'accord","Tout à fait d’accord","Pas du tout d'accord","Pas du tout d'accord","Pas du tout d'accord","Pas du tout d'accord","Pas du tout d'accord","Plutôt d’accord","Ni d’accord ni pas d’accord (neutre)","Tout à fait d’accord","Tout à fait d’accord","Tout à fait d’accord","Tout à fait d’accord","C’est important, mais ce n’est pas toujours simple","Basés sur le goût;Basés sur le prix;Basés sur la qualité nutritionnelle;Basés sur l’impact environnemental","Soutenir les producteurs;Manger plus sainement;Limiter son empreinte écologique","Un effort;Un idéal inaccessible","Le prix;Le manque de temps;Le manque d’habitude","Meilleure signalétique des produits locaux;Aides financières (chèques alimentation, épiceries solidaires…);Plus d’événements ou d’animations sur l’alimentation locale"
"2025/05/29 12:38:46 AM UTC+3","Bretagne","Tout à fait d’accord","Tout à fait d’accord","Tout à fait d’accord","Tout à fait d’accord","Plutôt d’accord","Tout à fait d’accord","Plutôt d’accord","Tout à fait d’accord","Ni d’accord ni pas d’accord (neutre)","Plutôt d’accord","Plutôt pas d'accord","Ni d’accord ni pas d’accord (neutre)","Tout à fait d’accord","Ni d’accord ni pas d’accord (neutre)","Plutôt d’accord","Tout à fait d’accord","Plutôt d’accord","Plutôt d’accord","Plutôt d’accord","Ni d’accord ni pas d’accord (neutre)","Plutôt d’accord","Plutôt d’accord","Plutôt d’accord","Plutôt d’accord","Tout à fait d’accord","Plutôt d’accord","Plutôt d’accord","Ni d’accord ni pas d’accord (neutre)","Plutôt d’accord","Ni d’accord ni pas d’accord (neutre)","Plutôt d’accord","Plutôt d’accord","Plutôt d’accord","Plutôt d’accord","Plutôt d’accord","Plutôt d’accord","Plutôt pas d'accord","Plutôt d’accord","Plutôt pas d'accord","Plutôt d’accord","Plutôt d’accord","Plutôt pas d'accord","Plutôt d’accord","Plutôt d’accord","Plutôt d’accord","Plutôt d’accord","Plutôt d’accord","Tout à fait d’accord","C’est important, mais ce n’est pas toujours simple","Basés sur le goût;Basés sur la proximité géographique;Basés sur la qualité nutritionnelle;Basés sur l’impact environnemental;Basés sur la facilité d’accès","Soutenir les producteurs;Manger plus sainement;Limiter son empreinte écologique;S’ancrer dans un territoire","Un réflexe","Le manque d’offre proche;Le manque de temps","Plus d’offres en ligne / en livraison"
"2025/05/29 11:01:12 AM UTC+3","Bretagne","Plutôt d’accord","Plutôt pas d'accord","Ni d’accord ni pas d’accord (neutre)","Pas du tout d'accord","Plutôt pas d'accord","Plutôt d’accord","Tout à fait d’accord","Ni d’accord ni pas d’accord (neutre)","Plutôt pas d'accord","Plutôt pas d'accord","Plutôt pas d'accord","Pas du tout d'accord","Pas du tout d'accord","Ni d’accord ni pas d’accord (neutre)","Pas du tout d'accord","Pas du tout d'accord","Pas du tout d'accord","Ni d’accord ni pas d’accord (neutre)","Plutôt pas d'accord","Pas du tout d'accord","Pas du tout d'accord","Plutôt d’accord","Pas du tout d'accord","Pas du tout d'accord","Plutôt d’accord","Plutôt d’accord","Plutôt d’accord","Tout à fait d’accord","Ni d’accord ni pas d’accord (neutre)","Plutôt d’accord","Plutôt d’accord","Plutôt d’accord","Tout à fait d’accord","Plutôt pas d'accord","Plutôt pas d'accord","Plutôt pas d'accord","Plutôt pas d'accord","Ni d’accord ni pas d’accord (neutre)","Plutôt pas d'accord","Plutôt pas d'accord","Ni d’accord ni pas d’accord (neutre)","Plutôt pas d'accord","Plutôt pas d'accord","Plutôt pas d'accord","Plutôt d’accord","Plutôt pas d'accord","Plutôt pas d'accord","Plutôt pas d'accord","Je m’y intéresse peu ou pas","Basés sur la qualité nutritionnelle;Basés sur l’impact environnemental;Basés sur la facilité d’accès","S’ancrer dans un territoire;Réduire les intermédiaires;Faire un acte politique;Aucun de ces éléments ne me motive","Un effort;Une contrainte;Une démarche que j’admire sans suivre","Le manque d’offre proche;Le manque d’information claire;Le manque de temps;Le manque d’habitude;Je ne sais pas où chercher","Meilleure signalétique des produits locaux"
"2025/05/29 12:07:44 PM UTC+3","Hauts-de-France","Tout à fait d’accord","Plutôt d’accord","Plutôt d’accord","Plutôt d’accord","Tout à fait d’accord","Tout à fait d’accord","Plutôt d’accord","Plutôt d’accord","Plutôt pas d'accord","Plutôt d’accord","Pas du tout d'accord","Plutôt d’accord","Plutôt pas d'accord","Plutôt d’accord","Ni d’accord ni pas d’accord (neutre)","Ni d’accord ni pas d’accord (neutre)","Plutôt pas d'accord","Plutôt d’accord","Plutôt d’accord","Pas du tout d'accord","Plutôt d’accord","Tout à fait d’accord","Plutôt pas d'accord","Tout à fait d’accord","Plutôt d’accord","Plutôt d’accord","Tout à fait d’accord","Plutôt d’accord","Tout à fait d’accord","Tout à fait d’accord","Tout à fait d’accord","Plutôt d’accord","Tout à fait d’accord","Plutôt pas d'accord","Pas du tout d'accord","Plutôt d’accord","Plutôt d’accord","Pas du tout d'accord","Tout à fait d’accord","Tout à fait d’accord","Tout à fait d’accord","Plutôt pas d'accord","Tout à fait d’accord","Pas du tout d'accord","Tout à fait d’accord","Ni d’accord ni pas d’accord (neutre)","Tout à fait d’accord","Tout à fait d’accord","C’est important, mais ce n’est pas toujours simple","Basés sur le goût;Basés sur le prix;Basés sur l’impact environnemental;Basés sur la facilité d’accès","Soutenir les producteurs;Manger plus sainement;Limiter son empreinte écologique","Un réflexe","Le prix;Le manque d’offre proche","Meilleure signalétique des produits locaux;Aides financières (chèques alimentation, épiceries solidaires…);Plus d’offres en ligne / en livraison"
"2025/05/29 4:05:22 PM UTC+3","Centre-Val de Loire","Plutôt d’accord","Pas du tout d'accord","Ni d’accord ni pas d’accord (neutre)","Plutôt pas d'accord","Ni d’accord ni pas d’accord (neutre)","Ni d’accord ni pas d’accord (neutre)","Ni d’accord ni pas d’accord (neutre)","Plutôt d’accord","Pas du tout d'accord","Ni d’accord ni pas d’accord (neutre)","Pas du tout d'accord","Pas du tout d'accord","Ni d’accord ni pas d’accord (neutre)","Plutôt pas d'accord","Ni d’accord ni pas d’accord (neutre)","Pas du tout d'accord","Pas du tout d'accord","Plutôt d’accord","Plutôt pas d'accord","Pas du tout d'accord","Pas du tout d'accord","Tout à fait d’accord","Plutôt d’accord","Pas du tout d'accord","Plutôt d’accord","Plutôt d’accord","Plutôt d’accord","Plutôt d’accord","Plutôt d’accord","Ni d’accord ni pas d’accord (neutre)","Tout à fait d’accord","Ni d’accord ni pas d’accord (neutre)","Tout à fait d’accord","Plutôt d’accord","Pas du tout d'accord","Plutôt d’accord","Ni d’accord ni pas d’accord (neutre)","Pas du tout d'accord","Pas du tout d'accord","Pas du tout d'accord","Pas du tout d'accord","Pas du tout d'accord","Plutôt d’accord","Pas du tout d'accord","Plutôt d’accord","Plutôt d’accord","Plutôt d’accord","Plutôt d’accord","J’y suis sensible, mais je n’agis pas beaucoup","Basés sur le goût;Basés sur la proximité géographique;Basés sur l’impact environnemental","Manger plus sainement;Limiter son empreinte écologique;S’ancrer dans un territoire","Un réflexe","Le manque d’offre proche","Meilleure signalétique des produits locaux"
"2025/05/29 7:48:22 PM UTC+3","Île-de-France","Plutôt d’accord","Plutôt d’accord","Plutôt d’accord","Plutôt d’accord","Plutôt pas d'accord","Plutôt d’accord","Plutôt d’accord","Plutôt pas d'accord","Plutôt pas d'accord","Plutôt d’accord","Pas du tout d'accord","Plutôt d’accord","Plutôt d’accord","Tout à fait d’accord","Ni d’accord ni pas d’accord (neutre)","Tout à fait d’accord","Plutôt pas d'accord","Plutôt pas d'accord","Plutôt pas d'accord","Plutôt pas d'accord","Plutôt pas d'accord","Plutôt d’accord","Plutôt d’accord","Plutôt pas d'accord","Plutôt d’accord","Plutôt d’accord","Plutôt d’accord","Plutôt pas d'accord","Plutôt d’accord","Plutôt d’accord","Plutôt pas d'accord","Plutôt d’accord","Plutôt d’accord","Plutôt pas d'accord","Plutôt pas d'accord","Plutôt pas d'accord","Plutôt d’accord","Plutôt pas d'accord","Plutôt pas d'accord","Plutôt pas d'accord","Plutôt pas d'accord","Plutôt pas d'accord","Plutôt d’accord","Plutôt pas d'accord","Plutôt d’accord","Plutôt pas d'accord","Plutôt pas d'accord","Plutôt d’accord","J’y suis sensible, mais je n’agis pas beaucoup","Basés sur le goût;Basés sur le prix;Basés sur l’impact environnemental","Soutenir les producteurs;Limiter son empreinte écologique","Une démarche que j’admire sans suivre","Le manque d’offre proche;Je ne sais pas où chercher","Meilleure signalétique des produits locaux;Plus de liens avec les producteurs (visites, témoignages…)"
"2025/05/29 8:44:16 PM UTC+3","Centre-Val de Loire","Plutôt d’accord","Plutôt d’accord","Tout à fait d’accord","Plutôt pas d'accord","Tout à fait d’accord","Plutôt d’accord","Plutôt d’accord","Plutôt d’accord","Ni d’accord ni pas d’accord (neutre)","Tout à fait d’accord","Plutôt pas d'accord","Tout à fait d’accord","Tout à fait d’accord","Plutôt d’accord","Ni d’accord ni pas d’accord (neutre)","Tout à fait d’accord","Tout à fait d’accord","Plutôt d’accord","Ni d’accord ni pas d’accord (neutre)","Ni d’accord ni pas d’accord (neutre)","Plutôt d’accord","Plutôt d’accord","Ni d’accord ni pas d’accord (neutre)","Plutôt pas d'accord","Tout à fait d’accord","Plutôt d’accord","Plutôt d’accord","Ni d’accord ni pas d’accord (neutre)","Ni d’accord ni pas d’accord (neutre)","Tout à fait d’accord","Ni d’accord ni pas d’accord (neutre)","Ni d’accord ni pas d’accord (neutre)","Plutôt d’accord","Ni d’accord ni pas d’accord (neutre)","Plutôt d’accord","Plutôt d’accord","Plutôt d’accord","Plutôt pas d'accord","Ni d’accord ni pas d’accord (neutre)","Plutôt d’accord","Ni d’accord ni pas d’accord (neutre)","Ni d’accord ni pas d’accord (neutre)","Tout à fait d’accord","Ni d’accord ni pas d’accord (neutre)","Plutôt d’accord","Ni d’accord ni pas d’accord (neutre)","Plutôt d’accord","Plutôt d’accord","J’y suis sensible, mais je n’agis pas beaucoup","Basés sur la qualité nutritionnelle","Soutenir les producteurs;Manger plus sainement;Réduire les intermédiaires;Faire un acte politique","Un effort","Le prix;Le manque d’information claire","Meilleure signalétique des produits locaux"
"2025/05/29 11:20:24 PM UTC+3","Centre-Val de Loire","Plutôt d’accord","Ni d’accord ni pas d’accord (neutre)","Ni d’accord ni pas d’accord (neutre)","Plutôt d’accord","Tout à fait d’accord","Plutôt d’accord","Tout à fait d’accord","Tout à fait d’accord","Plutôt pas d'accord","Ni d’accord ni pas d’accord (neutre)","Pas du tout d'accord","Plutôt d’accord","Ni d’accord ni pas d’accord (neutre)","Tout à fait d’accord","Ni d’accord ni pas d’accord (neutre)","Ni d’accord ni pas d’accord (neutre)","Ni d’accord ni pas d’accord (neutre)","Plutôt d’accord","Pas du tout d'accord","Pas du tout d'accord","Plutôt d’accord","Ni d’accord ni pas d’accord (neutre)","Ni d’accord ni pas d’accord (neutre)","Plutôt d’accord","Tout à fait d’accord","Tout à fait d’accord","Tout à fait d’accord","Ni d’accord ni pas d’accord (neutre)","Tout à fait d’accord","Tout à fait d’accord","Tout à fait d’accord","Tout à fait d’accord","Plutôt d’accord","Ni d’accord ni pas d’accord (neutre)","Ni d’accord ni pas d’accord (neutre)","Tout à fait d’accord","Tout à fait d’accord","Pas du tout d'accord","Pas du tout d'accord","Pas du tout d'accord","Pas du tout d'accord","Pas du tout d'accord","Ni d’accord ni pas d’accord (neutre)","Ni d’accord ni pas d’accord (neutre)","Tout à fait d’accord","Plutôt d’accord","Ni d’accord ni pas d’accord (neutre)","Tout à fait d’accord","J’y suis sensible, mais je n’agis pas beaucoup","Basés sur le goût;Basés sur le prix;Basés sur la proximité géographique;Basés sur la qualité nutritionnelle;Basés sur l’impact environnemental;Basés sur la facilité d’accès","Soutenir les producteurs;Limiter son empreinte écologique","Un effort","Le prix;Le manque d’offre proche","Plus d’événements ou d’animations sur l’alimentation locale"
"2025/05/30 4:45:03 PM UTC+3","Provence-Alpes-Côte d’Azur","Tout à fait d’accord","Tout à fait d’accord","Plutôt d’accord","Plutôt d’accord","Tout à fait d’accord","Tout à fait d’accord","Ni d’accord ni pas d’accord (neutre)","Plutôt d’accord","Plutôt d’accord","Plutôt d’accord","Pas du tout d'accord","Ni d’accord ni pas d’accord (neutre)","Ni d’accord ni pas d’accord (neutre)","Plutôt d’accord","Ni d’accord ni pas d’accord (neutre)","Ni d’accord ni pas d’accord (neutre)","Plutôt d’accord","Plutôt d’accord","Plutôt d’accord","Plutôt pas d'accord","Plutôt d’accord","Plutôt d’accord","Plutôt d’accord","Plutôt pas d'accord","Plutôt d’accord","Plutôt d’accord","Ni d’accord ni pas d’accord (neutre)","Plutôt pas d'accord","Plutôt d’accord","Plutôt d’accord","Plutôt d’accord","Plutôt d’accord","Plutôt pas d'accord","Ni d’accord ni pas d’accord (neutre)","Plutôt d’accord","Plutôt d’accord","Plutôt d’accord","Plutôt pas d'accord","Plutôt pas d'accord","Plutôt pas d'accord","Plutôt d’accord","Pas du tout d'accord","Plutôt d’accord","Plutôt d’accord","Tout à fait d’accord","Tout à fait d’accord","Tout à fait d’accord","Tout à fait d’accord","C’est important, mais ce n’est pas toujours simple","Basés sur le goût;Basés sur le prix;Basés sur la proximité géographique;Basés sur la qualité nutritionnelle;Basés sur l’impact environnemental","Soutenir les producteurs;Manger plus sainement;Limiter son empreinte écologique","Un effort","Le prix;Le manque d’offre proche;Le manque d’information claire","Meilleure signalétique des produits locaux;Aides financières (chèques alimentation, épiceries solidaires…);Plus d’événements ou d’animations sur l’alimentation locale;Plus d’offres en ligne / en livraison"
"2025/05/30 10:20:23 PM UTC+3","Auvergne-Rhône-Alpes","Plutôt d’accord","Plutôt d’accord","Ni d’accord ni pas d’accord (neutre)","Ni d’accord ni pas d’accord (neutre)","Plutôt d’accord","Plutôt d’accord","Plutôt d’accord","Plutôt d’accord","Ni d’accord ni pas d’accord (neutre)","Tout à fait d’accord","Plutôt pas d'accord","Tout à fait d’accord","Tout à fait d’accord","Plutôt d’accord","Plutôt d’accord","Plutôt d’accord","Ni d’accord ni pas d’accord (neutre)","Plutôt d’accord","Plutôt d’accord","Ni d’accord ni pas d’accord (neutre)","Plutôt d’accord","Plutôt d’accord","Plutôt d’accord","Plutôt pas d'accord","Plutôt d’accord","Tout à fait d’accord","Tout à fait d’accord","Tout à fait d’accord","Tout à fait d’accord","Plutôt d’accord","Ni d’accord ni pas d’accord (neutre)","Ni d’accord ni pas d’accord (neutre)","Plutôt d’accord","Plutôt d’accord","Ni d’accord ni pas d’accord (neutre)","Tout à fait d’accord","Tout à fait d’accord","Plutôt pas d'accord","Pas du tout d'accord","Ni d’accord ni pas d’accord (neutre)","Plutôt d’accord","Pas du tout d'accord","Tout à fait d’accord","Plutôt d’accord","Tout à fait d’accord","Tout à fait d’accord","Tout à fait d’accord","Tout à fait d’accord","C’est important, mais ce n’est pas toujours simple","Basés sur le goût;Basés sur le prix;Basés sur la proximité géographique;Basés sur l’impact environnemental;Basés sur la facilité d’accès","Limiter son empreinte écologique;S’ancrer dans un territoire;Faire un acte politique","Un réflexe","Aucun obstacle particulier","Rien de tout cela / je ne souhaite pas changer"
"2025/06/01 12:56:54 PM UTC+3","Hauts-de-France","Plutôt d’accord","Plutôt d’accord","Plutôt d’accord","Plutôt d’accord","Plutôt d’accord","Plutôt d’accord","Tout à fait d’accord","Plutôt d’accord","Tout à fait d’accord","Tout à fait d’accord","Plutôt pas d'accord","Plutôt d’accord","Plutôt pas d'accord","Plutôt d’accord","Plutôt d’accord","Plutôt pas d'accord","Plutôt pas d'accord","Ni d’accord ni pas d’accord (neutre)","Plutôt pas d'accord","Plutôt pas d'accord","Plutôt pas d'accord","Plutôt d’accord","Plutôt d’accord","Pas du tout d'accord","Plutôt d’accord","Plutôt d’accord","Tout à fait d’accord","Plutôt pas d'accord","Plutôt pas d'accord","Plutôt pas d'accord","Plutôt pas d'accord","Plutôt d’accord","Plutôt d’accord","Plutôt d’accord","Plutôt pas d'accord","Plutôt d’accord","Plutôt pas d'accord","Pas du tout d'accord","Pas du tout d'accord","Pas du tout d'accord","Pas du tout d'accord","Pas du tout d'accord","Plutôt d’accord","Plutôt pas d'accord","Plutôt d’accord","Plutôt pas d'accord","Plutôt d’accord","Plutôt d’accord","C’est important, mais ce n’est pas toujours simple","Basés sur la proximité géographique;Basés sur la qualité nutritionnelle;Basés sur la facilité d’accès","Soutenir les producteurs;Manger plus sainement;Réduire les intermédiaires","Un effort","Le manque d’offre proche","Meilleure signalétique des produits locaux;Plus de liens avec les producteurs (visites, témoignages…)"
"2025/06/02 9:45:28 AM UTC+3","Hauts-de-France","Plutôt d’accord","Ni d’accord ni pas d’accord (neutre)","Tout à fait d’accord","Plutôt d’accord","Plutôt d’accord","Tout à fait d’accord","Plutôt d’accord","Plutôt d’accord","Plutôt pas d'accord","Plutôt d’accord","Plutôt pas d'accord","Plutôt d’accord","Tout à fait d’accord","Plutôt d’accord","Ni d’accord ni pas d’accord (neutre)","Tout à fait d’accord","Tout à fait d’accord","Plutôt d’accord","Plutôt pas d'accord","Plutôt pas d'accord","Ni d’accord ni pas d’accord (neutre)","Plutôt d’accord","Plutôt d’accord","Plutôt pas d'accord","Tout à fait d’accord","Plutôt d’accord","Plutôt d’accord","Ni d’accord ni pas d’accord (neutre)","Ni d’accord ni pas d’accord (neutre)","Tout à fait d’accord","Ni d’accord ni pas d’accord (neutre)","Ni d’accord ni pas d’accord (neutre)","Plutôt pas d'accord","Plutôt pas d'accord","Plutôt d’accord","Tout à fait d’accord","Plutôt d’accord","Plutôt pas d'accord","Pas du tout d'accord","Ni d’accord ni pas d’accord (neutre)","Plutôt d’accord","Pas du tout d'accord","Tout à fait d’accord","Ni d’accord ni pas d’accord (neutre)","Tout à fait d’accord","Plutôt d’accord","Plutôt d’accord","Plutôt d’accord","C’est important, mais ce n’est pas toujours simple","Basés sur le goût;Basés sur le prix;Basés sur la proximité géographique;Basés sur la qualité nutritionnelle","Manger plus sainement;Limiter son empreinte écologique;Réduire les intermédiaires","Un effort","Le prix;Le manque d’offre proche","Meilleure signalétique des produits locaux;Aides financières (chèques alimentation, épiceries solidaires…);Plus de liens avec les producteurs (visites, témoignages…)"